id,text,label
PAT2618,"Patient: Amit Khan, DOB: 1974-10-20, MRN: MRN2486053 	 wound spot on skin with BacterialCellulitis and purulent exudate; fever noted; denies itching 	 skin spot on leg with BacterialCellulitis; warm, swollen, purulent drainage; denies bleeding mole 	 reviewed lab results; hemoglobin and renal function within normal limits",infectious
PAT2740,Name: Aisha Nguyen | Email: zcndjn@hospital.org | Phone: +91-9340245276 infected skin spot with swelling and pus drainage; on Amoxici11in; denies eczema wound spot on skin with BacterialCellulitis and purulent exudate; fever noted; denies itching reviewed lab results; hemoglobin and renal function within normal limits,infectious
PAT1232,"Patient: Amit Chen, DOB: 1973-08-01, MRN: MRN6120318 	 routine check of skin spot; uniform brown color, circular border; no itching, no discharge, no redness 	 patient noticed a skin spot on arm; no itching, no bleeding, no pain, not growing, denies fever 	 patient advised on proper hydration and daily sunscreen application",benign
PAT1189,"Referred by Dr. Aisha Lee; patient ID MRN2551937 benign skin spot on trunk; no ulceration, no bleeding, no itching, no discharge common skin mole; no redness, no pus, not tender, no changes in appearance patient advised on proper hydration and daily sunscreen application",benign
PAT1397,"Referred by Dr. Amit Chen; patient ID MRN0626725 
 routine check of skin spot; uniform brown color, circular border; no itching, no discharge, no redness 
 small flesh-colored skin spot; no itching, no bleeding, not painful, completely asymptomatic 👍 
 patient noticed a skin spot on arm; no itching, no bleeding, no pain, not growing, denies fever 
 follow-up telemedicine consultation scheduled for next month http://telehealth.example.com",benign
PAT2716,"Patient: Priya Smith, DOB: 1999-12-07, MRN: MRN4288553 
 patient noticed a painful red spot on skin; pus discharge noted <br/> temp 1O1F; denies itching 
 painful infected skin spot; yellow pus drainage, temp 1O1F, started on Amoxici11in 500mg; no flaking 
 red skin spot with localized swelling and pus discharge; elevated temperature; no chronic rash 
 reviewed lab results; hemoglobin and renal function within normal limits",infectious
PAT2659,"Referred by Dr. Priya Garcia; patient ID MRN7157665 
 infected skin spot with swelling and pus drainage; on Amoxici11in; denies eczema 
 skin spot on leg with BacterialCellulitis; warm, swollen, purulent drainage; denies bleeding mole 
 follow-up telemedicine consultation scheduled for next month http://telehealth.example.com",infectious
PAT1971,"Referred by Dr. Meera Patel; patient ID MRN0654648 pigmented skin spot; not healing, changing shape; denies rash, denies fever; suspicious of MalignantMelanoma patient noticed a dark spot on skin; BleedingLesion and rapid growth; not painful, denies itching reviewed lab results; hemoglobin and renal function within normal limits",malignant
PAT2059,"Referred by Dr. Elena Chen; patient ID MRN2904631

red skin rash with SevereItching; denies bleeding, no purulent drainage, not infected

skin rash on elbows and forearm; SevereItching and scaling redness; no pus, no fever

blood pressure 120/80; heart rate regular; patient ambulatory",inflammatory
PAT1178,"Patient: Aisha Sharma, DOB: 1986-02-11, MRN: MRN3108257

routine check of skin spot; uniform brown color, circular border; no itching, no discharge, no redness

patient noticed a skin spot on arm; no itching, no bleeding, no pain, not growing, denies fever

benign skin spot on trunk; no ulceration, no bleeding, no itching, no discharge

follow-up telemedicine consultation scheduled for next month http://telehealth.example.com",benign
PAT2319,"Patient: Priya Smith, DOB: 1961-07-26, MRN: MRN3034768

red skin rash with SevereItching; denies bleeding, no purulent drainage, not infected

red itchy skin spot; intense burning sensation and SevereItching; no bleeding, not oozing

flaking red skin spot; SevereItching at night; no fever, denies wound breakdown

patient denies drug allergies; previous medical history non-contributory",inflammatory
PAT2004,"Patient: Amit Nguyen, DOB: 1953-06-10, MRN: MRN0327021 	 patient noticed a red spot on skin; SevereItching with flaking scales; no infection, no fever 	 pruritic red skin rash; SevereItching not responding to lotion; denies pus discharge 	 flaking red skin spot; SevereItching at night; no fever, denies wound breakdown 	 vital signs stable at intake; alert and oriented x3",inflammatory
PAT1616,"Patient: Meera Garcia, DOB: 2001-06-03, MRN: MRN7540612

patient noticed a dark spot on skin; BleedingLesion and rapid growth; not painful, denies itching

pigmented skin spot; not healing, changing shape; denies rash, denies fever; suspicious of MalignantMelanoma

blood pressure 120/80; heart rate regular; patient ambulatory",malignant
PAT1761,"Name: Carlos Patel | Email: wfungy@hospital.org | Phone: +91-6946393411 
 dark skin mole on shoulder; BleedingLesion after shower; no itching, no discharge, not tender 
 patient noticed a dark spot on skin; BleedingLesion and rapid growth; not painful, denies itching 
 skin spot on back; |rregular bord3rs and uneven dark color variegation; no fever, no pus 
 patient denies drug allergies; previous medical history non-contributory",malignant
PAT2983,"Referred by Dr. Sarah Nguyen; patient ID MRN2485677 
 skin spot on leg with BacterialCellulitis; warm, swollen, purulent drainage; denies bleeding mole 
 infected skin spot with swelling and pus drainage; on Amoxici11in; denies eczema 
 patient advised on proper hydration and daily sunscreen application",infectious
PAT2851,"Name: Elena Nguyen | Email: gfmqmo@hospital.org | Phone: +91-1176220955

skin spot on leg with BacterialCellulitis; warm, swollen, purulent drainage; denies bleeding mole

infected skin spot with swelling and pus drainage; on Amoxici11in; denies eczema

painful infected skin spot; yellow pus drainage, temp 1O1F, started on Amoxici11in 500mg; no flaking

patient denies drug allergies; previous medical history non-contributory",infectious
PAT2717,"Referred by Dr. Meera Patel; patient ID MRN9910343

infected skin spot with swelling and pus drainage; on Amoxici11in; denies eczema

red skin spot with localized swelling and pus discharge; elevated temperature; no chronic rash

skin spot on leg with BacterialCellulitis; warm, swollen, purulent drainage; denies bleeding mole

reviewed lab results; hemoglobin and renal function within normal limits",infectious
PAT2624,"Name: Sarah Patel | Email: mrttfx@hospital.org | Phone: +91-6105316827 	 infected skin spot with swelling and pus drainage; on Amoxici11in; denies eczema 	 skin spot on leg with BacterialCellulitis; warm, swollen, purulent drainage; denies bleeding mole 	 patient denies drug allergies; previous medical history non-contributory",infectious
PAT2290,"Referred by Dr. Carlos Khan; patient ID MRN7617091

flaking red skin spot; SevereItching at night; no fever, denies wound breakdown

red itchy skin spot; intense burning sensation and SevereItching; no bleeding, not oozing

blood pressure 120/80; heart rate regular; patient ambulatory",inflammatory
PAT1062,"Name: Sarah Nguyen | Email: crtbla@hospital.org | Phone: +91-7671973855 	 patient noticed a skin spot on arm; no itching, no bleeding, no pain, not growing, denies fever 	 stable skin mole present for years; no pain, no bleeding, not enlarged; denies fever, no pus 	 small flesh-colored skin spot; no itching, no bleeding, not painful, completely asymptomatic 👍 	 blood pressure 120/80; heart rate regular; patient ambulatory",benign
PAT1485,"Referred by Dr. Elena Smith; patient ID MRN8445253 small flesh-colored skin spot; no itching, no bleeding, not painful, completely asymptomatic 👍 patient noticed a skin spot on arm; no itching, no bleeding, no pain, not growing, denies fever patient denies drug allergies; previous medical history non-contributory",benign
PAT1144,"Referred by Dr. Amit Sharma; patient ID MRN5763236

common skin mole; no redness, no pus, not tender, no changes in appearance

stable skin mole present for years; no pain, no bleeding, not enlarged; denies fever, no pus

small flesh-colored skin spot; no itching, no bleeding, not painful, completely asymptomatic 👍

follow-up telemedicine consultation scheduled for next month http://telehealth.example.com",benign
PAT1970,"Referred by Dr. Elena Smith; patient ID MRN2480058 skin spot on back; |rregular bord3rs and uneven dark color variegation; no fever, no pus new dark spot on forearm; |rregular bord3rs; no purulent drainage, not painful pigmented skin spot; not healing, changing shape; denies rash, denies fever; suspicious of MalignantMelanoma patient denies drug allergies; previous medical history non-contributory",malignant
PAT1029,"Name: Elena Lee | Email: zdeyzn@hospital.org | Phone: +91-2183638968 benign skin spot on trunk; no ulceration, no bleeding, no itching, no discharge stable skin mole present for years; no pain, no bleeding, not enlarged; denies fever, no pus patient noticed a skin spot on arm; no itching, no bleeding, no pain, not growing, denies fever patient denies drug allergies; previous medical history non-contributory",benign
PAT2829,"Patient: Aisha Miller, DOB: 1971-01-02, MRN: MRN2151759 infected skin spot with swelling and pus drainage; on Amoxici11in; denies eczema painful infected skin spot; yellow pus drainage, temp 1O1F, started on Amoxici11in 500mg; no flaking patient denies drug allergies; previous medical history non-contributory",infectious
PAT1040,"Patient: Amit Miller, DOB: 1993-09-08, MRN: MRN5178237

common skin mole; no redness, no pus, not tender, no changes in appearance

routine check of skin spot; uniform brown color, circular border; no itching, no discharge, no redness

small flesh-colored skin spot; no itching, no bleeding, not painful, completely asymptomatic 👍

patient denies drug allergies; previous medical history non-contributory",benign
PAT2210,"Name: Meera Lee | Email: vkrmmo@hospital.org | Phone: +91-1958964993 
 patient noticed a red spot on skin; SevereItching with flaking scales; no infection, no fever 
 red skin rash with SevereItching; denies bleeding, no purulent drainage, not infected 
 skin rash on elbows and forearm; SevereItching and scaling redness; no pus, no fever 
 follow-up telemedicine consultation scheduled for next month http://telehealth.example.com",inflammatory
PAT2577,"Patient: Meera Miller, DOB: 1982-10-11, MRN: MRN7914644 
 infected skin spot with swelling and pus drainage; on Amoxici11in; denies eczema 
 patient noticed a painful red spot on skin; pus discharge noted <br/> temp 1O1F; denies itching 
 skin spot on leg with BacterialCellulitis; warm, swollen, purulent drainage; denies bleeding mole 
 vital signs stable at intake; alert and oriented x3",infectious
PAT1384,"Referred by Dr. David Khan; patient ID MRN3064863

patient noticed a skin spot on arm; no itching, no bleeding, no pain, not growing, denies fever

small flesh-colored skin spot; no itching, no bleeding, not painful, completely asymptomatic 👍

reviewed lab results; hemoglobin and renal function within normal limits",benign
PAT1937,"Name: John Lee | Email: edlhxt@hospital.org | Phone: +91-4674163925 
 RapidlyEnlarging skin spot with notched borders; no infection, denies purulent drainage 
 pigmented skin spot; not healing, changing shape; denies rash, denies fever; suspicious of MalignantMelanoma 
 blood pressure 120/80; heart rate regular; patient ambulatory",malignant
PAT1828,"Patient: Sarah Chen, DOB: 1997-02-20, MRN: MRN6146043 dark skin mole on shoulder; BleedingLesion after shower; no itching, no discharge, not tender patient noticed a dark spot on skin; BleedingLesion and rapid growth; not painful, denies itching blood pressure 120/80; heart rate regular; patient ambulatory",malignant
PAT1862,"Patient: Elena Lee, DOB: 2005-03-23, MRN: MRN8707603

RapidlyEnlarging skin spot with notched borders; no infection, denies purulent drainage

new dark spot on forearm; |rregular bord3rs; no purulent drainage, not painful

pigmented skin spot; not healing, changing shape; denies rash, denies fever; suspicious of MalignantMelanoma

vital signs stable at intake; alert and oriented x3",malignant
PAT2973,"Name: Elena Khan | Email: frpggl@hospital.org | Phone: +91-7027981381 
 painful infected skin spot; yellow pus drainage, temp 1O1F, started on Amoxici11in 500mg; no flaking 
 patient noticed a painful red spot on skin; pus discharge noted <br/> temp 1O1F; denies itching 
 infected skin spot with swelling and pus drainage; on Amoxici11in; denies eczema 
 follow-up telemedicine consultation scheduled for next month http://telehealth.example.com",infectious
PAT1286,"Patient: Meera Patel, DOB: 2000-03-08, MRN: MRN9754771 
 small flesh-colored skin spot; no itching, no bleeding, not painful, completely asymptomatic 👍 
 benign skin spot on trunk; no ulceration, no bleeding, no itching, no discharge 
 patient noticed a skin spot on arm; no itching, no bleeding, no pain, not growing, denies fever 
 reviewed lab results; hemoglobin and renal function within normal limits",benign
PAT2696,"Patient: Ravi Miller, DOB: 1952-03-16, MRN: MRN3914662 painful infected skin spot; yellow pus drainage, temp 1O1F, started on Amoxici11in 500mg; no flaking wound spot on skin with BacterialCellulitis and purulent exudate; fever noted; denies itching infected skin spot with swelling and pus drainage; on Amoxici11in; denies eczema blood pressure 120/80; heart rate regular; patient ambulatory",infectious
PAT1466,"Name: Elena Miller | Email: ymdljh@hospital.org | Phone: +91-3932105534

small flesh-colored skin spot; no itching, no bleeding, not painful, completely asymptomatic 👍

patient noticed a skin spot on arm; no itching, no bleeding, no pain, not growing, denies fever

stable skin mole present for years; no pain, no bleeding, not enlarged; denies fever, no pus

follow-up telemedicine consultation scheduled for next month http://telehealth.example.com",benign
PAT2843,"Patient: Priya Smith, DOB: 1954-01-02, MRN: MRN0023992 	 skin spot on leg with BacterialCellulitis; warm, swollen, purulent drainage; denies bleeding mole 	 infected skin spot with swelling and pus drainage; on Amoxici11in; denies eczema 	 patient denies drug allergies; previous medical history non-contributory",infectious
PAT2683,"Name: Sarah Singh | Email: nrnuhm@hospital.org | Phone: +91-0317110483 red skin spot with localized swelling and pus discharge; elevated temperature; no chronic rash painful infected skin spot; yellow pus drainage, temp 1O1F, started on Amoxici11in 500mg; no flaking skin spot on leg with BacterialCellulitis; warm, swollen, purulent drainage; denies bleeding mole follow-up telemedicine consultation scheduled for next month http://telehealth.example.com",infectious
PAT1809,"Name: Aisha Lee | Email: tskqfi@hospital.org | Phone: +91-0205168618 
 RapidlyEnlarging skin spot with notched borders; no infection, denies purulent drainage 
 new dark spot on forearm; |rregular bord3rs; no purulent drainage, not painful 
 patient noticed a dark spot on skin; BleedingLesion and rapid growth; not painful, denies itching 
 patient denies drug allergies; previous medical history non-contributory",malignant
PAT1387,"Referred by Dr. Aisha Lee; patient ID MRN2412965 	 common skin mole; no redness, no pus, not tender, no changes in appearance 	 routine check of skin spot; uniform brown color, circular border; no itching, no discharge, no redness 	 patient noticed a skin spot on arm; no itching, no bleeding, no pain, not growing, denies fever 	 reviewed lab results; hemoglobin and renal function within normal limits",benign
PAT1644,"Referred by Dr. John Miller; patient ID MRN8068775 RapidlyEnlarging skin spot with notched borders; no infection, denies purulent drainage dark skin mole on shoulder; BleedingLesion after shower; no itching, no discharge, not tender patient noticed a dark spot on skin; BleedingLesion and rapid growth; not painful, denies itching vital signs stable at intake; alert and oriented x3",malignant
PAT1318,"Name: Meera Garcia | Email: oajhsl@hospital.org | Phone: +91-6794330045 
 benign skin spot on trunk; no ulceration, no bleeding, no itching, no discharge 
 patient noticed a skin spot on arm; no itching, no bleeding, no pain, not growing, denies fever 
 stable skin mole present for years; no pain, no bleeding, not enlarged; denies fever, no pus 
 blood pressure 120/80; heart rate regular; patient ambulatory",benign
PAT2634,"Name: Sarah Miller | Email: oycqxs@hospital.org | Phone: +91-2855088374

infected skin spot with swelling and pus drainage; on Amoxici11in; denies eczema

patient noticed a painful red spot on skin; pus discharge noted <br/> temp 1O1F; denies itching

patient denies drug allergies; previous medical history non-contributory",infectious
PAT1640,"Referred by Dr. Sarah Miller; patient ID MRN5052164 
 new dark spot on forearm; |rregular bord3rs; no purulent drainage, not painful 
 patient noticed a dark spot on skin; BleedingLesion and rapid growth; not painful, denies itching 
 dark skin mole on shoulder; BleedingLesion after shower; no itching, no discharge, not tender 
 blood pressure 120/80; heart rate regular; patient ambulatory",malignant
PAT1835,"Name: Aisha Miller | Email: bwixji@hospital.org | Phone: +91-2604852847 
 RapidlyEnlarging skin spot with notched borders; no infection, denies purulent drainage 
 dark skin mole on shoulder; BleedingLesion after shower; no itching, no discharge, not tender 
 blood pressure 120/80; heart rate regular; patient ambulatory",malignant
PAT2108,"Name: John Smith | Email: bqmnpd@hospital.org | Phone: +91-0129695458 
 red itchy skin spot; intense burning sensation and SevereItching; no bleeding, not oozing 
 pruritic red skin rash; SevereItching not responding to lotion; denies pus discharge 
 flaking red skin spot; SevereItching at night; no fever, denies wound breakdown 
 reviewed lab results; hemoglobin and renal function within normal limits",inflammatory
PAT2598,"Name: John Patel | Email: licdpb@hospital.org | Phone: +91-1829800302 red skin spot with localized swelling and pus discharge; elevated temperature; no chronic rash patient noticed a painful red spot on skin; pus discharge noted <br/> temp 1O1F; denies itching skin spot on leg with BacterialCellulitis; warm, swollen, purulent drainage; denies bleeding mole blood pressure 120/80; heart rate regular; patient ambulatory",infectious
PAT1576,"Referred by Dr. Ravi Nguyen; patient ID MRN6818452 	 new dark spot on forearm; |rregular bord3rs; no purulent drainage, not painful 	 pigmented skin spot; not healing, changing shape; denies rash, denies fever; suspicious of MalignantMelanoma 	 blood pressure 120/80; heart rate regular; patient ambulatory",malignant
PAT2735,"Patient: John Chen, DOB: 1978-04-28, MRN: MRN9221024 
 infected skin spot with swelling and pus drainage; on Amoxici11in; denies eczema 
 painful infected skin spot; yellow pus drainage, temp 1O1F, started on Amoxici11in 500mg; no flaking 
 reviewed lab results; hemoglobin and renal function within normal limits",infectious
PAT1304,"Patient: Elena Chen, DOB: 1961-12-25, MRN: MRN3687979 	 common skin mole; no redness, no pus, not tender, no changes in appearance 	 stable skin mole present for years; no pain, no bleeding, not enlarged; denies fever, no pus 	 patient noticed a skin spot on arm; no itching, no bleeding, no pain, not growing, denies fever 	 patient denies drug allergies; previous medical history non-contributory",benign
PAT1364,"Referred by Dr. Elena Singh; patient ID MRN4222657 	 routine check of skin spot; uniform brown color, circular border; no itching, no discharge, no redness 	 patient noticed a skin spot on arm; no itching, no bleeding, no pain, not growing, denies fever 	 common skin mole; no redness, no pus, not tender, no changes in appearance 	 follow-up telemedicine consultation scheduled for next month http://telehealth.example.com",benign
PAT2941,"Name: Carlos Sharma | Email: fbkkhm@hospital.org | Phone: +91-0440753357 	 wound spot on skin with BacterialCellulitis and purulent exudate; fever noted; denies itching 	 skin spot on leg with BacterialCellulitis; warm, swollen, purulent drainage; denies bleeding mole 	 follow-up telemedicine consultation scheduled for next month http://telehealth.example.com",infectious
PAT2289,"Patient: Meera Sharma, DOB: 1994-05-14, MRN: MRN2475166 
 red skin rash with SevereItching; denies bleeding, no purulent drainage, not infected 
 patient noticed a red spot on skin; SevereItching with flaking scales; no infection, no fever 
 patient denies drug allergies; previous medical history non-contributory",inflammatory
PAT2669,Name: John Patel | Email: ahytna@hospital.org | Phone: +91-6074799404 	 infected skin spot with swelling and pus drainage; on Amoxici11in; denies eczema 	 red skin spot with localized swelling and pus discharge; elevated temperature; no chronic rash 	 reviewed lab results; hemoglobin and renal function within normal limits,infectious
PAT2057,"Referred by Dr. Priya Patel; patient ID MRN5313011 pruritic red skin rash; SevereItching not responding to lotion; denies pus discharge red skin rash with SevereItching; denies bleeding, no purulent drainage, not infected patient advised on proper hydration and daily sunscreen application",inflammatory
PAT2998,"Name: Amit Garcia | Email: tiqzet@hospital.org | Phone: +91-0479255077 	 skin spot on leg with BacterialCellulitis; warm, swollen, purulent drainage; denies bleeding mole 	 patient noticed a painful red spot on skin; pus discharge noted <br/> temp 1O1F; denies itching 	 follow-up telemedicine consultation scheduled for next month http://telehealth.example.com",infectious
PAT1070,"Name: Ravi Miller | Email: qwuecs@hospital.org | Phone: +91-2100390270 	 patient noticed a skin spot on arm; no itching, no bleeding, no pain, not growing, denies fever 	 routine check of skin spot; uniform brown color, circular border; no itching, no discharge, no redness 	 follow-up telemedicine consultation scheduled for next month http://telehealth.example.com",benign
PAT2330,"Referred by Dr. Carlos Khan; patient ID MRN0501978 red skin rash with SevereItching; denies bleeding, no purulent drainage, not infected pruritic red skin rash; SevereItching not responding to lotion; denies pus discharge reviewed lab results; hemoglobin and renal function within normal limits",inflammatory
PAT1593,"Patient: Elena Sharma, DOB: 1961-05-06, MRN: MRN5259420

pigmented skin spot; not healing, changing shape; denies rash, denies fever; suspicious of MalignantMelanoma

RapidlyEnlarging skin spot with notched borders; no infection, denies purulent drainage

patient advised on proper hydration and daily sunscreen application",malignant
PAT1589,"Patient: Elena Smith, DOB: 1992-05-16, MRN: MRN6610874 	 new dark spot on forearm; |rregular bord3rs; no purulent drainage, not painful 	 patient noticed a dark spot on skin; BleedingLesion and rapid growth; not painful, denies itching 	 pigmented skin spot; not healing, changing shape; denies rash, denies fever; suspicious of MalignantMelanoma 	 blood pressure 120/80; heart rate regular; patient ambulatory",malignant
PAT1187,"Patient: John Sharma, DOB: 1977-12-28, MRN: MRN9277492

stable skin mole present for years; no pain, no bleeding, not enlarged; denies fever, no pus

benign skin spot on trunk; no ulceration, no bleeding, no itching, no discharge

patient advised on proper hydration and daily sunscreen application",benign
PAT1007,"Referred by Dr. David Garcia; patient ID MRN4427675 	 small flesh-colored skin spot; no itching, no bleeding, not painful, completely asymptomatic 👍 	 common skin mole; no redness, no pus, not tender, no changes in appearance 	 patient denies drug allergies; previous medical history non-contributory",benign
PAT1277,"Referred by Dr. David Lee; patient ID MRN7574531 
 small flesh-colored skin spot; no itching, no bleeding, not painful, completely asymptomatic 👍 
 benign skin spot on trunk; no ulceration, no bleeding, no itching, no discharge 
 reviewed lab results; hemoglobin and renal function within normal limits",benign
PAT2626,"Name: Amit Smith | Email: xjdlhh@hospital.org | Phone: +91-3854122821 
 wound spot on skin with BacterialCellulitis and purulent exudate; fever noted; denies itching 
 skin spot on leg with BacterialCellulitis; warm, swollen, purulent drainage; denies bleeding mole 
 patient denies drug allergies; previous medical history non-contributory",infectious
PAT1617,"Referred by Dr. John Chen; patient ID MRN0960447 	 pigmented skin spot; not healing, changing shape; denies rash, denies fever; suspicious of MalignantMelanoma 	 patient noticed a dark spot on skin; BleedingLesion and rapid growth; not painful, denies itching 	 skin spot on back; |rregular bord3rs and uneven dark color variegation; no fever, no pus 	 reviewed lab results; hemoglobin and renal function within normal limits",malignant
PAT1762,"Referred by Dr. Elena Miller; patient ID MRN5059421 pigmented skin spot; not healing, changing shape; denies rash, denies fever; suspicious of MalignantMelanoma patient noticed a dark spot on skin; BleedingLesion and rapid growth; not painful, denies itching reviewed lab results; hemoglobin and renal function within normal limits",malignant
PAT1064,"Name: David Sharma | Email: tcgkej@hospital.org | Phone: +91-8441121235

stable skin mole present for years; no pain, no bleeding, not enlarged; denies fever, no pus

patient noticed a skin spot on arm; no itching, no bleeding, no pain, not growing, denies fever

patient denies drug allergies; previous medical history non-contributory",benign
PAT2614,"Patient: David Singh, DOB: 1957-11-12, MRN: MRN2201209 infected skin spot with swelling and pus drainage; on Amoxici11in; denies eczema wound spot on skin with BacterialCellulitis and purulent exudate; fever noted; denies itching patient noticed a painful red spot on skin; pus discharge noted <br/> temp 1O1F; denies itching patient denies drug allergies; previous medical history non-contributory",infectious
PAT1517,"Patient: Amit Patel, DOB: 1990-12-09, MRN: MRN0421781 dark skin mole on shoulder; BleedingLesion after shower; no itching, no discharge, not tender RapidlyEnlarging skin spot with notched borders; no infection, denies purulent drainage vital signs stable at intake; alert and oriented x3",malignant
PAT1783,"Patient: Ravi Lee, DOB: 1977-05-17, MRN: MRN1210548 new dark spot on forearm; |rregular bord3rs; no purulent drainage, not painful patient noticed a dark spot on skin; BleedingLesion and rapid growth; not painful, denies itching dark skin mole on shoulder; BleedingLesion after shower; no itching, no discharge, not tender follow-up telemedicine consultation scheduled for next month http://telehealth.example.com",malignant
PAT1916,"Name: Amit Miller | Email: ixoegx@hospital.org | Phone: +91-7054767728

RapidlyEnlarging skin spot with notched borders; no infection, denies purulent drainage

pigmented skin spot; not healing, changing shape; denies rash, denies fever; suspicious of MalignantMelanoma

new dark spot on forearm; |rregular bord3rs; no purulent drainage, not painful

patient denies drug allergies; previous medical history non-contributory",malignant
PAT1253,"Name: David Sharma | Email: hhhobo@hospital.org | Phone: +91-1552691813 patient noticed a skin spot on arm; no itching, no bleeding, no pain, not growing, denies fever benign skin spot on trunk; no ulceration, no bleeding, no itching, no discharge blood pressure 120/80; heart rate regular; patient ambulatory",benign
PAT1932,"Patient: Meera Lee, DOB: 1978-02-16, MRN: MRN6597513 dark skin mole on shoulder; BleedingLesion after shower; no itching, no discharge, not tender pigmented skin spot; not healing, changing shape; denies rash, denies fever; suspicious of MalignantMelanoma patient denies drug allergies; previous medical history non-contributory",malignant
PAT1695,"Name: Meera Chen | Email: ojfjxq@hospital.org | Phone: +91-9311679310

RapidlyEnlarging skin spot with notched borders; no infection, denies purulent drainage

new dark spot on forearm; |rregular bord3rs; no purulent drainage, not painful

follow-up telemedicine consultation scheduled for next month http://telehealth.example.com",malignant
PAT2352,"Referred by Dr. Carlos Patel; patient ID MRN1428203 pruritic red skin rash; SevereItching not responding to lotion; denies pus discharge patient noticed a red spot on skin; SevereItching with flaking scales; no infection, no fever skin rash on elbows and forearm; SevereItching and scaling redness; no pus, no fever follow-up telemedicine consultation scheduled for next month http://telehealth.example.com",inflammatory
PAT2190,"Referred by Dr. Amit Chen; patient ID MRN8509417 red itchy skin spot; intense burning sensation and SevereItching; no bleeding, not oozing skin rash on elbows and forearm; SevereItching and scaling redness; no pus, no fever pruritic red skin rash; SevereItching not responding to lotion; denies pus discharge vital signs stable at intake; alert and oriented x3",inflammatory
PAT2337,"Referred by Dr. Carlos Miller; patient ID MRN8159939

flaking red skin spot; SevereItching at night; no fever, denies wound breakdown

red itchy skin spot; intense burning sensation and SevereItching; no bleeding, not oozing

blood pressure 120/80; heart rate regular; patient ambulatory",inflammatory
PAT1395,"Referred by Dr. John Sharma; patient ID MRN5832076 
 benign skin spot on trunk; no ulceration, no bleeding, no itching, no discharge 
 patient noticed a skin spot on arm; no itching, no bleeding, no pain, not growing, denies fever 
 patient advised on proper hydration and daily sunscreen application",benign
PAT1428,"Patient: Meera Sharma, DOB: 1975-07-06, MRN: MRN2284872 benign skin spot on trunk; no ulceration, no bleeding, no itching, no discharge stable skin mole present for years; no pain, no bleeding, not enlarged; denies fever, no pus follow-up telemedicine consultation scheduled for next month http://telehealth.example.com",benign
PAT2747,"Name: Priya Lee | Email: mknscd@hospital.org | Phone: +91-4028535360

skin spot on leg with BacterialCellulitis; warm, swollen, purulent drainage; denies bleeding mole

infected skin spot with swelling and pus drainage; on Amoxici11in; denies eczema

patient noticed a painful red spot on skin; pus discharge noted <br/> temp 1O1F; denies itching

follow-up telemedicine consultation scheduled for next month http://telehealth.example.com",infectious
PAT2920,"Referred by Dr. David Sharma; patient ID MRN4309247

patient noticed a painful red spot on skin; pus discharge noted <br/> temp 1O1F; denies itching

infected skin spot with swelling and pus drainage; on Amoxici11in; denies eczema

blood pressure 120/80; heart rate regular; patient ambulatory",infectious
PAT2775,"Name: John Sharma | Email: jhoiit@hospital.org | Phone: +91-9783940903

wound spot on skin with BacterialCellulitis and purulent exudate; fever noted; denies itching

red skin spot with localized swelling and pus discharge; elevated temperature; no chronic rash

reviewed lab results; hemoglobin and renal function within normal limits",infectious
PAT2926,"Referred by Dr. Carlos Lee; patient ID MRN3562512 	 painful infected skin spot; yellow pus drainage, temp 1O1F, started on Amoxici11in 500mg; no flaking 	 patient noticed a painful red spot on skin; pus discharge noted <br/> temp 1O1F; denies itching 	 reviewed lab results; hemoglobin and renal function within normal limits",infectious
PAT1831,"Patient: Priya Patel, DOB: 1998-03-26, MRN: MRN9411639 skin spot on back; |rregular bord3rs and uneven dark color variegation; no fever, no pus RapidlyEnlarging skin spot with notched borders; no infection, denies purulent drainage new dark spot on forearm; |rregular bord3rs; no purulent drainage, not painful follow-up telemedicine consultation scheduled for next month http://telehealth.example.com",malignant
PAT1794,"Name: Priya Lee | Email: rvgtoz@hospital.org | Phone: +91-3531123704 	 skin spot on back; |rregular bord3rs and uneven dark color variegation; no fever, no pus 	 patient noticed a dark spot on skin; BleedingLesion and rapid growth; not painful, denies itching 	 RapidlyEnlarging skin spot with notched borders; no infection, denies purulent drainage 	 vital signs stable at intake; alert and oriented x3",malignant
PAT2443,"Referred by Dr. Carlos Patel; patient ID MRN7027420

red itchy skin spot; intense burning sensation and SevereItching; no bleeding, not oozing

red skin rash with SevereItching; denies bleeding, no purulent drainage, not infected

follow-up telemedicine consultation scheduled for next month http://telehealth.example.com",inflammatory
PAT2511,"Patient: Meera Patel, DOB: 1975-12-21, MRN: MRN5743064 wound spot on skin with BacterialCellulitis and purulent exudate; fever noted; denies itching patient noticed a painful red spot on skin; pus discharge noted <br/> temp 1O1F; denies itching blood pressure 120/80; heart rate regular; patient ambulatory",infectious
PAT2079,"Name: Ravi Singh | Email: ldqcjh@hospital.org | Phone: +91-2893229304 
 patient noticed a red spot on skin; SevereItching with flaking scales; no infection, no fever 
 skin rash on elbows and forearm; SevereItching and scaling redness; no pus, no fever 
 vital signs stable at intake; alert and oriented x3",inflammatory
PAT1631,"Name: Amit Garcia | Email: ecrdra@hospital.org | Phone: +91-8408429957

pigmented skin spot; not healing, changing shape; denies rash, denies fever; suspicious of MalignantMelanoma

skin spot on back; |rregular bord3rs and uneven dark color variegation; no fever, no pus

new dark spot on forearm; |rregular bord3rs; no purulent drainage, not painful

blood pressure 120/80; heart rate regular; patient ambulatory",malignant
PAT1913,"Patient: Priya Miller, DOB: 2005-09-08, MRN: MRN5394405 pigmented skin spot; not healing, changing shape; denies rash, denies fever; suspicious of MalignantMelanoma skin spot on back; |rregular bord3rs and uneven dark color variegation; no fever, no pus patient advised on proper hydration and daily sunscreen application",malignant
PAT2246,"Referred by Dr. Aisha Nguyen; patient ID MRN1604588

red skin rash with SevereItching; denies bleeding, no purulent drainage, not infected

patient noticed a red spot on skin; SevereItching with flaking scales; no infection, no fever

skin rash on elbows and forearm; SevereItching and scaling redness; no pus, no fever

blood pressure 120/80; heart rate regular; patient ambulatory",inflammatory
PAT2827,"Patient: Priya Lee, DOB: 1955-06-10, MRN: MRN0044917 red skin spot with localized swelling and pus discharge; elevated temperature; no chronic rash infected skin spot with swelling and pus drainage; on Amoxici11in; denies eczema skin spot on leg with BacterialCellulitis; warm, swollen, purulent drainage; denies bleeding mole patient advised on proper hydration and daily sunscreen application",infectious
PAT2731,"Patient: David Garcia, DOB: 1986-10-20, MRN: MRN8536246 	 red skin spot with localized swelling and pus discharge; elevated temperature; no chronic rash 	 wound spot on skin with BacterialCellulitis and purulent exudate; fever noted; denies itching 	 vital signs stable at intake; alert and oriented x3",infectious
PAT1415,"Name: Ravi Chen | Email: qhagyf@hospital.org | Phone: +91-0130743247

routine check of skin spot; uniform brown color, circular border; no itching, no discharge, no redness

stable skin mole present for years; no pain, no bleeding, not enlarged; denies fever, no pus

vital signs stable at intake; alert and oriented x3",benign
PAT2759,"Patient: Ravi Garcia, DOB: 2005-10-10, MRN: MRN7895301 
 patient noticed a painful red spot on skin; pus discharge noted <br/> temp 1O1F; denies itching 
 red skin spot with localized swelling and pus discharge; elevated temperature; no chronic rash 
 patient denies drug allergies; previous medical history non-contributory",infectious
PAT2438,"Referred by Dr. David Garcia; patient ID MRN1722122

red skin rash with SevereItching; denies bleeding, no purulent drainage, not infected

red itchy skin spot; intense burning sensation and SevereItching; no bleeding, not oozing

reviewed lab results; hemoglobin and renal function within normal limits",inflammatory
PAT1206,"Referred by Dr. David Khan; patient ID MRN8709742

patient noticed a skin spot on arm; no itching, no bleeding, no pain, not growing, denies fever

stable skin mole present for years; no pain, no bleeding, not enlarged; denies fever, no pus

small flesh-colored skin spot; no itching, no bleeding, not painful, completely asymptomatic 👍

patient denies drug allergies; previous medical history non-contributory",benign
PAT2203,"Referred by Dr. Ravi Khan; patient ID MRN8269247 red skin rash with SevereItching; denies bleeding, no purulent drainage, not infected flaking red skin spot; SevereItching at night; no fever, denies wound breakdown skin rash on elbows and forearm; SevereItching and scaling redness; no pus, no fever patient denies drug allergies; previous medical history non-contributory",inflammatory
PAT1912,"Referred by Dr. Aisha Singh; patient ID MRN1536860 
 dark skin mole on shoulder; BleedingLesion after shower; no itching, no discharge, not tender 
 patient noticed a dark spot on skin; BleedingLesion and rapid growth; not painful, denies itching 
 patient advised on proper hydration and daily sunscreen application",malignant
PAT2163,"Patient: Carlos Chen, DOB: 1973-12-27, MRN: MRN6451526 pruritic red skin rash; SevereItching not responding to lotion; denies pus discharge skin rash on elbows and forearm; SevereItching and scaling redness; no pus, no fever vital signs stable at intake; alert and oriented x3",inflammatory
PAT1125,"Referred by Dr. David Nguyen; patient ID MRN1627377 	 benign skin spot on trunk; no ulceration, no bleeding, no itching, no discharge 	 routine check of skin spot; uniform brown color, circular border; no itching, no discharge, no redness 	 patient noticed a skin spot on arm; no itching, no bleeding, no pain, not growing, denies fever 	 patient advised on proper hydration and daily sunscreen application",benign
PAT1936,"Referred by Dr. Amit Miller; patient ID MRN0472003 RapidlyEnlarging skin spot with notched borders; no infection, denies purulent drainage pigmented skin spot; not healing, changing shape; denies rash, denies fever; suspicious of MalignantMelanoma reviewed lab results; hemoglobin and renal function within normal limits",malignant
PAT2737,"Name: Aisha Miller | Email: jflwyw@hospital.org | Phone: +91-6469724672 	 infected skin spot with swelling and pus drainage; on Amoxici11in; denies eczema 	 painful infected skin spot; yellow pus drainage, temp 1O1F, started on Amoxici11in 500mg; no flaking 	 follow-up telemedicine consultation scheduled for next month http://telehealth.example.com",infectious
PAT2643,"Patient: Aisha Singh, DOB: 1959-10-20, MRN: MRN2676443 
 wound spot on skin with BacterialCellulitis and purulent exudate; fever noted; denies itching 
 infected skin spot with swelling and pus drainage; on Amoxici11in; denies eczema 
 patient noticed a painful red spot on skin; pus discharge noted <br/> temp 1O1F; denies itching 
 blood pressure 120/80; heart rate regular; patient ambulatory",infectious
PAT1963,"Referred by Dr. David Patel; patient ID MRN8153176 new dark spot on forearm; |rregular bord3rs; no purulent drainage, not painful skin spot on back; |rregular bord3rs and uneven dark color variegation; no fever, no pus blood pressure 120/80; heart rate regular; patient ambulatory",malignant
PAT2031,"Referred by Dr. David Garcia; patient ID MRN2005684 red skin rash with SevereItching; denies bleeding, no purulent drainage, not infected red itchy skin spot; intense burning sensation and SevereItching; no bleeding, not oozing pruritic red skin rash; SevereItching not responding to lotion; denies pus discharge reviewed lab results; hemoglobin and renal function within normal limits",inflammatory
PAT1355,"Name: Aisha Sharma | Email: gagskf@hospital.org | Phone: +91-3275252276

common skin mole; no redness, no pus, not tender, no changes in appearance

patient noticed a skin spot on arm; no itching, no bleeding, no pain, not growing, denies fever

vital signs stable at intake; alert and oriented x3",benign
PAT2011,"Referred by Dr. Carlos Singh; patient ID MRN1447168 skin rash on elbows and forearm; SevereItching and scaling redness; no pus, no fever flaking red skin spot; SevereItching at night; no fever, denies wound breakdown pruritic red skin rash; SevereItching not responding to lotion; denies pus discharge follow-up telemedicine consultation scheduled for next month http://telehealth.example.com",inflammatory
PAT1446,"Name: Ravi Smith | Email: ieykmi@hospital.org | Phone: +91-7770404780 
 small flesh-colored skin spot; no itching, no bleeding, not painful, completely asymptomatic 👍 
 routine check of skin spot; uniform brown color, circular border; no itching, no discharge, no redness 
 patient noticed a skin spot on arm; no itching, no bleeding, no pain, not growing, denies fever 
 vital signs stable at intake; alert and oriented x3",benign
PAT1579,"Referred by Dr. Elena Chen; patient ID MRN4495146 
 new dark spot on forearm; |rregular bord3rs; no purulent drainage, not painful 
 skin spot on back; |rregular bord3rs and uneven dark color variegation; no fever, no pus 
 vital signs stable at intake; alert and oriented x3",malignant
PAT1386,"Name: Amit Khan | Email: mlmtdt@hospital.org | Phone: +91-4061518424 	 routine check of skin spot; uniform brown color, circular border; no itching, no discharge, no redness 	 small flesh-colored skin spot; no itching, no bleeding, not painful, completely asymptomatic 👍 	 benign skin spot on trunk; no ulceration, no bleeding, no itching, no discharge 	 reviewed lab results; hemoglobin and renal function within normal limits",benign
PAT2697,"Referred by Dr. Priya Patel; patient ID MRN3419401

red skin spot with localized swelling and pus discharge; elevated temperature; no chronic rash

skin spot on leg with BacterialCellulitis; warm, swollen, purulent drainage; denies bleeding mole

infected skin spot with swelling and pus drainage; on Amoxici11in; denies eczema

follow-up telemedicine consultation scheduled for next month http://telehealth.example.com",infectious
PAT1209,"Name: Meera Patel | Email: zlyvue@hospital.org | Phone: +91-0046760744 
 common skin mole; no redness, no pus, not tender, no changes in appearance 
 benign skin spot on trunk; no ulceration, no bleeding, no itching, no discharge 
 blood pressure 120/80; heart rate regular; patient ambulatory",benign
PAT2077,"Referred by Dr. Ravi Lee; patient ID MRN8871852 flaking red skin spot; SevereItching at night; no fever, denies wound breakdown skin rash on elbows and forearm; SevereItching and scaling redness; no pus, no fever red itchy skin spot; intense burning sensation and SevereItching; no bleeding, not oozing blood pressure 120/80; heart rate regular; patient ambulatory",inflammatory
PAT1201,"Name: John Sharma | Email: wtepmk@hospital.org | Phone: +91-2629824661

routine check of skin spot; uniform brown color, circular border; no itching, no discharge, no redness

small flesh-colored skin spot; no itching, no bleeding, not painful, completely asymptomatic 👍

patient noticed a skin spot on arm; no itching, no bleeding, no pain, not growing, denies fever

reviewed lab results; hemoglobin and renal function within normal limits",benign
PAT1361,"Name: Meera Lee | Email: eouscr@hospital.org | Phone: +91-2223920700 
 benign skin spot on trunk; no ulceration, no bleeding, no itching, no discharge 
 small flesh-colored skin spot; no itching, no bleeding, not painful, completely asymptomatic 👍 
 stable skin mole present for years; no pain, no bleeding, not enlarged; denies fever, no pus 
 reviewed lab results; hemoglobin and renal function within normal limits",benign
PAT1857,"Name: Meera Patel | Email: coytbq@hospital.org | Phone: +91-0718548232 	 new dark spot on forearm; |rregular bord3rs; no purulent drainage, not painful 	 pigmented skin spot; not healing, changing shape; denies rash, denies fever; suspicious of MalignantMelanoma 	 vital signs stable at intake; alert and oriented x3",malignant
PAT2575,Name: Elena Patel | Email: yavmwo@hospital.org | Phone: +91-6588263822 	 wound spot on skin with BacterialCellulitis and purulent exudate; fever noted; denies itching 	 patient noticed a painful red spot on skin; pus discharge noted <br/> temp 1O1F; denies itching 	 patient advised on proper hydration and daily sunscreen application,infectious
PAT1755,"Name: Meera Chen | Email: vdqrkr@hospital.org | Phone: +91-8515997503

RapidlyEnlarging skin spot with notched borders; no infection, denies purulent drainage

dark skin mole on shoulder; BleedingLesion after shower; no itching, no discharge, not tender

reviewed lab results; hemoglobin and renal function within normal limits",malignant
PAT2756,"Referred by Dr. Sarah Smith; patient ID MRN1734170

wound spot on skin with BacterialCellulitis and purulent exudate; fever noted; denies itching

red skin spot with localized swelling and pus discharge; elevated temperature; no chronic rash

painful infected skin spot; yellow pus drainage, temp 1O1F, started on Amoxici11in 500mg; no flaking

blood pressure 120/80; heart rate regular; patient ambulatory",infectious
PAT2144,"Name: Aisha Miller | Email: ppbyxg@hospital.org | Phone: +91-4376965873 	 pruritic red skin rash; SevereItching not responding to lotion; denies pus discharge 	 red skin rash with SevereItching; denies bleeding, no purulent drainage, not infected 	 skin rash on elbows and forearm; SevereItching and scaling redness; no pus, no fever 	 follow-up telemedicine consultation scheduled for next month http://telehealth.example.com",inflammatory
PAT1457,"Patient: Carlos Nguyen, DOB: 1969-11-13, MRN: MRN2527228

benign skin spot on trunk; no ulceration, no bleeding, no itching, no discharge

common skin mole; no redness, no pus, not tender, no changes in appearance

patient denies drug allergies; previous medical history non-contributory",benign
PAT1039,"Referred by Dr. Aisha Patel; patient ID MRN5329504 	 stable skin mole present for years; no pain, no bleeding, not enlarged; denies fever, no pus 	 small flesh-colored skin spot; no itching, no bleeding, not painful, completely asymptomatic 👍 	 routine check of skin spot; uniform brown color, circular border; no itching, no discharge, no redness 	 reviewed lab results; hemoglobin and renal function within normal limits",benign
PAT1879,"Referred by Dr. Amit Smith; patient ID MRN9026252 dark skin mole on shoulder; BleedingLesion after shower; no itching, no discharge, not tender patient noticed a dark spot on skin; BleedingLesion and rapid growth; not painful, denies itching pigmented skin spot; not healing, changing shape; denies rash, denies fever; suspicious of MalignantMelanoma reviewed lab results; hemoglobin and renal function within normal limits",malignant
PAT1704,"Patient: John Chen, DOB: 1959-10-23, MRN: MRN6167162 RapidlyEnlarging skin spot with notched borders; no infection, denies purulent drainage skin spot on back; |rregular bord3rs and uneven dark color variegation; no fever, no pus patient denies drug allergies; previous medical history non-contributory",malignant
PAT1390,"Patient: Carlos Singh, DOB: 1959-04-19, MRN: MRN6675797 	 stable skin mole present for years; no pain, no bleeding, not enlarged; denies fever, no pus 	 small flesh-colored skin spot; no itching, no bleeding, not painful, completely asymptomatic 👍 	 routine check of skin spot; uniform brown color, circular border; no itching, no discharge, no redness 	 patient advised on proper hydration and daily sunscreen application",benign
PAT2552,"Patient: Sarah Khan, DOB: 1965-04-17, MRN: MRN9777680 
 red skin spot with localized swelling and pus discharge; elevated temperature; no chronic rash 
 painful infected skin spot; yellow pus drainage, temp 1O1F, started on Amoxici11in 500mg; no flaking 
 skin spot on leg with BacterialCellulitis; warm, swollen, purulent drainage; denies bleeding mole 
 patient advised on proper hydration and daily sunscreen application",infectious
PAT2054,"Referred by Dr. Priya Khan; patient ID MRN3896243 
 flaking red skin spot; SevereItching at night; no fever, denies wound breakdown 
 patient noticed a red spot on skin; SevereItching with flaking scales; no infection, no fever 
 pruritic red skin rash; SevereItching not responding to lotion; denies pus discharge 
 reviewed lab results; hemoglobin and renal function within normal limits",inflammatory
PAT1302,"Referred by Dr. Sarah Khan; patient ID MRN7302112 	 patient noticed a skin spot on arm; no itching, no bleeding, no pain, not growing, denies fever 	 common skin mole; no redness, no pus, not tender, no changes in appearance 	 reviewed lab results; hemoglobin and renal function within normal limits",benign
PAT2143,"Patient: Sarah Singh, DOB: 1966-10-14, MRN: MRN9526692 
 skin rash on elbows and forearm; SevereItching and scaling redness; no pus, no fever 
 flaking red skin spot; SevereItching at night; no fever, denies wound breakdown 
 pruritic red skin rash; SevereItching not responding to lotion; denies pus discharge 
 blood pressure 120/80; heart rate regular; patient ambulatory",inflammatory
PAT2139,"Name: Amit Miller | Email: bxolhb@hospital.org | Phone: +91-1823631861 
 red skin rash with SevereItching; denies bleeding, no purulent drainage, not infected 
 flaking red skin spot; SevereItching at night; no fever, denies wound breakdown 
 patient noticed a red spot on skin; SevereItching with flaking scales; no infection, no fever 
 patient denies drug allergies; previous medical history non-contributory",inflammatory
PAT1807,"Patient: Meera Miller, DOB: 1962-10-05, MRN: MRN6020206 new dark spot on forearm; |rregular bord3rs; no purulent drainage, not painful skin spot on back; |rregular bord3rs and uneven dark color variegation; no fever, no pus blood pressure 120/80; heart rate regular; patient ambulatory",malignant
PAT2859,"Patient: Priya Garcia, DOB: 1959-06-26, MRN: MRN4549989 wound spot on skin with BacterialCellulitis and purulent exudate; fever noted; denies itching painful infected skin spot; yellow pus drainage, temp 1O1F, started on Amoxici11in 500mg; no flaking infected skin spot with swelling and pus drainage; on Amoxici11in; denies eczema vital signs stable at intake; alert and oriented x3",infectious
PAT1006,"Name: Amit Sharma | Email: zhtaje@hospital.org | Phone: +91-3746644548 small flesh-colored skin spot; no itching, no bleeding, not painful, completely asymptomatic 👍 patient noticed a skin spot on arm; no itching, no bleeding, no pain, not growing, denies fever blood pressure 120/80; heart rate regular; patient ambulatory",benign
PAT1037,"Referred by Dr. Priya Miller; patient ID MRN6961131 routine check of skin spot; uniform brown color, circular border; no itching, no discharge, no redness common skin mole; no redness, no pus, not tender, no changes in appearance stable skin mole present for years; no pain, no bleeding, not enlarged; denies fever, no pus blood pressure 120/80; heart rate regular; patient ambulatory",benign
PAT1478,"Referred by Dr. Priya Khan; patient ID MRN6344634 
 common skin mole; no redness, no pus, not tender, no changes in appearance 
 small flesh-colored skin spot; no itching, no bleeding, not painful, completely asymptomatic 👍 
 vital signs stable at intake; alert and oriented x3",benign
PAT2960,"Referred by Dr. Ravi Smith; patient ID MRN5764247

infected skin spot with swelling and pus drainage; on Amoxici11in; denies eczema

skin spot on leg with BacterialCellulitis; warm, swollen, purulent drainage; denies bleeding mole

patient noticed a painful red spot on skin; pus discharge noted <br/> temp 1O1F; denies itching

vital signs stable at intake; alert and oriented x3",infectious
PAT1222,"Name: John Nguyen | Email: yaxkjd@hospital.org | Phone: +91-1364443005 routine check of skin spot; uniform brown color, circular border; no itching, no discharge, no redness stable skin mole present for years; no pain, no bleeding, not enlarged; denies fever, no pus blood pressure 120/80; heart rate regular; patient ambulatory",benign
PAT2711,"Referred by Dr. John Khan; patient ID MRN0508664

infected skin spot with swelling and pus drainage; on Amoxici11in; denies eczema

skin spot on leg with BacterialCellulitis; warm, swollen, purulent drainage; denies bleeding mole

reviewed lab results; hemoglobin and renal function within normal limits",infectious
PAT2608,"Patient: Elena Khan, DOB: 1968-02-12, MRN: MRN0969867 	 painful infected skin spot; yellow pus drainage, temp 1O1F, started on Amoxici11in 500mg; no flaking 	 red skin spot with localized swelling and pus discharge; elevated temperature; no chronic rash 	 skin spot on leg with BacterialCellulitis; warm, swollen, purulent drainage; denies bleeding mole 	 patient denies drug allergies; previous medical history non-contributory",infectious
PAT2826,"Patient: Ravi Miller, DOB: 1987-04-16, MRN: MRN1687891 
 wound spot on skin with BacterialCellulitis and purulent exudate; fever noted; denies itching 
 skin spot on leg with BacterialCellulitis; warm, swollen, purulent drainage; denies bleeding mole 
 infected skin spot with swelling and pus drainage; on Amoxici11in; denies eczema 
 follow-up telemedicine consultation scheduled for next month http://telehealth.example.com",infectious
PAT2145,"Name: Sarah Singh | Email: nufrdp@hospital.org | Phone: +91-3200568039 
 red skin rash with SevereItching; denies bleeding, no purulent drainage, not infected 
 pruritic red skin rash; SevereItching not responding to lotion; denies pus discharge 
 skin rash on elbows and forearm; SevereItching and scaling redness; no pus, no fever 
 vital signs stable at intake; alert and oriented x3",inflammatory
PAT1383,"Patient: David Smith, DOB: 1974-03-08, MRN: MRN4788868 
 routine check of skin spot; uniform brown color, circular border; no itching, no discharge, no redness 
 small flesh-colored skin spot; no itching, no bleeding, not painful, completely asymptomatic 👍 
 vital signs stable at intake; alert and oriented x3",benign
PAT1532,"Patient: Amit Lee, DOB: 1980-09-11, MRN: MRN0661637 RapidlyEnlarging skin spot with notched borders; no infection, denies purulent drainage dark skin mole on shoulder; BleedingLesion after shower; no itching, no discharge, not tender new dark spot on forearm; |rregular bord3rs; no purulent drainage, not painful vital signs stable at intake; alert and oriented x3",malignant
PAT1539,"Patient: Carlos Lee, DOB: 1973-07-04, MRN: MRN2090066

RapidlyEnlarging skin spot with notched borders; no infection, denies purulent drainage

new dark spot on forearm; |rregular bord3rs; no purulent drainage, not painful

dark skin mole on shoulder; BleedingLesion after shower; no itching, no discharge, not tender

reviewed lab results; hemoglobin and renal function within normal limits",malignant
PAT2767,"Name: David Chen | Email: qeusey@hospital.org | Phone: +91-8463720603

patient noticed a painful red spot on skin; pus discharge noted <br/> temp 1O1F; denies itching

red skin spot with localized swelling and pus discharge; elevated temperature; no chronic rash

infected skin spot with swelling and pus drainage; on Amoxici11in; denies eczema

vital signs stable at intake; alert and oriented x3",infectious
PAT2085,"Patient: Elena Khan, DOB: 1962-03-06, MRN: MRN0202899

patient noticed a red spot on skin; SevereItching with flaking scales; no infection, no fever

skin rash on elbows and forearm; SevereItching and scaling redness; no pus, no fever

reviewed lab results; hemoglobin and renal function within normal limits",inflammatory
PAT1975,"Referred by Dr. John Sharma; patient ID MRN3709504 patient noticed a dark spot on skin; BleedingLesion and rapid growth; not painful, denies itching dark skin mole on shoulder; BleedingLesion after shower; no itching, no discharge, not tender reviewed lab results; hemoglobin and renal function within normal limits",malignant
PAT2875,"Patient: Aisha Nguyen, DOB: 1975-05-04, MRN: MRN4310435 skin spot on leg with BacterialCellulitis; warm, swollen, purulent drainage; denies bleeding mole painful infected skin spot; yellow pus drainage, temp 1O1F, started on Amoxici11in 500mg; no flaking reviewed lab results; hemoglobin and renal function within normal limits",infectious
PAT1869,"Name: Priya Smith | Email: qswwhc@hospital.org | Phone: +91-6527643411

dark skin mole on shoulder; BleedingLesion after shower; no itching, no discharge, not tender

skin spot on back; |rregular bord3rs and uneven dark color variegation; no fever, no pus

patient noticed a dark spot on skin; BleedingLesion and rapid growth; not painful, denies itching

vital signs stable at intake; alert and oriented x3",malignant
PAT1153,"Patient: Carlos Miller, DOB: 1994-04-26, MRN: MRN4806843 
 small flesh-colored skin spot; no itching, no bleeding, not painful, completely asymptomatic 👍 
 benign skin spot on trunk; no ulceration, no bleeding, no itching, no discharge 
 blood pressure 120/80; heart rate regular; patient ambulatory",benign
PAT2540,"Referred by Dr. Elena Smith; patient ID MRN0738881

patient noticed a painful red spot on skin; pus discharge noted <br/> temp 1O1F; denies itching

infected skin spot with swelling and pus drainage; on Amoxici11in; denies eczema

follow-up telemedicine consultation scheduled for next month http://telehealth.example.com",infectious
PAT2479,"Referred by Dr. Amit Khan; patient ID MRN8778123 
 skin rash on elbows and forearm; SevereItching and scaling redness; no pus, no fever 
 pruritic red skin rash; SevereItching not responding to lotion; denies pus discharge 
 patient noticed a red spot on skin; SevereItching with flaking scales; no infection, no fever 
 blood pressure 120/80; heart rate regular; patient ambulatory",inflammatory
PAT1595,"Name: Ravi Garcia | Email: jldnwb@hospital.org | Phone: +91-8539922914 	 skin spot on back; |rregular bord3rs and uneven dark color variegation; no fever, no pus 	 new dark spot on forearm; |rregular bord3rs; no purulent drainage, not painful 	 dark skin mole on shoulder; BleedingLesion after shower; no itching, no discharge, not tender 	 follow-up telemedicine consultation scheduled for next month http://telehealth.example.com",malignant
PAT2238,"Referred by Dr. Amit Patel; patient ID MRN9487660 pruritic red skin rash; SevereItching not responding to lotion; denies pus discharge skin rash on elbows and forearm; SevereItching and scaling redness; no pus, no fever vital signs stable at intake; alert and oriented x3",inflammatory
PAT2307,"Patient: Carlos Smith, DOB: 1997-12-09, MRN: MRN7950091 
 patient noticed a red spot on skin; SevereItching with flaking scales; no infection, no fever 
 skin rash on elbows and forearm; SevereItching and scaling redness; no pus, no fever 
 red skin rash with SevereItching; denies bleeding, no purulent drainage, not infected 
 patient denies drug allergies; previous medical history non-contributory",inflammatory
PAT2272,"Referred by Dr. David Garcia; patient ID MRN2855359 	 flaking red skin spot; SevereItching at night; no fever, denies wound breakdown 	 skin rash on elbows and forearm; SevereItching and scaling redness; no pus, no fever 	 patient advised on proper hydration and daily sunscreen application",inflammatory
PAT1825,"Patient: Priya Nguyen, DOB: 1961-07-27, MRN: MRN7486318 skin spot on back; |rregular bord3rs and uneven dark color variegation; no fever, no pus pigmented skin spot; not healing, changing shape; denies rash, denies fever; suspicious of MalignantMelanoma follow-up telemedicine consultation scheduled for next month http://telehealth.example.com",malignant
PAT2110,"Referred by Dr. Elena Khan; patient ID MRN2452564 
 patient noticed a red spot on skin; SevereItching with flaking scales; no infection, no fever 
 red skin rash with SevereItching; denies bleeding, no purulent drainage, not infected 
 vital signs stable at intake; alert and oriented x3",inflammatory
PAT2324,"Name: Elena Sharma | Email: setfva@hospital.org | Phone: +91-8427897540

patient noticed a red spot on skin; SevereItching with flaking scales; no infection, no fever

red skin rash with SevereItching; denies bleeding, no purulent drainage, not infected

skin rash on elbows and forearm; SevereItching and scaling redness; no pus, no fever

blood pressure 120/80; heart rate regular; patient ambulatory",inflammatory
PAT2461,"Patient: Aisha Smith, DOB: 1979-06-07, MRN: MRN4511900

red skin rash with SevereItching; denies bleeding, no purulent drainage, not infected

red itchy skin spot; intense burning sensation and SevereItching; no bleeding, not oozing

patient noticed a red spot on skin; SevereItching with flaking scales; no infection, no fever

patient advised on proper hydration and daily sunscreen application",inflammatory
PAT2375,"Referred by Dr. Carlos Miller; patient ID MRN8641493

patient noticed a red spot on skin; SevereItching with flaking scales; no infection, no fever

red skin rash with SevereItching; denies bleeding, no purulent drainage, not infected

blood pressure 120/80; heart rate regular; patient ambulatory",inflammatory
PAT2505,"Patient: Priya Sharma, DOB: 1956-10-08, MRN: MRN1347987 	 painful infected skin spot; yellow pus drainage, temp 1O1F, started on Amoxici11in 500mg; no flaking 	 skin spot on leg with BacterialCellulitis; warm, swollen, purulent drainage; denies bleeding mole 	 infected skin spot with swelling and pus drainage; on Amoxici11in; denies eczema 	 reviewed lab results; hemoglobin and renal function within normal limits",infectious
PAT2348,"Name: Amit Garcia | Email: brogjz@hospital.org | Phone: +91-6928243792 	 pruritic red skin rash; SevereItching not responding to lotion; denies pus discharge 	 red skin rash with SevereItching; denies bleeding, no purulent drainage, not infected 	 patient denies drug allergies; previous medical history non-contributory",inflammatory
PAT1880,"Referred by Dr. Carlos Garcia; patient ID MRN9247122 
 dark skin mole on shoulder; BleedingLesion after shower; no itching, no discharge, not tender 
 RapidlyEnlarging skin spot with notched borders; no infection, denies purulent drainage 
 blood pressure 120/80; heart rate regular; patient ambulatory",malignant
PAT2432,"Referred by Dr. Priya Lee; patient ID MRN7113869

patient noticed a red spot on skin; SevereItching with flaking scales; no infection, no fever

red itchy skin spot; intense burning sensation and SevereItching; no bleeding, not oozing

reviewed lab results; hemoglobin and renal function within normal limits",inflammatory
PAT1557,"Patient: Priya Khan, DOB: 1969-07-14, MRN: MRN4835370

new dark spot on forearm; |rregular bord3rs; no purulent drainage, not painful

dark skin mole on shoulder; BleedingLesion after shower; no itching, no discharge, not tender

follow-up telemedicine consultation scheduled for next month http://telehealth.example.com",malignant
PAT1853,"Referred by Dr. Carlos Smith; patient ID MRN9461411

patient noticed a dark spot on skin; BleedingLesion and rapid growth; not painful, denies itching

skin spot on back; |rregular bord3rs and uneven dark color variegation; no fever, no pus

vital signs stable at intake; alert and oriented x3",malignant
PAT1467,"Referred by Dr. John Patel; patient ID MRN0158975 stable skin mole present for years; no pain, no bleeding, not enlarged; denies fever, no pus small flesh-colored skin spot; no itching, no bleeding, not painful, completely asymptomatic 👍 benign skin spot on trunk; no ulceration, no bleeding, no itching, no discharge reviewed lab results; hemoglobin and renal function within normal limits",benign
PAT1299,"Referred by Dr. Amit Garcia; patient ID MRN3006153 	 routine check of skin spot; uniform brown color, circular border; no itching, no discharge, no redness 	 patient noticed a skin spot on arm; no itching, no bleeding, no pain, not growing, denies fever 	 stable skin mole present for years; no pain, no bleeding, not enlarged; denies fever, no pus 	 blood pressure 120/80; heart rate regular; patient ambulatory",benign
PAT1614,"Patient: Meera Garcia, DOB: 1965-02-10, MRN: MRN8122874 
 new dark spot on forearm; |rregular bord3rs; no purulent drainage, not painful 
 pigmented skin spot; not healing, changing shape; denies rash, denies fever; suspicious of MalignantMelanoma 
 RapidlyEnlarging skin spot with notched borders; no infection, denies purulent drainage 
 follow-up telemedicine consultation scheduled for next month http://telehealth.example.com",malignant
PAT2954,"Referred by Dr. Amit Patel; patient ID MRN2928361 	 wound spot on skin with BacterialCellulitis and purulent exudate; fever noted; denies itching 	 skin spot on leg with BacterialCellulitis; warm, swollen, purulent drainage; denies bleeding mole 	 infected skin spot with swelling and pus drainage; on Amoxici11in; denies eczema 	 patient advised on proper hydration and daily sunscreen application",infectious
PAT2724,Name: Priya Garcia | Email: axepue@hospital.org | Phone: +91-1607180807 	 red skin spot with localized swelling and pus discharge; elevated temperature; no chronic rash 	 patient noticed a painful red spot on skin; pus discharge noted <br/> temp 1O1F; denies itching 	 patient denies drug allergies; previous medical history non-contributory,infectious
PAT2874,Name: Priya Miller | Email: wqxwin@hospital.org | Phone: +91-7338484755 red skin spot with localized swelling and pus discharge; elevated temperature; no chronic rash patient noticed a painful red spot on skin; pus discharge noted <br/> temp 1O1F; denies itching wound spot on skin with BacterialCellulitis and purulent exudate; fever noted; denies itching blood pressure 120/80; heart rate regular; patient ambulatory,infectious
PAT2270,"Name: John Sharma | Email: wlehjq@hospital.org | Phone: +91-7258191542 
 pruritic red skin rash; SevereItching not responding to lotion; denies pus discharge 
 flaking red skin spot; SevereItching at night; no fever, denies wound breakdown 
 patient advised on proper hydration and daily sunscreen application",inflammatory
PAT1897,"Referred by Dr. David Sharma; patient ID MRN7443640

patient noticed a dark spot on skin; BleedingLesion and rapid growth; not painful, denies itching

pigmented skin spot; not healing, changing shape; denies rash, denies fever; suspicious of MalignantMelanoma

skin spot on back; |rregular bord3rs and uneven dark color variegation; no fever, no pus

reviewed lab results; hemoglobin and renal function within normal limits",malignant
PAT1842,"Referred by Dr. John Khan; patient ID MRN0934613 new dark spot on forearm; |rregular bord3rs; no purulent drainage, not painful pigmented skin spot; not healing, changing shape; denies rash, denies fever; suspicious of MalignantMelanoma vital signs stable at intake; alert and oriented x3",malignant
PAT2408,"Name: Amit Smith | Email: sglotx@hospital.org | Phone: +91-9856029076 
 pruritic red skin rash; SevereItching not responding to lotion; denies pus discharge 
 red skin rash with SevereItching; denies bleeding, no purulent drainage, not infected 
 reviewed lab results; hemoglobin and renal function within normal limits",inflammatory
PAT2397,"Patient: Sarah Sharma, DOB: 1971-04-09, MRN: MRN4030920

red itchy skin spot; intense burning sensation and SevereItching; no bleeding, not oozing

pruritic red skin rash; SevereItching not responding to lotion; denies pus discharge

flaking red skin spot; SevereItching at night; no fever, denies wound breakdown

patient advised on proper hydration and daily sunscreen application",inflammatory
PAT1613,"Patient: Sarah Nguyen, DOB: 1955-08-28, MRN: MRN1777779 patient noticed a dark spot on skin; BleedingLesion and rapid growth; not painful, denies itching skin spot on back; |rregular bord3rs and uneven dark color variegation; no fever, no pus pigmented skin spot; not healing, changing shape; denies rash, denies fever; suspicious of MalignantMelanoma follow-up telemedicine consultation scheduled for next month http://telehealth.example.com",malignant
PAT2128,"Patient: Elena Smith, DOB: 1985-09-27, MRN: MRN3028849 
 red skin rash with SevereItching; denies bleeding, no purulent drainage, not infected 
 red itchy skin spot; intense burning sensation and SevereItching; no bleeding, not oozing 
 patient denies drug allergies; previous medical history non-contributory",inflammatory
PAT1136,"Referred by Dr. Priya Lee; patient ID MRN0433907 	 routine check of skin spot; uniform brown color, circular border; no itching, no discharge, no redness 	 small flesh-colored skin spot; no itching, no bleeding, not painful, completely asymptomatic 👍 	 common skin mole; no redness, no pus, not tender, no changes in appearance 	 follow-up telemedicine consultation scheduled for next month http://telehealth.example.com",benign
PAT1413,"Patient: Aisha Nguyen, DOB: 1991-05-19, MRN: MRN0880152 
 common skin mole; no redness, no pus, not tender, no changes in appearance 
 routine check of skin spot; uniform brown color, circular border; no itching, no discharge, no redness 
 benign skin spot on trunk; no ulceration, no bleeding, no itching, no discharge 
 patient denies drug allergies; previous medical history non-contributory",benign
PAT2393,"Name: David Lee | Email: iufenb@hospital.org | Phone: +91-5287855016 patient noticed a red spot on skin; SevereItching with flaking scales; no infection, no fever red skin rash with SevereItching; denies bleeding, no purulent drainage, not infected patient denies drug allergies; previous medical history non-contributory",inflammatory
PAT2218,"Referred by Dr. Meera Garcia; patient ID MRN7533901

red skin rash with SevereItching; denies bleeding, no purulent drainage, not infected

pruritic red skin rash; SevereItching not responding to lotion; denies pus discharge

patient advised on proper hydration and daily sunscreen application",inflammatory
PAT1033,"Patient: Sarah Khan, DOB: 1989-03-13, MRN: MRN1856948 	 common skin mole; no redness, no pus, not tender, no changes in appearance 	 benign skin spot on trunk; no ulceration, no bleeding, no itching, no discharge 	 routine check of skin spot; uniform brown color, circular border; no itching, no discharge, no redness 	 patient advised on proper hydration and daily sunscreen application",benign
PAT2930,"Referred by Dr. Elena Chen; patient ID MRN5304989 	 infected skin spot with swelling and pus drainage; on Amoxici11in; denies eczema 	 painful infected skin spot; yellow pus drainage, temp 1O1F, started on Amoxici11in 500mg; no flaking 	 red skin spot with localized swelling and pus discharge; elevated temperature; no chronic rash 	 vital signs stable at intake; alert and oriented x3",infectious
PAT2383,"Referred by Dr. Meera Sharma; patient ID MRN9709378 
 red itchy skin spot; intense burning sensation and SevereItching; no bleeding, not oozing 
 skin rash on elbows and forearm; SevereItching and scaling redness; no pus, no fever 
 pruritic red skin rash; SevereItching not responding to lotion; denies pus discharge 
 patient denies drug allergies; previous medical history non-contributory",inflammatory
PAT2368,"Patient: Carlos Sharma, DOB: 1987-05-25, MRN: MRN0941340 
 pruritic red skin rash; SevereItching not responding to lotion; denies pus discharge 
 red skin rash with SevereItching; denies bleeding, no purulent drainage, not infected 
 blood pressure 120/80; heart rate regular; patient ambulatory",inflammatory
PAT2090,"Name: Ravi Sharma | Email: zetaix@hospital.org | Phone: +91-5936065245 
 skin rash on elbows and forearm; SevereItching and scaling redness; no pus, no fever 
 patient noticed a red spot on skin; SevereItching with flaking scales; no infection, no fever 
 patient advised on proper hydration and daily sunscreen application",inflammatory
PAT1247,"Referred by Dr. Amit Patel; patient ID MRN5438402 	 benign skin spot on trunk; no ulceration, no bleeding, no itching, no discharge 	 small flesh-colored skin spot; no itching, no bleeding, not painful, completely asymptomatic 👍 	 reviewed lab results; hemoglobin and renal function within normal limits",benign
PAT2899,"Referred by Dr. David Patel; patient ID MRN4387554 	 painful infected skin spot; yellow pus drainage, temp 1O1F, started on Amoxici11in 500mg; no flaking 	 wound spot on skin with BacterialCellulitis and purulent exudate; fever noted; denies itching 	 patient denies drug allergies; previous medical history non-contributory",infectious
PAT2117,"Referred by Dr. Elena Singh; patient ID MRN5441585 	 patient noticed a red spot on skin; SevereItching with flaking scales; no infection, no fever 	 red itchy skin spot; intense burning sensation and SevereItching; no bleeding, not oozing 	 patient denies drug allergies; previous medical history non-contributory",inflammatory
PAT1638,"Patient: Ravi Smith, DOB: 1950-02-04, MRN: MRN1417981 
 new dark spot on forearm; |rregular bord3rs; no purulent drainage, not painful 
 skin spot on back; |rregular bord3rs and uneven dark color variegation; no fever, no pus 
 patient noticed a dark spot on skin; BleedingLesion and rapid growth; not painful, denies itching 
 vital signs stable at intake; alert and oriented x3",malignant
PAT2807,"Referred by Dr. Meera Smith; patient ID MRN9084594 	 painful infected skin spot; yellow pus drainage, temp 1O1F, started on Amoxici11in 500mg; no flaking 	 patient noticed a painful red spot on skin; pus discharge noted <br/> temp 1O1F; denies itching 	 reviewed lab results; hemoglobin and renal function within normal limits",infectious
PAT1758,"Referred by Dr. Sarah Patel; patient ID MRN0264771 
 skin spot on back; |rregular bord3rs and uneven dark color variegation; no fever, no pus 
 dark skin mole on shoulder; BleedingLesion after shower; no itching, no discharge, not tender 
 pigmented skin spot; not healing, changing shape; denies rash, denies fever; suspicious of MalignantMelanoma 
 vital signs stable at intake; alert and oriented x3",malignant
PAT2846,"Referred by Dr. Aisha Smith; patient ID MRN2966063 red skin spot with localized swelling and pus discharge; elevated temperature; no chronic rash patient noticed a painful red spot on skin; pus discharge noted <br/> temp 1O1F; denies itching painful infected skin spot; yellow pus drainage, temp 1O1F, started on Amoxici11in 500mg; no flaking blood pressure 120/80; heart rate regular; patient ambulatory",infectious
PAT2809,"Referred by Dr. David Nguyen; patient ID MRN5432894 
 infected skin spot with swelling and pus drainage; on Amoxici11in; denies eczema 
 red skin spot with localized swelling and pus discharge; elevated temperature; no chronic rash 
 follow-up telemedicine consultation scheduled for next month http://telehealth.example.com",infectious
PAT1274,"Referred by Dr. Sarah Lee; patient ID MRN7008135 	 benign skin spot on trunk; no ulceration, no bleeding, no itching, no discharge 	 stable skin mole present for years; no pain, no bleeding, not enlarged; denies fever, no pus 	 routine check of skin spot; uniform brown color, circular border; no itching, no discharge, no redness 	 patient denies drug allergies; previous medical history non-contributory",benign
PAT1538,"Referred by Dr. Carlos Sharma; patient ID MRN1646313

new dark spot on forearm; |rregular bord3rs; no purulent drainage, not painful

patient noticed a dark spot on skin; BleedingLesion and rapid growth; not painful, denies itching

RapidlyEnlarging skin spot with notched borders; no infection, denies purulent drainage

reviewed lab results; hemoglobin and renal function within normal limits",malignant
PAT1090,"Referred by Dr. Sarah Lee; patient ID MRN0937830 patient noticed a skin spot on arm; no itching, no bleeding, no pain, not growing, denies fever benign skin spot on trunk; no ulceration, no bleeding, no itching, no discharge common skin mole; no redness, no pus, not tender, no changes in appearance vital signs stable at intake; alert and oriented x3",benign
PAT2434,"Patient: Sarah Garcia, DOB: 1999-05-11, MRN: MRN4514538 	 red skin rash with SevereItching; denies bleeding, no purulent drainage, not infected 	 skin rash on elbows and forearm; SevereItching and scaling redness; no pus, no fever 	 reviewed lab results; hemoglobin and renal function within normal limits",inflammatory
PAT2302,"Referred by Dr. Amit Nguyen; patient ID MRN5928564 
 red itchy skin spot; intense burning sensation and SevereItching; no bleeding, not oozing 
 pruritic red skin rash; SevereItching not responding to lotion; denies pus discharge 
 red skin rash with SevereItching; denies bleeding, no purulent drainage, not infected 
 patient denies drug allergies; previous medical history non-contributory",inflammatory
PAT2681,"Referred by Dr. Aisha Smith; patient ID MRN3264236 
 wound spot on skin with BacterialCellulitis and purulent exudate; fever noted; denies itching 
 painful infected skin spot; yellow pus drainage, temp 1O1F, started on Amoxici11in 500mg; no flaking 
 patient noticed a painful red spot on skin; pus discharge noted <br/> temp 1O1F; denies itching 
 reviewed lab results; hemoglobin and renal function within normal limits",infectious
PAT2343,"Name: Aisha Nguyen | Email: nlyczf@hospital.org | Phone: +91-5989974321 
 pruritic red skin rash; SevereItching not responding to lotion; denies pus discharge 
 skin rash on elbows and forearm; SevereItching and scaling redness; no pus, no fever 
 follow-up telemedicine consultation scheduled for next month http://telehealth.example.com",inflammatory
PAT1618,"Patient: John Miller, DOB: 1978-12-17, MRN: MRN0419731

skin spot on back; |rregular bord3rs and uneven dark color variegation; no fever, no pus

pigmented skin spot; not healing, changing shape; denies rash, denies fever; suspicious of MalignantMelanoma

blood pressure 120/80; heart rate regular; patient ambulatory",malignant
PAT2098,"Patient: Carlos Miller, DOB: 1961-12-05, MRN: MRN0225911 red skin rash with SevereItching; denies bleeding, no purulent drainage, not infected pruritic red skin rash; SevereItching not responding to lotion; denies pus discharge patient denies drug allergies; previous medical history non-contributory",inflammatory
PAT2835,Referred by Dr. Meera Nguyen; patient ID MRN1703832 	 patient noticed a painful red spot on skin; pus discharge noted <br/> temp 1O1F; denies itching 	 red skin spot with localized swelling and pus discharge; elevated temperature; no chronic rash 	 follow-up telemedicine consultation scheduled for next month http://telehealth.example.com,infectious
PAT1272,"Name: David Smith | Email: xftbmg@hospital.org | Phone: +91-1996415442 routine check of skin spot; uniform brown color, circular border; no itching, no discharge, no redness common skin mole; no redness, no pus, not tender, no changes in appearance vital signs stable at intake; alert and oriented x3",benign
PAT1763,"Patient: Ravi Lee, DOB: 1981-10-05, MRN: MRN4689623

RapidlyEnlarging skin spot with notched borders; no infection, denies purulent drainage

patient noticed a dark spot on skin; BleedingLesion and rapid growth; not painful, denies itching

reviewed lab results; hemoglobin and renal function within normal limits",malignant
PAT2905,"Referred by Dr. Sarah Nguyen; patient ID MRN4640677

red skin spot with localized swelling and pus discharge; elevated temperature; no chronic rash

skin spot on leg with BacterialCellulitis; warm, swollen, purulent drainage; denies bleeding mole

wound spot on skin with BacterialCellulitis and purulent exudate; fever noted; denies itching

blood pressure 120/80; heart rate regular; patient ambulatory",infectious
PAT1432,"Name: Aisha Singh | Email: ijjddb@hospital.org | Phone: +91-4426793002 	 benign skin spot on trunk; no ulceration, no bleeding, no itching, no discharge 	 small flesh-colored skin spot; no itching, no bleeding, not painful, completely asymptomatic 👍 	 blood pressure 120/80; heart rate regular; patient ambulatory",benign
PAT1052,"Name: Priya Patel | Email: cdznap@hospital.org | Phone: +91-9720474465 stable skin mole present for years; no pain, no bleeding, not enlarged; denies fever, no pus routine check of skin spot; uniform brown color, circular border; no itching, no discharge, no redness reviewed lab results; hemoglobin and renal function within normal limits",benign
PAT2586,"Name: Elena Smith | Email: fxpeqv@hospital.org | Phone: +91-3785917035 	 patient noticed a painful red spot on skin; pus discharge noted <br/> temp 1O1F; denies itching 	 skin spot on leg with BacterialCellulitis; warm, swollen, purulent drainage; denies bleeding mole 	 patient denies drug allergies; previous medical history non-contributory",infectious
PAT2866,"Patient: David Khan, DOB: 1951-11-16, MRN: MRN8703227 	 skin spot on leg with BacterialCellulitis; warm, swollen, purulent drainage; denies bleeding mole 	 red skin spot with localized swelling and pus discharge; elevated temperature; no chronic rash 	 vital signs stable at intake; alert and oriented x3",infectious
PAT1422,"Name: Priya Patel | Email: dahjzl@hospital.org | Phone: +91-6208616678 stable skin mole present for years; no pain, no bleeding, not enlarged; denies fever, no pus benign skin spot on trunk; no ulceration, no bleeding, no itching, no discharge follow-up telemedicine consultation scheduled for next month http://telehealth.example.com",benign
PAT1121,"Referred by Dr. John Miller; patient ID MRN7424214

small flesh-colored skin spot; no itching, no bleeding, not painful, completely asymptomatic 👍

stable skin mole present for years; no pain, no bleeding, not enlarged; denies fever, no pus

blood pressure 120/80; heart rate regular; patient ambulatory",benign
PAT1634,"Patient: John Chen, DOB: 2001-06-27, MRN: MRN7954311 
 patient noticed a dark spot on skin; BleedingLesion and rapid growth; not painful, denies itching 
 skin spot on back; |rregular bord3rs and uneven dark color variegation; no fever, no pus 
 pigmented skin spot; not healing, changing shape; denies rash, denies fever; suspicious of MalignantMelanoma 
 vital signs stable at intake; alert and oriented x3",malignant
PAT1438,"Patient: Priya Nguyen, DOB: 1996-07-08, MRN: MRN5489493 patient noticed a skin spot on arm; no itching, no bleeding, no pain, not growing, denies fever routine check of skin spot; uniform brown color, circular border; no itching, no discharge, no redness common skin mole; no redness, no pus, not tender, no changes in appearance blood pressure 120/80; heart rate regular; patient ambulatory",benign
PAT1308,"Referred by Dr. Priya Khan; patient ID MRN8515405

routine check of skin spot; uniform brown color, circular border; no itching, no discharge, no redness

stable skin mole present for years; no pain, no bleeding, not enlarged; denies fever, no pus

benign skin spot on trunk; no ulceration, no bleeding, no itching, no discharge

patient denies drug allergies; previous medical history non-contributory",benign
PAT1208,"Referred by Dr. Carlos Nguyen; patient ID MRN0014365 
 stable skin mole present for years; no pain, no bleeding, not enlarged; denies fever, no pus 
 routine check of skin spot; uniform brown color, circular border; no itching, no discharge, no redness 
 benign skin spot on trunk; no ulceration, no bleeding, no itching, no discharge 
 reviewed lab results; hemoglobin and renal function within normal limits",benign
PAT2100,"Patient: Priya Sharma, DOB: 1985-10-02, MRN: MRN4176391 patient noticed a red spot on skin; SevereItching with flaking scales; no infection, no fever red itchy skin spot; intense burning sensation and SevereItching; no bleeding, not oozing patient denies drug allergies; previous medical history non-contributory",inflammatory
PAT2043,"Patient: Ravi Smith, DOB: 1982-05-18, MRN: MRN3428182 red itchy skin spot; intense burning sensation and SevereItching; no bleeding, not oozing red skin rash with SevereItching; denies bleeding, no purulent drainage, not infected blood pressure 120/80; heart rate regular; patient ambulatory",inflammatory
PAT2847,"Name: John Patel | Email: muxnsq@hospital.org | Phone: +91-3466359015 wound spot on skin with BacterialCellulitis and purulent exudate; fever noted; denies itching painful infected skin spot; yellow pus drainage, temp 1O1F, started on Amoxici11in 500mg; no flaking reviewed lab results; hemoglobin and renal function within normal limits",infectious
PAT2565,"Referred by Dr. Carlos Lee; patient ID MRN5890001 
 infected skin spot with swelling and pus drainage; on Amoxici11in; denies eczema 
 patient noticed a painful red spot on skin; pus discharge noted <br/> temp 1O1F; denies itching 
 blood pressure 120/80; heart rate regular; patient ambulatory",infectious
PAT1982,"Patient: Amit Miller, DOB: 2000-08-02, MRN: MRN7583133 dark skin mole on shoulder; BleedingLesion after shower; no itching, no discharge, not tender skin spot on back; |rregular bord3rs and uneven dark color variegation; no fever, no pus new dark spot on forearm; |rregular bord3rs; no purulent drainage, not painful follow-up telemedicine consultation scheduled for next month http://telehealth.example.com",malignant
PAT2715,"Referred by Dr. Carlos Miller; patient ID MRN8322217

red skin spot with localized swelling and pus discharge; elevated temperature; no chronic rash

infected skin spot with swelling and pus drainage; on Amoxici11in; denies eczema

painful infected skin spot; yellow pus drainage, temp 1O1F, started on Amoxici11in 500mg; no flaking

blood pressure 120/80; heart rate regular; patient ambulatory",infectious
PAT1148,"Referred by Dr. Carlos Singh; patient ID MRN7437108 	 routine check of skin spot; uniform brown color, circular border; no itching, no discharge, no redness 	 benign skin spot on trunk; no ulceration, no bleeding, no itching, no discharge 	 stable skin mole present for years; no pain, no bleeding, not enlarged; denies fever, no pus 	 follow-up telemedicine consultation scheduled for next month http://telehealth.example.com",benign
PAT2410,"Referred by Dr. Amit Sharma; patient ID MRN7078776

red itchy skin spot; intense burning sensation and SevereItching; no bleeding, not oozing

flaking red skin spot; SevereItching at night; no fever, denies wound breakdown

patient advised on proper hydration and daily sunscreen application",inflammatory
PAT2675,"Referred by Dr. John Sharma; patient ID MRN1286691

patient noticed a painful red spot on skin; pus discharge noted <br/> temp 1O1F; denies itching

painful infected skin spot; yellow pus drainage, temp 1O1F, started on Amoxici11in 500mg; no flaking

infected skin spot with swelling and pus drainage; on Amoxici11in; denies eczema

vital signs stable at intake; alert and oriented x3",infectious
PAT2545,"Patient: David Garcia, DOB: 1996-06-13, MRN: MRN8476003

infected skin spot with swelling and pus drainage; on Amoxici11in; denies eczema

skin spot on leg with BacterialCellulitis; warm, swollen, purulent drainage; denies bleeding mole

patient noticed a painful red spot on skin; pus discharge noted <br/> temp 1O1F; denies itching

patient denies drug allergies; previous medical history non-contributory",infectious
PAT1935,"Referred by Dr. Priya Lee; patient ID MRN3000679 
 dark skin mole on shoulder; BleedingLesion after shower; no itching, no discharge, not tender 
 patient noticed a dark spot on skin; BleedingLesion and rapid growth; not painful, denies itching 
 new dark spot on forearm; |rregular bord3rs; no purulent drainage, not painful 
 patient advised on proper hydration and daily sunscreen application",malignant
PAT2732,Referred by Dr. Elena Garcia; patient ID MRN4771049 wound spot on skin with BacterialCellulitis and purulent exudate; fever noted; denies itching infected skin spot with swelling and pus drainage; on Amoxici11in; denies eczema red skin spot with localized swelling and pus discharge; elevated temperature; no chronic rash reviewed lab results; hemoglobin and renal function within normal limits,infectious
PAT1204,"Patient: Elena Sharma, DOB: 1969-10-26, MRN: MRN4335845 common skin mole; no redness, no pus, not tender, no changes in appearance patient noticed a skin spot on arm; no itching, no bleeding, no pain, not growing, denies fever routine check of skin spot; uniform brown color, circular border; no itching, no discharge, no redness vital signs stable at intake; alert and oriented x3",benign
PAT1681,"Name: Elena Nguyen | Email: szuaog@hospital.org | Phone: +91-9254262693

patient noticed a dark spot on skin; BleedingLesion and rapid growth; not painful, denies itching

pigmented skin spot; not healing, changing shape; denies rash, denies fever; suspicious of MalignantMelanoma

vital signs stable at intake; alert and oriented x3",malignant
PAT2127,"Patient: Aisha Patel, DOB: 1989-12-22, MRN: MRN2769223 	 red itchy skin spot; intense burning sensation and SevereItching; no bleeding, not oozing 	 skin rash on elbows and forearm; SevereItching and scaling redness; no pus, no fever 	 patient denies drug allergies; previous medical history non-contributory",inflammatory
PAT2890,"Name: Meera Garcia | Email: ovomhj@hospital.org | Phone: +91-5607686493 	 wound spot on skin with BacterialCellulitis and purulent exudate; fever noted; denies itching 	 skin spot on leg with BacterialCellulitis; warm, swollen, purulent drainage; denies bleeding mole 	 blood pressure 120/80; heart rate regular; patient ambulatory",infectious
PAT2621,Referred by Dr. John Miller; patient ID MRN8542581 	 infected skin spot with swelling and pus drainage; on Amoxici11in; denies eczema 	 patient noticed a painful red spot on skin; pus discharge noted <br/> temp 1O1F; denies itching 	 patient advised on proper hydration and daily sunscreen application,infectious
PAT1685,"Name: Elena Khan | Email: grmikn@hospital.org | Phone: +91-3068942302 	 new dark spot on forearm; |rregular bord3rs; no purulent drainage, not painful 	 patient noticed a dark spot on skin; BleedingLesion and rapid growth; not painful, denies itching 	 dark skin mole on shoulder; BleedingLesion after shower; no itching, no discharge, not tender 	 follow-up telemedicine consultation scheduled for next month http://telehealth.example.com",malignant
PAT1249,"Patient: Ravi Smith, DOB: 1993-12-24, MRN: MRN7851961 small flesh-colored skin spot; no itching, no bleeding, not painful, completely asymptomatic 👍 patient noticed a skin spot on arm; no itching, no bleeding, no pain, not growing, denies fever patient denies drug allergies; previous medical history non-contributory",benign
PAT1752,"Name: Carlos Khan | Email: jponvi@hospital.org | Phone: +91-8929984809

dark skin mole on shoulder; BleedingLesion after shower; no itching, no discharge, not tender

patient noticed a dark spot on skin; BleedingLesion and rapid growth; not painful, denies itching

reviewed lab results; hemoglobin and renal function within normal limits",malignant
PAT1216,"Patient: Meera Lee, DOB: 1980-11-15, MRN: MRN3025734 	 common skin mole; no redness, no pus, not tender, no changes in appearance 	 benign skin spot on trunk; no ulceration, no bleeding, no itching, no discharge 	 patient noticed a skin spot on arm; no itching, no bleeding, no pain, not growing, denies fever 	 blood pressure 120/80; heart rate regular; patient ambulatory",benign
PAT1149,"Patient: Meera Lee, DOB: 1955-10-11, MRN: MRN4340741 patient noticed a skin spot on arm; no itching, no bleeding, no pain, not growing, denies fever small flesh-colored skin spot; no itching, no bleeding, not painful, completely asymptomatic 👍 common skin mole; no redness, no pus, not tender, no changes in appearance reviewed lab results; hemoglobin and renal function within normal limits",benign
PAT1095,"Name: David Patel | Email: qzvrjk@hospital.org | Phone: +91-1003990338 
 small flesh-colored skin spot; no itching, no bleeding, not painful, completely asymptomatic 👍 
 patient noticed a skin spot on arm; no itching, no bleeding, no pain, not growing, denies fever 
 patient advised on proper hydration and daily sunscreen application",benign
PAT1736,"Name: Aisha Khan | Email: kblcio@hospital.org | Phone: +91-4614821896 RapidlyEnlarging skin spot with notched borders; no infection, denies purulent drainage pigmented skin spot; not healing, changing shape; denies rash, denies fever; suspicious of MalignantMelanoma reviewed lab results; hemoglobin and renal function within normal limits",malignant
PAT2883,"Patient: Ravi Miller, DOB: 1960-02-07, MRN: MRN7501989 	 painful infected skin spot; yellow pus drainage, temp 1O1F, started on Amoxici11in 500mg; no flaking 	 patient noticed a painful red spot on skin; pus discharge noted <br/> temp 1O1F; denies itching 	 vital signs stable at intake; alert and oriented x3",infectious
PAT2032,"Patient: Sarah Khan, DOB: 1953-01-26, MRN: MRN0860884

red skin rash with SevereItching; denies bleeding, no purulent drainage, not infected

patient noticed a red spot on skin; SevereItching with flaking scales; no infection, no fever

patient denies drug allergies; previous medical history non-contributory",inflammatory
PAT2546,Referred by Dr. Priya Sharma; patient ID MRN1726848 infected skin spot with swelling and pus drainage; on Amoxici11in; denies eczema wound spot on skin with BacterialCellulitis and purulent exudate; fever noted; denies itching patient noticed a painful red spot on skin; pus discharge noted <br/> temp 1O1F; denies itching blood pressure 120/80; heart rate regular; patient ambulatory,infectious
PAT2058,"Referred by Dr. Priya Sharma; patient ID MRN1654980 patient noticed a red spot on skin; SevereItching with flaking scales; no infection, no fever flaking red skin spot; SevereItching at night; no fever, denies wound breakdown skin rash on elbows and forearm; SevereItching and scaling redness; no pus, no fever reviewed lab results; hemoglobin and renal function within normal limits",inflammatory
PAT2990,"Patient: Sarah Sharma, DOB: 1988-05-10, MRN: MRN7568102 
 infected skin spot with swelling and pus drainage; on Amoxici11in; denies eczema 
 patient noticed a painful red spot on skin; pus discharge noted <br/> temp 1O1F; denies itching 
 red skin spot with localized swelling and pus discharge; elevated temperature; no chronic rash 
 reviewed lab results; hemoglobin and renal function within normal limits",infectious
PAT1468,"Patient: Priya Singh, DOB: 2003-09-06, MRN: MRN0728851 
 patient noticed a skin spot on arm; no itching, no bleeding, no pain, not growing, denies fever 
 common skin mole; no redness, no pus, not tender, no changes in appearance 
 vital signs stable at intake; alert and oriented x3",benign
PAT1435,"Referred by Dr. Ravi Miller; patient ID MRN1356673 
 patient noticed a skin spot on arm; no itching, no bleeding, no pain, not growing, denies fever 
 common skin mole; no redness, no pus, not tender, no changes in appearance 
 patient denies drug allergies; previous medical history non-contributory",benign
PAT1540,"Patient: David Singh, DOB: 1976-02-21, MRN: MRN3814414

patient noticed a dark spot on skin; BleedingLesion and rapid growth; not painful, denies itching

pigmented skin spot; not healing, changing shape; denies rash, denies fever; suspicious of MalignantMelanoma

dark skin mole on shoulder; BleedingLesion after shower; no itching, no discharge, not tender

reviewed lab results; hemoglobin and renal function within normal limits",malignant
PAT1176,"Referred by Dr. Meera Khan; patient ID MRN1826338 routine check of skin spot; uniform brown color, circular border; no itching, no discharge, no redness stable skin mole present for years; no pain, no bleeding, not enlarged; denies fever, no pus patient noticed a skin spot on arm; no itching, no bleeding, no pain, not growing, denies fever patient denies drug allergies; previous medical history non-contributory",benign
PAT1471,"Referred by Dr. Carlos Singh; patient ID MRN7503414 	 common skin mole; no redness, no pus, not tender, no changes in appearance 	 stable skin mole present for years; no pain, no bleeding, not enlarged; denies fever, no pus 	 patient noticed a skin spot on arm; no itching, no bleeding, no pain, not growing, denies fever 	 vital signs stable at intake; alert and oriented x3",benign
PAT1042,"Referred by Dr. Aisha Patel; patient ID MRN3360430 
 patient noticed a skin spot on arm; no itching, no bleeding, no pain, not growing, denies fever 
 routine check of skin spot; uniform brown color, circular border; no itching, no discharge, no redness 
 reviewed lab results; hemoglobin and renal function within normal limits",benign
PAT2682,"Patient: Amit Sharma, DOB: 1975-01-04, MRN: MRN2106736 
 skin spot on leg with BacterialCellulitis; warm, swollen, purulent drainage; denies bleeding mole 
 infected skin spot with swelling and pus drainage; on Amoxici11in; denies eczema 
 vital signs stable at intake; alert and oriented x3",infectious
PAT1967,"Patient: Sarah Miller, DOB: 1954-09-06, MRN: MRN2212443

patient noticed a dark spot on skin; BleedingLesion and rapid growth; not painful, denies itching

RapidlyEnlarging skin spot with notched borders; no infection, denies purulent drainage

blood pressure 120/80; heart rate regular; patient ambulatory",malignant
PAT2512,"Name: Elena Patel | Email: opnouu@hospital.org | Phone: +91-8478657375 red skin spot with localized swelling and pus discharge; elevated temperature; no chronic rash skin spot on leg with BacterialCellulitis; warm, swollen, purulent drainage; denies bleeding mole wound spot on skin with BacterialCellulitis and purulent exudate; fever noted; denies itching follow-up telemedicine consultation scheduled for next month http://telehealth.example.com",infectious
PAT2605,"Name: Carlos Singh | Email: mqnwxd@hospital.org | Phone: +91-6059022622

skin spot on leg with BacterialCellulitis; warm, swollen, purulent drainage; denies bleeding mole

wound spot on skin with BacterialCellulitis and purulent exudate; fever noted; denies itching

patient denies drug allergies; previous medical history non-contributory",infectious
PAT1732,"Referred by Dr. Carlos Miller; patient ID MRN4661445 	 new dark spot on forearm; |rregular bord3rs; no purulent drainage, not painful 	 pigmented skin spot; not healing, changing shape; denies rash, denies fever; suspicious of MalignantMelanoma 	 patient noticed a dark spot on skin; BleedingLesion and rapid growth; not painful, denies itching 	 follow-up telemedicine consultation scheduled for next month http://telehealth.example.com",malignant
PAT1654,"Name: Meera Lee | Email: fgokqk@hospital.org | Phone: +91-1497657612

RapidlyEnlarging skin spot with notched borders; no infection, denies purulent drainage

patient noticed a dark spot on skin; BleedingLesion and rapid growth; not painful, denies itching

pigmented skin spot; not healing, changing shape; denies rash, denies fever; suspicious of MalignantMelanoma

vital signs stable at intake; alert and oriented x3",malignant
PAT1251,"Referred by Dr. Aisha Chen; patient ID MRN4438558

routine check of skin spot; uniform brown color, circular border; no itching, no discharge, no redness

common skin mole; no redness, no pus, not tender, no changes in appearance

vital signs stable at intake; alert and oriented x3",benign
PAT2197,"Name: David Singh | Email: aufdas@hospital.org | Phone: +91-7548198556

patient noticed a red spot on skin; SevereItching with flaking scales; no infection, no fever

red itchy skin spot; intense burning sensation and SevereItching; no bleeding, not oozing

blood pressure 120/80; heart rate regular; patient ambulatory",inflammatory
PAT1997,"Name: Sarah Smith | Email: xajusg@hospital.org | Phone: +91-3445917185

pigmented skin spot; not healing, changing shape; denies rash, denies fever; suspicious of MalignantMelanoma

dark skin mole on shoulder; BleedingLesion after shower; no itching, no discharge, not tender

patient advised on proper hydration and daily sunscreen application",malignant
PAT1374,"Name: Carlos Sharma | Email: rlxkoc@hospital.org | Phone: +91-6526300119

benign skin spot on trunk; no ulceration, no bleeding, no itching, no discharge

stable skin mole present for years; no pain, no bleeding, not enlarged; denies fever, no pus

patient advised on proper hydration and daily sunscreen application",benign
PAT2714,"Name: Amit Lee | Email: zliatw@hospital.org | Phone: +91-1403235415 
 red skin spot with localized swelling and pus discharge; elevated temperature; no chronic rash 
 wound spot on skin with BacterialCellulitis and purulent exudate; fever noted; denies itching 
 vital signs stable at intake; alert and oriented x3",infectious
PAT2849,"Patient: John Chen, DOB: 1951-04-05, MRN: MRN4247448 
 wound spot on skin with BacterialCellulitis and purulent exudate; fever noted; denies itching 
 red skin spot with localized swelling and pus discharge; elevated temperature; no chronic rash 
 follow-up telemedicine consultation scheduled for next month http://telehealth.example.com",infectious
PAT2816,"Patient: Elena Khan, DOB: 1971-09-11, MRN: MRN8283259 	 red skin spot with localized swelling and pus discharge; elevated temperature; no chronic rash 	 infected skin spot with swelling and pus drainage; on Amoxici11in; denies eczema 	 painful infected skin spot; yellow pus drainage, temp 1O1F, started on Amoxici11in 500mg; no flaking 	 follow-up telemedicine consultation scheduled for next month http://telehealth.example.com",infectious
PAT2260,"Patient: Elena Patel, DOB: 1985-08-24, MRN: MRN1382578 red skin rash with SevereItching; denies bleeding, no purulent drainage, not infected skin rash on elbows and forearm; SevereItching and scaling redness; no pus, no fever follow-up telemedicine consultation scheduled for next month http://telehealth.example.com",inflammatory
PAT1152,"Name: Elena Nguyen | Email: mtzjtk@hospital.org | Phone: +91-6933841618

patient noticed a skin spot on arm; no itching, no bleeding, no pain, not growing, denies fever

common skin mole; no redness, no pus, not tender, no changes in appearance

patient advised on proper hydration and daily sunscreen application",benign
PAT1504,"Referred by Dr. Aisha Sharma; patient ID MRN1255076 pigmented skin spot; not healing, changing shape; denies rash, denies fever; suspicious of MalignantMelanoma skin spot on back; |rregular bord3rs and uneven dark color variegation; no fever, no pus vital signs stable at intake; alert and oriented x3",malignant
PAT2948,Referred by Dr. Ravi Lee; patient ID MRN2413998 	 patient noticed a painful red spot on skin; pus discharge noted <br/> temp 1O1F; denies itching 	 wound spot on skin with BacterialCellulitis and purulent exudate; fever noted; denies itching 	 vital signs stable at intake; alert and oriented x3,infectious
PAT1697,"Name: John Smith | Email: iripfj@hospital.org | Phone: +91-4802213665

skin spot on back; |rregular bord3rs and uneven dark color variegation; no fever, no pus

new dark spot on forearm; |rregular bord3rs; no purulent drainage, not painful

patient noticed a dark spot on skin; BleedingLesion and rapid growth; not painful, denies itching

vital signs stable at intake; alert and oriented x3",malignant
PAT1410,"Referred by Dr. Elena Chen; patient ID MRN7838673 
 routine check of skin spot; uniform brown color, circular border; no itching, no discharge, no redness 
 patient noticed a skin spot on arm; no itching, no bleeding, no pain, not growing, denies fever 
 follow-up telemedicine consultation scheduled for next month http://telehealth.example.com",benign
PAT1398,"Patient: David Nguyen, DOB: 2005-09-09, MRN: MRN8568659 	 patient noticed a skin spot on arm; no itching, no bleeding, no pain, not growing, denies fever 	 routine check of skin spot; uniform brown color, circular border; no itching, no discharge, no redness 	 blood pressure 120/80; heart rate regular; patient ambulatory",benign
PAT1684,"Name: Carlos Miller | Email: vcnlii@hospital.org | Phone: +91-8541436245

new dark spot on forearm; |rregular bord3rs; no purulent drainage, not painful

skin spot on back; |rregular bord3rs and uneven dark color variegation; no fever, no pus

patient denies drug allergies; previous medical history non-contributory",malignant
PAT1700,"Name: Aisha Nguyen | Email: agurgq@hospital.org | Phone: +91-0847183854 	 dark skin mole on shoulder; BleedingLesion after shower; no itching, no discharge, not tender 	 patient noticed a dark spot on skin; BleedingLesion and rapid growth; not painful, denies itching 	 blood pressure 120/80; heart rate regular; patient ambulatory",malignant
PAT2887,"Referred by Dr. Carlos Singh; patient ID MRN2419215 
 patient noticed a painful red spot on skin; pus discharge noted <br/> temp 1O1F; denies itching 
 wound spot on skin with BacterialCellulitis and purulent exudate; fever noted; denies itching 
 painful infected skin spot; yellow pus drainage, temp 1O1F, started on Amoxici11in 500mg; no flaking 
 reviewed lab results; hemoglobin and renal function within normal limits",infectious
PAT2167,"Name: Sarah Miller | Email: thevfu@hospital.org | Phone: +91-2469824033 	 skin rash on elbows and forearm; SevereItching and scaling redness; no pus, no fever 	 red itchy skin spot; intense burning sensation and SevereItching; no bleeding, not oozing 	 patient denies drug allergies; previous medical history non-contributory",inflammatory
PAT2306,"Name: Priya Miller | Email: qstdxr@hospital.org | Phone: +91-1043496837 
 red itchy skin spot; intense burning sensation and SevereItching; no bleeding, not oozing 
 flaking red skin spot; SevereItching at night; no fever, denies wound breakdown 
 patient advised on proper hydration and daily sunscreen application",inflammatory
PAT2935,"Name: Ravi Sharma | Email: iimjls@hospital.org | Phone: +91-9067307986 	 painful infected skin spot; yellow pus drainage, temp 1O1F, started on Amoxici11in 500mg; no flaking 	 wound spot on skin with BacterialCellulitis and purulent exudate; fever noted; denies itching 	 reviewed lab results; hemoglobin and renal function within normal limits",infectious
PAT1563,"Referred by Dr. Ravi Nguyen; patient ID MRN4444778 
 pigmented skin spot; not healing, changing shape; denies rash, denies fever; suspicious of MalignantMelanoma 
 new dark spot on forearm; |rregular bord3rs; no purulent drainage, not painful 
 follow-up telemedicine consultation scheduled for next month http://telehealth.example.com",malignant
PAT1365,"Name: Aisha Miller | Email: lwbgsy@hospital.org | Phone: +91-1620957990 	 benign skin spot on trunk; no ulceration, no bleeding, no itching, no discharge 	 routine check of skin spot; uniform brown color, circular border; no itching, no discharge, no redness 	 blood pressure 120/80; heart rate regular; patient ambulatory",benign
PAT1094,"Referred by Dr. Sarah Garcia; patient ID MRN2517270 	 stable skin mole present for years; no pain, no bleeding, not enlarged; denies fever, no pus 	 common skin mole; no redness, no pus, not tender, no changes in appearance 	 benign skin spot on trunk; no ulceration, no bleeding, no itching, no discharge 	 follow-up telemedicine consultation scheduled for next month http://telehealth.example.com",benign
PAT2151,"Patient: Priya Garcia, DOB: 1991-02-24, MRN: MRN4026727 pruritic red skin rash; SevereItching not responding to lotion; denies pus discharge red itchy skin spot; intense burning sensation and SevereItching; no bleeding, not oozing patient noticed a red spot on skin; SevereItching with flaking scales; no infection, no fever blood pressure 120/80; heart rate regular; patient ambulatory",inflammatory
PAT1917,"Patient: Meera Sharma, DOB: 1988-04-27, MRN: MRN0017463 
 dark skin mole on shoulder; BleedingLesion after shower; no itching, no discharge, not tender 
 patient noticed a dark spot on skin; BleedingLesion and rapid growth; not painful, denies itching 
 pigmented skin spot; not healing, changing shape; denies rash, denies fever; suspicious of MalignantMelanoma 
 blood pressure 120/80; heart rate regular; patient ambulatory",malignant
PAT1969,"Name: Elena Patel | Email: yzxovp@hospital.org | Phone: +91-3015669408 
 dark skin mole on shoulder; BleedingLesion after shower; no itching, no discharge, not tender 
 pigmented skin spot; not healing, changing shape; denies rash, denies fever; suspicious of MalignantMelanoma 
 patient noticed a dark spot on skin; BleedingLesion and rapid growth; not painful, denies itching 
 follow-up telemedicine consultation scheduled for next month http://telehealth.example.com",malignant
PAT2541,"Patient: Carlos Singh, DOB: 1961-03-08, MRN: MRN9301739 infected skin spot with swelling and pus drainage; on Amoxici11in; denies eczema skin spot on leg with BacterialCellulitis; warm, swollen, purulent drainage; denies bleeding mole blood pressure 120/80; heart rate regular; patient ambulatory",infectious
PAT1296,"Name: David Lee | Email: gqxbxz@hospital.org | Phone: +91-6594520376 	 benign skin spot on trunk; no ulceration, no bleeding, no itching, no discharge 	 routine check of skin spot; uniform brown color, circular border; no itching, no discharge, no redness 	 follow-up telemedicine consultation scheduled for next month http://telehealth.example.com",benign
PAT2415,"Patient: Meera Singh, DOB: 1972-04-24, MRN: MRN4748343 	 flaking red skin spot; SevereItching at night; no fever, denies wound breakdown 	 red skin rash with SevereItching; denies bleeding, no purulent drainage, not infected 	 patient advised on proper hydration and daily sunscreen application",inflammatory
PAT1629,"Patient: John Lee, DOB: 1953-03-28, MRN: MRN6194747

RapidlyEnlarging skin spot with notched borders; no infection, denies purulent drainage

pigmented skin spot; not healing, changing shape; denies rash, denies fever; suspicious of MalignantMelanoma

new dark spot on forearm; |rregular bord3rs; no purulent drainage, not painful

patient denies drug allergies; previous medical history non-contributory",malignant
PAT1703,"Name: Meera Chen | Email: dajlry@hospital.org | Phone: +91-8612212602 	 new dark spot on forearm; |rregular bord3rs; no purulent drainage, not painful 	 pigmented skin spot; not healing, changing shape; denies rash, denies fever; suspicious of MalignantMelanoma 	 patient denies drug allergies; previous medical history non-contributory",malignant
PAT1400,"Referred by Dr. Meera Patel; patient ID MRN4465908 	 routine check of skin spot; uniform brown color, circular border; no itching, no discharge, no redness 	 stable skin mole present for years; no pain, no bleeding, not enlarged; denies fever, no pus 	 common skin mole; no redness, no pus, not tender, no changes in appearance 	 follow-up telemedicine consultation scheduled for next month http://telehealth.example.com",benign
PAT2271,"Patient: Ravi Smith, DOB: 1971-06-07, MRN: MRN2101479 
 pruritic red skin rash; SevereItching not responding to lotion; denies pus discharge 
 red itchy skin spot; intense burning sensation and SevereItching; no bleeding, not oozing 
 follow-up telemedicine consultation scheduled for next month http://telehealth.example.com",inflammatory
PAT2955,"Patient: John Miller, DOB: 1959-08-18, MRN: MRN8542419 	 red skin spot with localized swelling and pus discharge; elevated temperature; no chronic rash 	 painful infected skin spot; yellow pus drainage, temp 1O1F, started on Amoxici11in 500mg; no flaking 	 patient denies drug allergies; previous medical history non-contributory",infectious
PAT2684,"Name: Amit Singh | Email: liulwj@hospital.org | Phone: +91-3055525195

painful infected skin spot; yellow pus drainage, temp 1O1F, started on Amoxici11in 500mg; no flaking

skin spot on leg with BacterialCellulitis; warm, swollen, purulent drainage; denies bleeding mole

red skin spot with localized swelling and pus discharge; elevated temperature; no chronic rash

follow-up telemedicine consultation scheduled for next month http://telehealth.example.com",infectious
PAT2524,"Referred by Dr. Amit Nguyen; patient ID MRN7916322 skin spot on leg with BacterialCellulitis; warm, swollen, purulent drainage; denies bleeding mole painful infected skin spot; yellow pus drainage, temp 1O1F, started on Amoxici11in 500mg; no flaking patient advised on proper hydration and daily sunscreen application",infectious
PAT1500,"Referred by Dr. David Khan; patient ID MRN2141368 benign skin spot on trunk; no ulceration, no bleeding, no itching, no discharge small flesh-colored skin spot; no itching, no bleeding, not painful, completely asymptomatic 👍 patient denies drug allergies; previous medical history non-contributory",benign
PAT1257,"Patient: Sarah Singh, DOB: 2001-04-24, MRN: MRN3423177 	 stable skin mole present for years; no pain, no bleeding, not enlarged; denies fever, no pus 	 benign skin spot on trunk; no ulceration, no bleeding, no itching, no discharge 	 follow-up telemedicine consultation scheduled for next month http://telehealth.example.com",benign
PAT2065,"Patient: John Khan, DOB: 1954-08-07, MRN: MRN4130965 
 red itchy skin spot; intense burning sensation and SevereItching; no bleeding, not oozing 
 flaking red skin spot; SevereItching at night; no fever, denies wound breakdown 
 blood pressure 120/80; heart rate regular; patient ambulatory",inflammatory
PAT1891,"Referred by Dr. Amit Nguyen; patient ID MRN5773430 skin spot on back; |rregular bord3rs and uneven dark color variegation; no fever, no pus new dark spot on forearm; |rregular bord3rs; no purulent drainage, not painful patient noticed a dark spot on skin; BleedingLesion and rapid growth; not painful, denies itching patient denies drug allergies; previous medical history non-contributory",malignant
PAT2880,"Name: John Miller | Email: fpfuga@hospital.org | Phone: +91-8684824527 
 skin spot on leg with BacterialCellulitis; warm, swollen, purulent drainage; denies bleeding mole 
 patient noticed a painful red spot on skin; pus discharge noted <br/> temp 1O1F; denies itching 
 patient denies drug allergies; previous medical history non-contributory",infectious
PAT1015,"Name: Ravi Chen | Email: sjqsjc@hospital.org | Phone: +91-3804057076 	 common skin mole; no redness, no pus, not tender, no changes in appearance 	 benign skin spot on trunk; no ulceration, no bleeding, no itching, no discharge 	 vital signs stable at intake; alert and oriented x3",benign
PAT2364,"Name: Ravi Singh | Email: uxujsv@hospital.org | Phone: +91-7437701669 	 red itchy skin spot; intense burning sensation and SevereItching; no bleeding, not oozing 	 flaking red skin spot; SevereItching at night; no fever, denies wound breakdown 	 reviewed lab results; hemoglobin and renal function within normal limits",inflammatory
PAT2303,"Name: John Khan | Email: tsvqnd@hospital.org | Phone: +91-6466294398 red itchy skin spot; intense burning sensation and SevereItching; no bleeding, not oozing skin rash on elbows and forearm; SevereItching and scaling redness; no pus, no fever patient denies drug allergies; previous medical history non-contributory",inflammatory
PAT2469,"Patient: Aisha Smith, DOB: 1979-10-28, MRN: MRN2244011 patient noticed a red spot on skin; SevereItching with flaking scales; no infection, no fever red skin rash with SevereItching; denies bleeding, no purulent drainage, not infected skin rash on elbows and forearm; SevereItching and scaling redness; no pus, no fever patient advised on proper hydration and daily sunscreen application",inflammatory
PAT2042,"Patient: Aisha Miller, DOB: 1994-01-12, MRN: MRN0057441 skin rash on elbows and forearm; SevereItching and scaling redness; no pus, no fever red itchy skin spot; intense burning sensation and SevereItching; no bleeding, not oozing red skin rash with SevereItching; denies bleeding, no purulent drainage, not infected patient advised on proper hydration and daily sunscreen application",inflammatory
PAT1924,"Referred by Dr. Meera Lee; patient ID MRN7832328

pigmented skin spot; not healing, changing shape; denies rash, denies fever; suspicious of MalignantMelanoma

new dark spot on forearm; |rregular bord3rs; no purulent drainage, not painful

dark skin mole on shoulder; BleedingLesion after shower; no itching, no discharge, not tender

patient denies drug allergies; previous medical history non-contributory",malignant
PAT1558,"Name: Aisha Nguyen | Email: wdqpvy@hospital.org | Phone: +91-5720972557 
 patient noticed a dark spot on skin; BleedingLesion and rapid growth; not painful, denies itching 
 pigmented skin spot; not healing, changing shape; denies rash, denies fever; suspicious of MalignantMelanoma 
 skin spot on back; |rregular bord3rs and uneven dark color variegation; no fever, no pus 
 patient advised on proper hydration and daily sunscreen application",malignant
PAT1787,"Patient: John Patel, DOB: 1973-08-24, MRN: MRN7293064 skin spot on back; |rregular bord3rs and uneven dark color variegation; no fever, no pus pigmented skin spot; not healing, changing shape; denies rash, denies fever; suspicious of MalignantMelanoma RapidlyEnlarging skin spot with notched borders; no infection, denies purulent drainage reviewed lab results; hemoglobin and renal function within normal limits",malignant
PAT2456,"Referred by Dr. Sarah Smith; patient ID MRN9540658

skin rash on elbows and forearm; SevereItching and scaling redness; no pus, no fever

red itchy skin spot; intense burning sensation and SevereItching; no bleeding, not oozing

vital signs stable at intake; alert and oriented x3",inflammatory
PAT1078,"Patient: David Miller, DOB: 1997-06-23, MRN: MRN3331479 
 common skin mole; no redness, no pus, not tender, no changes in appearance 
 routine check of skin spot; uniform brown color, circular border; no itching, no discharge, no redness 
 patient noticed a skin spot on arm; no itching, no bleeding, no pain, not growing, denies fever 
 reviewed lab results; hemoglobin and renal function within normal limits",benign
PAT1279,"Patient: Amit Lee, DOB: 1998-07-13, MRN: MRN9297744 
 patient noticed a skin spot on arm; no itching, no bleeding, no pain, not growing, denies fever 
 common skin mole; no redness, no pus, not tender, no changes in appearance 
 reviewed lab results; hemoglobin and renal function within normal limits",benign
PAT1392,"Patient: Priya Singh, DOB: 1965-12-27, MRN: MRN4966987 
 small flesh-colored skin spot; no itching, no bleeding, not painful, completely asymptomatic 👍 
 patient noticed a skin spot on arm; no itching, no bleeding, no pain, not growing, denies fever 
 vital signs stable at intake; alert and oriented x3",benign
PAT2791,"Patient: Elena Khan, DOB: 1992-04-08, MRN: MRN7876755 patient noticed a painful red spot on skin; pus discharge noted <br/> temp 1O1F; denies itching infected skin spot with swelling and pus drainage; on Amoxici11in; denies eczema wound spot on skin with BacterialCellulitis and purulent exudate; fever noted; denies itching patient denies drug allergies; previous medical history non-contributory",infectious
PAT2036,"Patient: Priya Singh, DOB: 1993-10-08, MRN: MRN5231111

red itchy skin spot; intense burning sensation and SevereItching; no bleeding, not oozing

pruritic red skin rash; SevereItching not responding to lotion; denies pus discharge

patient advised on proper hydration and daily sunscreen application",inflammatory
PAT2481,"Referred by Dr. Elena Garcia; patient ID MRN8587773 red skin rash with SevereItching; denies bleeding, no purulent drainage, not infected pruritic red skin rash; SevereItching not responding to lotion; denies pus discharge reviewed lab results; hemoglobin and renal function within normal limits",inflammatory
PAT2366,"Patient: David Garcia, DOB: 1985-11-11, MRN: MRN5743860 skin rash on elbows and forearm; SevereItching and scaling redness; no pus, no fever patient noticed a red spot on skin; SevereItching with flaking scales; no infection, no fever red itchy skin spot; intense burning sensation and SevereItching; no bleeding, not oozing follow-up telemedicine consultation scheduled for next month http://telehealth.example.com",inflammatory
PAT1024,"Referred by Dr. Ravi Patel; patient ID MRN1495564

routine check of skin spot; uniform brown color, circular border; no itching, no discharge, no redness

common skin mole; no redness, no pus, not tender, no changes in appearance

reviewed lab results; hemoglobin and renal function within normal limits",benign
PAT1215,"Name: Priya Lee | Email: kvdedz@hospital.org | Phone: +91-7827190551

benign skin spot on trunk; no ulceration, no bleeding, no itching, no discharge

patient noticed a skin spot on arm; no itching, no bleeding, no pain, not growing, denies fever

small flesh-colored skin spot; no itching, no bleeding, not painful, completely asymptomatic 👍

patient denies drug allergies; previous medical history non-contributory",benign
PAT2661,"Patient: Meera Nguyen, DOB: 1976-02-26, MRN: MRN0767135 	 infected skin spot with swelling and pus drainage; on Amoxici11in; denies eczema 	 skin spot on leg with BacterialCellulitis; warm, swollen, purulent drainage; denies bleeding mole 	 wound spot on skin with BacterialCellulitis and purulent exudate; fever noted; denies itching 	 follow-up telemedicine consultation scheduled for next month http://telehealth.example.com",infectious
PAT1481,"Referred by Dr. Carlos Sharma; patient ID MRN5293532 	 common skin mole; no redness, no pus, not tender, no changes in appearance 	 patient noticed a skin spot on arm; no itching, no bleeding, no pain, not growing, denies fever 	 patient advised on proper hydration and daily sunscreen application",benign
PAT1587,"Patient: David Sharma, DOB: 1978-08-25, MRN: MRN1030465 
 pigmented skin spot; not healing, changing shape; denies rash, denies fever; suspicious of MalignantMelanoma 
 new dark spot on forearm; |rregular bord3rs; no purulent drainage, not painful 
 patient advised on proper hydration and daily sunscreen application",malignant
PAT1055,"Referred by Dr. Ravi Smith; patient ID MRN9877190 benign skin spot on trunk; no ulceration, no bleeding, no itching, no discharge patient noticed a skin spot on arm; no itching, no bleeding, no pain, not growing, denies fever follow-up telemedicine consultation scheduled for next month http://telehealth.example.com",benign
PAT2817,"Patient: Amit Nguyen, DOB: 2001-07-27, MRN: MRN4493592 infected skin spot with swelling and pus drainage; on Amoxici11in; denies eczema patient noticed a painful red spot on skin; pus discharge noted <br/> temp 1O1F; denies itching vital signs stable at intake; alert and oriented x3",infectious
PAT1559,"Name: Priya Garcia | Email: cymnfg@hospital.org | Phone: +91-4180299038

pigmented skin spot; not healing, changing shape; denies rash, denies fever; suspicious of MalignantMelanoma

dark skin mole on shoulder; BleedingLesion after shower; no itching, no discharge, not tender

blood pressure 120/80; heart rate regular; patient ambulatory",malignant
PAT2592,"Name: Ravi Singh | Email: riwgxh@hospital.org | Phone: +91-7448928047 	 skin spot on leg with BacterialCellulitis; warm, swollen, purulent drainage; denies bleeding mole 	 patient noticed a painful red spot on skin; pus discharge noted <br/> temp 1O1F; denies itching 	 red skin spot with localized swelling and pus discharge; elevated temperature; no chronic rash 	 patient advised on proper hydration and daily sunscreen application",infectious
PAT1706,"Name: Aisha Smith | Email: aenszr@hospital.org | Phone: +91-1848321530 	 skin spot on back; |rregular bord3rs and uneven dark color variegation; no fever, no pus 	 dark skin mole on shoulder; BleedingLesion after shower; no itching, no discharge, not tender 	 vital signs stable at intake; alert and oriented x3",malignant
PAT2559,"Referred by Dr. David Nguyen; patient ID MRN0578357

red skin spot with localized swelling and pus discharge; elevated temperature; no chronic rash

skin spot on leg with BacterialCellulitis; warm, swollen, purulent drainage; denies bleeding mole

patient advised on proper hydration and daily sunscreen application",infectious
PAT1427,"Referred by Dr. Ravi Chen; patient ID MRN1349012 
 patient noticed a skin spot on arm; no itching, no bleeding, no pain, not growing, denies fever 
 routine check of skin spot; uniform brown color, circular border; no itching, no discharge, no redness 
 vital signs stable at intake; alert and oriented x3",benign
PAT2869,"Name: Aisha Garcia | Email: jqgmmf@hospital.org | Phone: +91-1973723357 
 skin spot on leg with BacterialCellulitis; warm, swollen, purulent drainage; denies bleeding mole 
 patient noticed a painful red spot on skin; pus discharge noted <br/> temp 1O1F; denies itching 
 patient advised on proper hydration and daily sunscreen application",infectious
PAT1565,"Name: Carlos Patel | Email: zlecnt@hospital.org | Phone: +91-3368120687 
 new dark spot on forearm; |rregular bord3rs; no purulent drainage, not painful 
 RapidlyEnlarging skin spot with notched borders; no infection, denies purulent drainage 
 skin spot on back; |rregular bord3rs and uneven dark color variegation; no fever, no pus 
 vital signs stable at intake; alert and oriented x3",malignant
PAT2710,"Patient: Priya Chen, DOB: 1971-06-06, MRN: MRN0213927 wound spot on skin with BacterialCellulitis and purulent exudate; fever noted; denies itching patient noticed a painful red spot on skin; pus discharge noted <br/> temp 1O1F; denies itching patient denies drug allergies; previous medical history non-contributory",infectious
PAT1160,"Name: John Lee | Email: mmijez@hospital.org | Phone: +91-1463498489

patient noticed a skin spot on arm; no itching, no bleeding, no pain, not growing, denies fever

stable skin mole present for years; no pain, no bleeding, not enlarged; denies fever, no pus

patient denies drug allergies; previous medical history non-contributory",benign
PAT1808,"Name: David Sharma | Email: xisfex@hospital.org | Phone: +91-4199228955 
 dark skin mole on shoulder; BleedingLesion after shower; no itching, no discharge, not tender 
 new dark spot on forearm; |rregular bord3rs; no purulent drainage, not painful 
 reviewed lab results; hemoglobin and renal function within normal limits",malignant
PAT1746,"Referred by Dr. Priya Singh; patient ID MRN4651969

pigmented skin spot; not healing, changing shape; denies rash, denies fever; suspicious of MalignantMelanoma

RapidlyEnlarging skin spot with notched borders; no infection, denies purulent drainage

skin spot on back; |rregular bord3rs and uneven dark color variegation; no fever, no pus

follow-up telemedicine consultation scheduled for next month http://telehealth.example.com",malignant
PAT1416,"Name: David Lee | Email: eimuir@hospital.org | Phone: +91-7579978408 	 stable skin mole present for years; no pain, no bleeding, not enlarged; denies fever, no pus 	 patient noticed a skin spot on arm; no itching, no bleeding, no pain, not growing, denies fever 	 reviewed lab results; hemoglobin and renal function within normal limits",benign
PAT1261,"Patient: Sarah Patel, DOB: 1966-02-02, MRN: MRN0803285 
 common skin mole; no redness, no pus, not tender, no changes in appearance 
 patient noticed a skin spot on arm; no itching, no bleeding, no pain, not growing, denies fever 
 benign skin spot on trunk; no ulceration, no bleeding, no itching, no discharge 
 vital signs stable at intake; alert and oriented x3",benign
PAT1707,"Referred by Dr. Sarah Singh; patient ID MRN7125376 	 dark skin mole on shoulder; BleedingLesion after shower; no itching, no discharge, not tender 	 pigmented skin spot; not healing, changing shape; denies rash, denies fever; suspicious of MalignantMelanoma 	 skin spot on back; |rregular bord3rs and uneven dark color variegation; no fever, no pus 	 blood pressure 120/80; heart rate regular; patient ambulatory",malignant
PAT2039,"Referred by Dr. Aisha Khan; patient ID MRN5902927 	 patient noticed a red spot on skin; SevereItching with flaking scales; no infection, no fever 	 flaking red skin spot; SevereItching at night; no fever, denies wound breakdown 	 blood pressure 120/80; heart rate regular; patient ambulatory",inflammatory
PAT2532,Referred by Dr. Amit Chen; patient ID MRN5169092 infected skin spot with swelling and pus drainage; on Amoxici11in; denies eczema wound spot on skin with BacterialCellulitis and purulent exudate; fever noted; denies itching patient denies drug allergies; previous medical history non-contributory,infectious
PAT2264,"Patient: Priya Patel, DOB: 1952-08-03, MRN: MRN0400463 
 flaking red skin spot; SevereItching at night; no fever, denies wound breakdown 
 patient noticed a red spot on skin; SevereItching with flaking scales; no infection, no fever 
 vital signs stable at intake; alert and oriented x3",inflammatory
PAT1863,"Patient: John Singh, DOB: 1996-06-17, MRN: MRN3083724 	 dark skin mole on shoulder; BleedingLesion after shower; no itching, no discharge, not tender 	 pigmented skin spot; not healing, changing shape; denies rash, denies fever; suspicious of MalignantMelanoma 	 follow-up telemedicine consultation scheduled for next month http://telehealth.example.com",malignant
PAT2555,"Patient: Amit Garcia, DOB: 2000-01-13, MRN: MRN3981229 skin spot on leg with BacterialCellulitis; warm, swollen, purulent drainage; denies bleeding mole infected skin spot with swelling and pus drainage; on Amoxici11in; denies eczema reviewed lab results; hemoglobin and renal function within normal limits",infectious
PAT1615,"Name: Elena Chen | Email: zlucmq@hospital.org | Phone: +91-9757975808 pigmented skin spot; not healing, changing shape; denies rash, denies fever; suspicious of MalignantMelanoma new dark spot on forearm; |rregular bord3rs; no purulent drainage, not painful RapidlyEnlarging skin spot with notched borders; no infection, denies purulent drainage vital signs stable at intake; alert and oriented x3",malignant
PAT2339,"Referred by Dr. David Lee; patient ID MRN4177585

skin rash on elbows and forearm; SevereItching and scaling redness; no pus, no fever

flaking red skin spot; SevereItching at night; no fever, denies wound breakdown

pruritic red skin rash; SevereItching not responding to lotion; denies pus discharge

patient advised on proper hydration and daily sunscreen application",inflammatory
PAT2650,"Patient: Ravi Chen, DOB: 1981-11-21, MRN: MRN6629456 	 wound spot on skin with BacterialCellulitis and purulent exudate; fever noted; denies itching 	 infected skin spot with swelling and pus drainage; on Amoxici11in; denies eczema 	 patient advised on proper hydration and daily sunscreen application",infectious
PAT2346,"Patient: John Miller, DOB: 1950-12-02, MRN: MRN2798158 pruritic red skin rash; SevereItching not responding to lotion; denies pus discharge flaking red skin spot; SevereItching at night; no fever, denies wound breakdown blood pressure 120/80; heart rate regular; patient ambulatory",inflammatory
PAT2141,"Referred by Dr. Carlos Miller; patient ID MRN2924726

red itchy skin spot; intense burning sensation and SevereItching; no bleeding, not oozing

pruritic red skin rash; SevereItching not responding to lotion; denies pus discharge

patient noticed a red spot on skin; SevereItching with flaking scales; no infection, no fever

patient advised on proper hydration and daily sunscreen application",inflammatory
PAT1127,"Patient: Sarah Garcia, DOB: 1991-07-01, MRN: MRN5777593 
 benign skin spot on trunk; no ulceration, no bleeding, no itching, no discharge 
 small flesh-colored skin spot; no itching, no bleeding, not painful, completely asymptomatic 👍 
 common skin mole; no redness, no pus, not tender, no changes in appearance 
 reviewed lab results; hemoglobin and renal function within normal limits",benign
PAT1085,"Patient: Meera Chen, DOB: 1965-02-24, MRN: MRN0110213

stable skin mole present for years; no pain, no bleeding, not enlarged; denies fever, no pus

small flesh-colored skin spot; no itching, no bleeding, not painful, completely asymptomatic 👍

routine check of skin spot; uniform brown color, circular border; no itching, no discharge, no redness

patient advised on proper hydration and daily sunscreen application",benign
PAT1923,"Referred by Dr. Sarah Chen; patient ID MRN0295685 
 pigmented skin spot; not healing, changing shape; denies rash, denies fever; suspicious of MalignantMelanoma 
 skin spot on back; |rregular bord3rs and uneven dark color variegation; no fever, no pus 
 patient advised on proper hydration and daily sunscreen application",malignant
PAT1991,"Referred by Dr. Ravi Sharma; patient ID MRN2119725 
 skin spot on back; |rregular bord3rs and uneven dark color variegation; no fever, no pus 
 pigmented skin spot; not healing, changing shape; denies rash, denies fever; suspicious of MalignantMelanoma 
 vital signs stable at intake; alert and oriented x3",malignant
PAT2536,"Patient: Carlos Singh, DOB: 1994-05-14, MRN: MRN1806980

skin spot on leg with BacterialCellulitis; warm, swollen, purulent drainage; denies bleeding mole

red skin spot with localized swelling and pus discharge; elevated temperature; no chronic rash

patient noticed a painful red spot on skin; pus discharge noted <br/> temp 1O1F; denies itching

blood pressure 120/80; heart rate regular; patient ambulatory",infectious
PAT1345,"Name: Sarah Chen | Email: mngpdu@hospital.org | Phone: +91-2553566541 common skin mole; no redness, no pus, not tender, no changes in appearance stable skin mole present for years; no pain, no bleeding, not enlarged; denies fever, no pus follow-up telemedicine consultation scheduled for next month http://telehealth.example.com",benign
PAT1150,"Referred by Dr. Elena Smith; patient ID MRN1871264 	 common skin mole; no redness, no pus, not tender, no changes in appearance 	 patient noticed a skin spot on arm; no itching, no bleeding, no pain, not growing, denies fever 	 follow-up telemedicine consultation scheduled for next month http://telehealth.example.com",benign
PAT1235,"Referred by Dr. Meera Nguyen; patient ID MRN3866415 
 common skin mole; no redness, no pus, not tender, no changes in appearance 
 patient noticed a skin spot on arm; no itching, no bleeding, no pain, not growing, denies fever 
 patient denies drug allergies; previous medical history non-contributory",benign
PAT1321,"Patient: Elena Garcia, DOB: 1966-04-25, MRN: MRN0352236 stable skin mole present for years; no pain, no bleeding, not enlarged; denies fever, no pus benign skin spot on trunk; no ulceration, no bleeding, no itching, no discharge follow-up telemedicine consultation scheduled for next month http://telehealth.example.com",benign
PAT1028,"Name: Elena Smith | Email: ywpels@hospital.org | Phone: +91-0183043724 
 patient noticed a skin spot on arm; no itching, no bleeding, no pain, not growing, denies fever 
 stable skin mole present for years; no pain, no bleeding, not enlarged; denies fever, no pus 
 common skin mole; no redness, no pus, not tender, no changes in appearance 
 follow-up telemedicine consultation scheduled for next month http://telehealth.example.com",benign
PAT1098,"Referred by Dr. John Lee; patient ID MRN0413276

routine check of skin spot; uniform brown color, circular border; no itching, no discharge, no redness

benign skin spot on trunk; no ulceration, no bleeding, no itching, no discharge

stable skin mole present for years; no pain, no bleeding, not enlarged; denies fever, no pus

patient advised on proper hydration and daily sunscreen application",benign
PAT1221,"Patient: John Garcia, DOB: 2005-03-12, MRN: MRN0367771 	 stable skin mole present for years; no pain, no bleeding, not enlarged; denies fever, no pus 	 common skin mole; no redness, no pus, not tender, no changes in appearance 	 blood pressure 120/80; heart rate regular; patient ambulatory",benign
PAT1210,"Referred by Dr. Meera Miller; patient ID MRN3969096

benign skin spot on trunk; no ulceration, no bleeding, no itching, no discharge

patient noticed a skin spot on arm; no itching, no bleeding, no pain, not growing, denies fever

stable skin mole present for years; no pain, no bleeding, not enlarged; denies fever, no pus

follow-up telemedicine consultation scheduled for next month http://telehealth.example.com",benign
PAT1910,"Name: David Miller | Email: rbeoms@hospital.org | Phone: +91-5363458320 
 RapidlyEnlarging skin spot with notched borders; no infection, denies purulent drainage 
 skin spot on back; |rregular bord3rs and uneven dark color variegation; no fever, no pus 
 follow-up telemedicine consultation scheduled for next month http://telehealth.example.com",malignant
PAT1771,"Referred by Dr. David Smith; patient ID MRN8783610

skin spot on back; |rregular bord3rs and uneven dark color variegation; no fever, no pus

RapidlyEnlarging skin spot with notched borders; no infection, denies purulent drainage

patient denies drug allergies; previous medical history non-contributory",malignant
PAT2878,"Name: Aisha Chen | Email: vaoutw@hospital.org | Phone: +91-9653285549

painful infected skin spot; yellow pus drainage, temp 1O1F, started on Amoxici11in 500mg; no flaking

skin spot on leg with BacterialCellulitis; warm, swollen, purulent drainage; denies bleeding mole

blood pressure 120/80; heart rate regular; patient ambulatory",infectious
PAT2448,"Name: Sarah Patel | Email: gkechh@hospital.org | Phone: +91-1117346944 pruritic red skin rash; SevereItching not responding to lotion; denies pus discharge skin rash on elbows and forearm; SevereItching and scaling redness; no pus, no fever blood pressure 120/80; heart rate regular; patient ambulatory",inflammatory
PAT2113,"Referred by Dr. David Lee; patient ID MRN2878049 	 flaking red skin spot; SevereItching at night; no fever, denies wound breakdown 	 patient noticed a red spot on skin; SevereItching with flaking scales; no infection, no fever 	 patient advised on proper hydration and daily sunscreen application",inflammatory
PAT2220,"Patient: John Singh, DOB: 1993-05-23, MRN: MRN4546828 pruritic red skin rash; SevereItching not responding to lotion; denies pus discharge flaking red skin spot; SevereItching at night; no fever, denies wound breakdown patient noticed a red spot on skin; SevereItching with flaking scales; no infection, no fever reviewed lab results; hemoglobin and renal function within normal limits",inflammatory
PAT1244,"Patient: Elena Singh, DOB: 1983-11-11, MRN: MRN9753032 
 routine check of skin spot; uniform brown color, circular border; no itching, no discharge, no redness 
 small flesh-colored skin spot; no itching, no bleeding, not painful, completely asymptomatic 👍 
 common skin mole; no redness, no pus, not tender, no changes in appearance 
 blood pressure 120/80; heart rate regular; patient ambulatory",benign
PAT1872,"Name: Amit Sharma | Email: pgzskf@hospital.org | Phone: +91-6933054691 	 pigmented skin spot; not healing, changing shape; denies rash, denies fever; suspicious of MalignantMelanoma 	 patient noticed a dark spot on skin; BleedingLesion and rapid growth; not painful, denies itching 	 dark skin mole on shoulder; BleedingLesion after shower; no itching, no discharge, not tender 	 blood pressure 120/80; heart rate regular; patient ambulatory",malignant
PAT1445,"Name: Elena Smith | Email: hdcgzt@hospital.org | Phone: +91-5160269903 
 stable skin mole present for years; no pain, no bleeding, not enlarged; denies fever, no pus 
 common skin mole; no redness, no pus, not tender, no changes in appearance 
 blood pressure 120/80; heart rate regular; patient ambulatory",benign
PAT2690,"Referred by Dr. Meera Patel; patient ID MRN6522956 infected skin spot with swelling and pus drainage; on Amoxici11in; denies eczema skin spot on leg with BacterialCellulitis; warm, swollen, purulent drainage; denies bleeding mole patient noticed a painful red spot on skin; pus discharge noted <br/> temp 1O1F; denies itching vital signs stable at intake; alert and oriented x3",infectious
PAT2209,"Patient: Priya Sharma, DOB: 1993-08-14, MRN: MRN5747563 
 skin rash on elbows and forearm; SevereItching and scaling redness; no pus, no fever 
 red skin rash with SevereItching; denies bleeding, no purulent drainage, not infected 
 patient noticed a red spot on skin; SevereItching with flaking scales; no infection, no fever 
 patient denies drug allergies; previous medical history non-contributory",inflammatory
PAT2779,"Name: Amit Singh | Email: nxkgkq@hospital.org | Phone: +91-0641044381 patient noticed a painful red spot on skin; pus discharge noted <br/> temp 1O1F; denies itching painful infected skin spot; yellow pus drainage, temp 1O1F, started on Amoxici11in 500mg; no flaking blood pressure 120/80; heart rate regular; patient ambulatory",infectious
PAT1404,"Name: Elena Patel | Email: olnvuv@hospital.org | Phone: +91-7077317665 
 patient noticed a skin spot on arm; no itching, no bleeding, no pain, not growing, denies fever 
 common skin mole; no redness, no pus, not tender, no changes in appearance 
 blood pressure 120/80; heart rate regular; patient ambulatory",benign
PAT1990,"Referred by Dr. Sarah Singh; patient ID MRN5310229 patient noticed a dark spot on skin; BleedingLesion and rapid growth; not painful, denies itching RapidlyEnlarging skin spot with notched borders; no infection, denies purulent drainage pigmented skin spot; not healing, changing shape; denies rash, denies fever; suspicious of MalignantMelanoma patient advised on proper hydration and daily sunscreen application",malignant
PAT2379,"Patient: Aisha Sharma, DOB: 1953-11-23, MRN: MRN9393630 	 red skin rash with SevereItching; denies bleeding, no purulent drainage, not infected 	 patient noticed a red spot on skin; SevereItching with flaking scales; no infection, no fever 	 reviewed lab results; hemoglobin and renal function within normal limits",inflammatory
PAT2276,"Referred by Dr. Carlos Smith; patient ID MRN1222857 red skin rash with SevereItching; denies bleeding, no purulent drainage, not infected skin rash on elbows and forearm; SevereItching and scaling redness; no pus, no fever flaking red skin spot; SevereItching at night; no fever, denies wound breakdown reviewed lab results; hemoglobin and renal function within normal limits",inflammatory
PAT2407,"Name: Sarah Miller | Email: zfaefe@hospital.org | Phone: +91-2373140694 
 flaking red skin spot; SevereItching at night; no fever, denies wound breakdown 
 red skin rash with SevereItching; denies bleeding, no purulent drainage, not infected 
 follow-up telemedicine consultation scheduled for next month http://telehealth.example.com",inflammatory
PAT1905,"Name: Elena Khan | Email: qcmktx@hospital.org | Phone: +91-3749662987 
 patient noticed a dark spot on skin; BleedingLesion and rapid growth; not painful, denies itching 
 skin spot on back; |rregular bord3rs and uneven dark color variegation; no fever, no pus 
 follow-up telemedicine consultation scheduled for next month http://telehealth.example.com",malignant
PAT1542,"Patient: Ravi Nguyen, DOB: 1972-12-13, MRN: MRN8799590 	 RapidlyEnlarging skin spot with notched borders; no infection, denies purulent drainage 	 pigmented skin spot; not healing, changing shape; denies rash, denies fever; suspicious of MalignantMelanoma 	 vital signs stable at intake; alert and oriented x3",malignant
PAT1075,"Referred by Dr. Priya Lee; patient ID MRN8391067

benign skin spot on trunk; no ulceration, no bleeding, no itching, no discharge

small flesh-colored skin spot; no itching, no bleeding, not painful, completely asymptomatic 👍

patient denies drug allergies; previous medical history non-contributory",benign
PAT2206,"Patient: Amit Miller, DOB: 2001-10-03, MRN: MRN8114154 
 flaking red skin spot; SevereItching at night; no fever, denies wound breakdown 
 patient noticed a red spot on skin; SevereItching with flaking scales; no infection, no fever 
 patient advised on proper hydration and daily sunscreen application",inflammatory
PAT2107,"Name: Sarah Khan | Email: mffonp@hospital.org | Phone: +91-4829156885 	 red itchy skin spot; intense burning sensation and SevereItching; no bleeding, not oozing 	 red skin rash with SevereItching; denies bleeding, no purulent drainage, not infected 	 skin rash on elbows and forearm; SevereItching and scaling redness; no pus, no fever 	 follow-up telemedicine consultation scheduled for next month http://telehealth.example.com",inflammatory
PAT2291,"Name: Meera Lee | Email: srfulj@hospital.org | Phone: +91-1993373140

red skin rash with SevereItching; denies bleeding, no purulent drainage, not infected

red itchy skin spot; intense burning sensation and SevereItching; no bleeding, not oozing

pruritic red skin rash; SevereItching not responding to lotion; denies pus discharge

vital signs stable at intake; alert and oriented x3",inflammatory
PAT1282,"Name: Ravi Nguyen | Email: kvltak@hospital.org | Phone: +91-4922635888 
 stable skin mole present for years; no pain, no bleeding, not enlarged; denies fever, no pus 
 benign skin spot on trunk; no ulceration, no bleeding, no itching, no discharge 
 routine check of skin spot; uniform brown color, circular border; no itching, no discharge, no redness 
 reviewed lab results; hemoglobin and renal function within normal limits",benign
PAT2316,"Referred by Dr. Priya Patel; patient ID MRN8734091

skin rash on elbows and forearm; SevereItching and scaling redness; no pus, no fever

flaking red skin spot; SevereItching at night; no fever, denies wound breakdown

red itchy skin spot; intense burning sensation and SevereItching; no bleeding, not oozing

blood pressure 120/80; heart rate regular; patient ambulatory",inflammatory
PAT2641,"Name: Ravi Nguyen | Email: pjuies@hospital.org | Phone: +91-9168667505

red skin spot with localized swelling and pus discharge; elevated temperature; no chronic rash

painful infected skin spot; yellow pus drainage, temp 1O1F, started on Amoxici11in 500mg; no flaking

infected skin spot with swelling and pus drainage; on Amoxici11in; denies eczema

follow-up telemedicine consultation scheduled for next month http://telehealth.example.com",infectious
PAT1492,"Patient: John Miller, DOB: 1998-12-09, MRN: MRN6045448 	 common skin mole; no redness, no pus, not tender, no changes in appearance 	 patient noticed a skin spot on arm; no itching, no bleeding, no pain, not growing, denies fever 	 blood pressure 120/80; heart rate regular; patient ambulatory",benign
PAT2192,"Name: John Nguyen | Email: hrhztv@hospital.org | Phone: +91-9311596617 	 patient noticed a red spot on skin; SevereItching with flaking scales; no infection, no fever 	 red itchy skin spot; intense burning sensation and SevereItching; no bleeding, not oozing 	 reviewed lab results; hemoglobin and renal function within normal limits",inflammatory
PAT2793,"Referred by Dr. Amit Nguyen; patient ID MRN7780339

red skin spot with localized swelling and pus discharge; elevated temperature; no chronic rash

painful infected skin spot; yellow pus drainage, temp 1O1F, started on Amoxici11in 500mg; no flaking

reviewed lab results; hemoglobin and renal function within normal limits",infectious
PAT2164,"Referred by Dr. David Smith; patient ID MRN3305939 	 red itchy skin spot; intense burning sensation and SevereItching; no bleeding, not oozing 	 flaking red skin spot; SevereItching at night; no fever, denies wound breakdown 	 patient denies drug allergies; previous medical history non-contributory",inflammatory
PAT1045,"Referred by Dr. Elena Sharma; patient ID MRN9556732 
 routine check of skin spot; uniform brown color, circular border; no itching, no discharge, no redness 
 common skin mole; no redness, no pus, not tender, no changes in appearance 
 patient noticed a skin spot on arm; no itching, no bleeding, no pain, not growing, denies fever 
 patient denies drug allergies; previous medical history non-contributory",benign
PAT1585,"Name: Sarah Singh | Email: dobczn@hospital.org | Phone: +91-1224401476 	 RapidlyEnlarging skin spot with notched borders; no infection, denies purulent drainage 	 dark skin mole on shoulder; BleedingLesion after shower; no itching, no discharge, not tender 	 pigmented skin spot; not healing, changing shape; denies rash, denies fever; suspicious of MalignantMelanoma 	 follow-up telemedicine consultation scheduled for next month http://telehealth.example.com",malignant
PAT1143,"Name: David Nguyen | Email: dkqfzp@hospital.org | Phone: +91-9319247457 	 small flesh-colored skin spot; no itching, no bleeding, not painful, completely asymptomatic 👍 	 routine check of skin spot; uniform brown color, circular border; no itching, no discharge, no redness 	 common skin mole; no redness, no pus, not tender, no changes in appearance 	 follow-up telemedicine consultation scheduled for next month http://telehealth.example.com",benign
PAT1057,"Referred by Dr. Elena Lee; patient ID MRN4778827 
 common skin mole; no redness, no pus, not tender, no changes in appearance 
 small flesh-colored skin spot; no itching, no bleeding, not painful, completely asymptomatic 👍 
 follow-up telemedicine consultation scheduled for next month http://telehealth.example.com",benign
PAT2723,"Referred by Dr. Ravi Miller; patient ID MRN4795050 
 wound spot on skin with BacterialCellulitis and purulent exudate; fever noted; denies itching 
 red skin spot with localized swelling and pus discharge; elevated temperature; no chronic rash 
 reviewed lab results; hemoglobin and renal function within normal limits",infectious
PAT2623,Referred by Dr. Priya Nguyen; patient ID MRN3798939 red skin spot with localized swelling and pus discharge; elevated temperature; no chronic rash infected skin spot with swelling and pus drainage; on Amoxici11in; denies eczema follow-up telemedicine consultation scheduled for next month http://telehealth.example.com,infectious
PAT2980,"Patient: John Nguyen, DOB: 1953-08-22, MRN: MRN8728905 	 painful infected skin spot; yellow pus drainage, temp 1O1F, started on Amoxici11in 500mg; no flaking 	 skin spot on leg with BacterialCellulitis; warm, swollen, purulent drainage; denies bleeding mole 	 infected skin spot with swelling and pus drainage; on Amoxici11in; denies eczema 	 reviewed lab results; hemoglobin and renal function within normal limits",infectious
PAT2884,"Name: Ravi Sharma | Email: kkxuga@hospital.org | Phone: +91-5083073159

skin spot on leg with BacterialCellulitis; warm, swollen, purulent drainage; denies bleeding mole

red skin spot with localized swelling and pus discharge; elevated temperature; no chronic rash

blood pressure 120/80; heart rate regular; patient ambulatory",infectious
PAT2507,"Patient: Carlos Patel, DOB: 1972-11-23, MRN: MRN2385890 patient noticed a painful red spot on skin; pus discharge noted <br/> temp 1O1F; denies itching painful infected skin spot; yellow pus drainage, temp 1O1F, started on Amoxici11in 500mg; no flaking infected skin spot with swelling and pus drainage; on Amoxici11in; denies eczema patient advised on proper hydration and daily sunscreen application",infectious
PAT2467,"Referred by Dr. Aisha Chen; patient ID MRN4209548 
 patient noticed a red spot on skin; SevereItching with flaking scales; no infection, no fever 
 skin rash on elbows and forearm; SevereItching and scaling redness; no pus, no fever 
 red skin rash with SevereItching; denies bleeding, no purulent drainage, not infected 
 follow-up telemedicine consultation scheduled for next month http://telehealth.example.com",inflammatory
PAT1023,"Patient: Ravi Singh, DOB: 1989-09-20, MRN: MRN4130633 	 small flesh-colored skin spot; no itching, no bleeding, not painful, completely asymptomatic 👍 	 routine check of skin spot; uniform brown color, circular border; no itching, no discharge, no redness 	 patient noticed a skin spot on arm; no itching, no bleeding, no pain, not growing, denies fever 	 patient denies drug allergies; previous medical history non-contributory",benign
PAT1887,"Name: Aisha Garcia | Email: huruju@hospital.org | Phone: +91-3879716862 new dark spot on forearm; |rregular bord3rs; no purulent drainage, not painful pigmented skin spot; not healing, changing shape; denies rash, denies fever; suspicious of MalignantMelanoma patient noticed a dark spot on skin; BleedingLesion and rapid growth; not painful, denies itching follow-up telemedicine consultation scheduled for next month http://telehealth.example.com",malignant
PAT1931,"Patient: Priya Patel, DOB: 1986-11-28, MRN: MRN3274307 
 dark skin mole on shoulder; BleedingLesion after shower; no itching, no discharge, not tender 
 pigmented skin spot; not healing, changing shape; denies rash, denies fever; suspicious of MalignantMelanoma 
 new dark spot on forearm; |rregular bord3rs; no purulent drainage, not painful 
 follow-up telemedicine consultation scheduled for next month http://telehealth.example.com",malignant
PAT2721,"Name: Priya Chen | Email: obaytu@hospital.org | Phone: +91-9256566372 
 skin spot on leg with BacterialCellulitis; warm, swollen, purulent drainage; denies bleeding mole 
 painful infected skin spot; yellow pus drainage, temp 1O1F, started on Amoxici11in 500mg; no flaking 
 vital signs stable at intake; alert and oriented x3",infectious
PAT1309,"Referred by Dr. Sarah Smith; patient ID MRN8195987 	 routine check of skin spot; uniform brown color, circular border; no itching, no discharge, no redness 	 patient noticed a skin spot on arm; no itching, no bleeding, no pain, not growing, denies fever 	 reviewed lab results; hemoglobin and renal function within normal limits",benign
PAT1673,"Name: Ravi Garcia | Email: tadbwc@hospital.org | Phone: +91-8252714831 	 patient noticed a dark spot on skin; BleedingLesion and rapid growth; not painful, denies itching 	 new dark spot on forearm; |rregular bord3rs; no purulent drainage, not painful 	 skin spot on back; |rregular bord3rs and uneven dark color variegation; no fever, no pus 	 patient denies drug allergies; previous medical history non-contributory",malignant
PAT2989,"Name: Elena Smith | Email: sfaojx@hospital.org | Phone: +91-2360145198 	 red skin spot with localized swelling and pus discharge; elevated temperature; no chronic rash 	 painful infected skin spot; yellow pus drainage, temp 1O1F, started on Amoxici11in 500mg; no flaking 	 patient noticed a painful red spot on skin; pus discharge noted <br/> temp 1O1F; denies itching 	 reviewed lab results; hemoglobin and renal function within normal limits",infectious
PAT1994,"Referred by Dr. John Garcia; patient ID MRN3362298 	 patient noticed a dark spot on skin; BleedingLesion and rapid growth; not painful, denies itching 	 pigmented skin spot; not healing, changing shape; denies rash, denies fever; suspicious of MalignantMelanoma 	 blood pressure 120/80; heart rate regular; patient ambulatory",malignant
PAT2569,"Referred by Dr. Aisha Garcia; patient ID MRN9196505

skin spot on leg with BacterialCellulitis; warm, swollen, purulent drainage; denies bleeding mole

painful infected skin spot; yellow pus drainage, temp 1O1F, started on Amoxici11in 500mg; no flaking

patient denies drug allergies; previous medical history non-contributory",infectious
PAT1168,"Patient: Aisha Garcia, DOB: 1997-02-16, MRN: MRN8984419 	 stable skin mole present for years; no pain, no bleeding, not enlarged; denies fever, no pus 	 common skin mole; no redness, no pus, not tender, no changes in appearance 	 routine check of skin spot; uniform brown color, circular border; no itching, no discharge, no redness 	 patient denies drug allergies; previous medical history non-contributory",benign
PAT2233,"Referred by Dr. John Khan; patient ID MRN0829594 
 patient noticed a red spot on skin; SevereItching with flaking scales; no infection, no fever 
 pruritic red skin rash; SevereItching not responding to lotion; denies pus discharge 
 red itchy skin spot; intense burning sensation and SevereItching; no bleeding, not oozing 
 follow-up telemedicine consultation scheduled for next month http://telehealth.example.com",inflammatory
PAT2925,"Referred by Dr. Ravi Sharma; patient ID MRN4480355

infected skin spot with swelling and pus drainage; on Amoxici11in; denies eczema

skin spot on leg with BacterialCellulitis; warm, swollen, purulent drainage; denies bleeding mole

patient advised on proper hydration and daily sunscreen application",infectious
PAT2153,"Patient: Aisha Garcia, DOB: 1955-04-11, MRN: MRN6122622 	 skin rash on elbows and forearm; SevereItching and scaling redness; no pus, no fever 	 flaking red skin spot; SevereItching at night; no fever, denies wound breakdown 	 red skin rash with SevereItching; denies bleeding, no purulent drainage, not infected 	 follow-up telemedicine consultation scheduled for next month http://telehealth.example.com",inflammatory
PAT1734,"Patient: David Lee, DOB: 1960-06-09, MRN: MRN4162366 	 pigmented skin spot; not healing, changing shape; denies rash, denies fever; suspicious of MalignantMelanoma 	 patient noticed a dark spot on skin; BleedingLesion and rapid growth; not painful, denies itching 	 follow-up telemedicine consultation scheduled for next month http://telehealth.example.com",malignant
PAT1495,"Name: Carlos Lee | Email: ofyfqj@hospital.org | Phone: +91-5763369215 	 common skin mole; no redness, no pus, not tender, no changes in appearance 	 patient noticed a skin spot on arm; no itching, no bleeding, no pain, not growing, denies fever 	 routine check of skin spot; uniform brown color, circular border; no itching, no discharge, no redness 	 patient advised on proper hydration and daily sunscreen application",benign
PAT2160,"Referred by Dr. Amit Singh; patient ID MRN1730822

skin rash on elbows and forearm; SevereItching and scaling redness; no pus, no fever

flaking red skin spot; SevereItching at night; no fever, denies wound breakdown

follow-up telemedicine consultation scheduled for next month http://telehealth.example.com",inflammatory
PAT2463,"Patient: Elena Miller, DOB: 1952-12-24, MRN: MRN5199278 
 red skin rash with SevereItching; denies bleeding, no purulent drainage, not infected 
 red itchy skin spot; intense burning sensation and SevereItching; no bleeding, not oozing 
 vital signs stable at intake; alert and oriented x3",inflammatory
PAT1594,"Patient: Amit Nguyen, DOB: 1951-10-12, MRN: MRN0230137 
 RapidlyEnlarging skin spot with notched borders; no infection, denies purulent drainage 
 new dark spot on forearm; |rregular bord3rs; no purulent drainage, not painful 
 pigmented skin spot; not healing, changing shape; denies rash, denies fever; suspicious of MalignantMelanoma 
 patient denies drug allergies; previous medical history non-contributory",malignant
PAT1515,"Referred by Dr. Priya Patel; patient ID MRN9068952

patient noticed a dark spot on skin; BleedingLesion and rapid growth; not painful, denies itching

new dark spot on forearm; |rregular bord3rs; no purulent drainage, not painful

vital signs stable at intake; alert and oriented x3",malignant
PAT1009,"Patient: Amit Lee, DOB: 1960-02-19, MRN: MRN9753604

small flesh-colored skin spot; no itching, no bleeding, not painful, completely asymptomatic 👍

stable skin mole present for years; no pain, no bleeding, not enlarged; denies fever, no pus

routine check of skin spot; uniform brown color, circular border; no itching, no discharge, no redness

blood pressure 120/80; heart rate regular; patient ambulatory",benign
PAT2231,"Name: Elena Nguyen | Email: fjwbmv@hospital.org | Phone: +91-5044187660 flaking red skin spot; SevereItching at night; no fever, denies wound breakdown skin rash on elbows and forearm; SevereItching and scaling redness; no pus, no fever red skin rash with SevereItching; denies bleeding, no purulent drainage, not infected patient denies drug allergies; previous medical history non-contributory",inflammatory
PAT2071,"Patient: Elena Patel, DOB: 1967-11-10, MRN: MRN7556701 	 patient noticed a red spot on skin; SevereItching with flaking scales; no infection, no fever 	 skin rash on elbows and forearm; SevereItching and scaling redness; no pus, no fever 	 patient denies drug allergies; previous medical history non-contributory",inflammatory
PAT1584,"Referred by Dr. Meera Smith; patient ID MRN3018083 dark skin mole on shoulder; BleedingLesion after shower; no itching, no discharge, not tender patient noticed a dark spot on skin; BleedingLesion and rapid growth; not painful, denies itching RapidlyEnlarging skin spot with notched borders; no infection, denies purulent drainage patient advised on proper hydration and daily sunscreen application",malignant
PAT1067,"Referred by Dr. Amit Lee; patient ID MRN9479615

patient noticed a skin spot on arm; no itching, no bleeding, no pain, not growing, denies fever

routine check of skin spot; uniform brown color, circular border; no itching, no discharge, no redness

small flesh-colored skin spot; no itching, no bleeding, not painful, completely asymptomatic 👍

patient denies drug allergies; previous medical history non-contributory",benign
PAT1609,"Name: David Sharma | Email: dofngj@hospital.org | Phone: +91-9433801261 	 patient noticed a dark spot on skin; BleedingLesion and rapid growth; not painful, denies itching 	 new dark spot on forearm; |rregular bord3rs; no purulent drainage, not painful 	 blood pressure 120/80; heart rate regular; patient ambulatory",malignant
PAT1188,"Name: David Garcia | Email: fldgkg@hospital.org | Phone: +91-7567885925 routine check of skin spot; uniform brown color, circular border; no itching, no discharge, no redness patient noticed a skin spot on arm; no itching, no bleeding, no pain, not growing, denies fever common skin mole; no redness, no pus, not tender, no changes in appearance blood pressure 120/80; heart rate regular; patient ambulatory",benign
PAT1338,"Patient: John Garcia, DOB: 1990-06-16, MRN: MRN4668646

stable skin mole present for years; no pain, no bleeding, not enlarged; denies fever, no pus

patient noticed a skin spot on arm; no itching, no bleeding, no pain, not growing, denies fever

routine check of skin spot; uniform brown color, circular border; no itching, no discharge, no redness

patient denies drug allergies; previous medical history non-contributory",benign
PAT1957,"Patient: Carlos Nguyen, DOB: 1953-10-14, MRN: MRN3504667 	 patient noticed a dark spot on skin; BleedingLesion and rapid growth; not painful, denies itching 	 RapidlyEnlarging skin spot with notched borders; no infection, denies purulent drainage 	 vital signs stable at intake; alert and oriented x3",malignant
PAT2323,"Name: David Lee | Email: goqvvq@hospital.org | Phone: +91-9567733687 	 pruritic red skin rash; SevereItching not responding to lotion; denies pus discharge 	 patient noticed a red spot on skin; SevereItching with flaking scales; no infection, no fever 	 reviewed lab results; hemoglobin and renal function within normal limits",inflammatory
PAT1968,"Referred by Dr. Aisha Patel; patient ID MRN7859639 	 dark skin mole on shoulder; BleedingLesion after shower; no itching, no discharge, not tender 	 skin spot on back; |rregular bord3rs and uneven dark color variegation; no fever, no pus 	 pigmented skin spot; not healing, changing shape; denies rash, denies fever; suspicious of MalignantMelanoma 	 vital signs stable at intake; alert and oriented x3",malignant
PAT1419,"Name: Meera Lee | Email: vhxjzx@hospital.org | Phone: +91-2631737471

routine check of skin spot; uniform brown color, circular border; no itching, no discharge, no redness

patient noticed a skin spot on arm; no itching, no bleeding, no pain, not growing, denies fever

benign skin spot on trunk; no ulceration, no bleeding, no itching, no discharge

reviewed lab results; hemoglobin and renal function within normal limits",benign
PAT2458,"Referred by Dr. Sarah Nguyen; patient ID MRN3799668

skin rash on elbows and forearm; SevereItching and scaling redness; no pus, no fever

patient noticed a red spot on skin; SevereItching with flaking scales; no infection, no fever

follow-up telemedicine consultation scheduled for next month http://telehealth.example.com",inflammatory
PAT1086,"Name: Sarah Singh | Email: murxsb@hospital.org | Phone: +91-2073530075 stable skin mole present for years; no pain, no bleeding, not enlarged; denies fever, no pus routine check of skin spot; uniform brown color, circular border; no itching, no discharge, no redness common skin mole; no redness, no pus, not tender, no changes in appearance reviewed lab results; hemoglobin and renal function within normal limits",benign
PAT2227,"Referred by Dr. Ravi Smith; patient ID MRN9721992

patient noticed a red spot on skin; SevereItching with flaking scales; no infection, no fever

pruritic red skin rash; SevereItching not responding to lotion; denies pus discharge

vital signs stable at intake; alert and oriented x3",inflammatory
PAT1741,"Patient: Sarah Smith, DOB: 1965-02-14, MRN: MRN9459222 
 RapidlyEnlarging skin spot with notched borders; no infection, denies purulent drainage 
 pigmented skin spot; not healing, changing shape; denies rash, denies fever; suspicious of MalignantMelanoma 
 vital signs stable at intake; alert and oriented x3",malignant
PAT1877,"Patient: Aisha Garcia, DOB: 1969-03-01, MRN: MRN3877508

new dark spot on forearm; |rregular bord3rs; no purulent drainage, not painful

pigmented skin spot; not healing, changing shape; denies rash, denies fever; suspicious of MalignantMelanoma

blood pressure 120/80; heart rate regular; patient ambulatory",malignant
PAT2038,"Referred by Dr. Aisha Nguyen; patient ID MRN2374885 pruritic red skin rash; SevereItching not responding to lotion; denies pus discharge red skin rash with SevereItching; denies bleeding, no purulent drainage, not infected patient denies drug allergies; previous medical history non-contributory",inflammatory
PAT2278,"Patient: Sarah Sharma, DOB: 1991-02-03, MRN: MRN0150792

red itchy skin spot; intense burning sensation and SevereItching; no bleeding, not oozing

patient noticed a red spot on skin; SevereItching with flaking scales; no infection, no fever

patient advised on proper hydration and daily sunscreen application",inflammatory
PAT1289,"Patient: Ravi Khan, DOB: 1989-03-23, MRN: MRN9595335

routine check of skin spot; uniform brown color, circular border; no itching, no discharge, no redness

small flesh-colored skin spot; no itching, no bleeding, not painful, completely asymptomatic 👍

common skin mole; no redness, no pus, not tender, no changes in appearance

patient denies drug allergies; previous medical history non-contributory",benign
PAT1276,"Patient: Ravi Chen, DOB: 1979-07-03, MRN: MRN7589711 	 stable skin mole present for years; no pain, no bleeding, not enlarged; denies fever, no pus 	 patient noticed a skin spot on arm; no itching, no bleeding, no pain, not growing, denies fever 	 routine check of skin spot; uniform brown color, circular border; no itching, no discharge, no redness 	 reviewed lab results; hemoglobin and renal function within normal limits",benign
PAT2970,"Patient: Sarah Sharma, DOB: 1976-10-09, MRN: MRN2918464 
 painful infected skin spot; yellow pus drainage, temp 1O1F, started on Amoxici11in 500mg; no flaking 
 skin spot on leg with BacterialCellulitis; warm, swollen, purulent drainage; denies bleeding mole 
 vital signs stable at intake; alert and oriented x3",infectious
PAT1954,"Name: Aisha Nguyen | Email: xdfmdn@hospital.org | Phone: +91-6821170893 
 patient noticed a dark spot on skin; BleedingLesion and rapid growth; not painful, denies itching 
 RapidlyEnlarging skin spot with notched borders; no infection, denies purulent drainage 
 vital signs stable at intake; alert and oriented x3",malignant
PAT1920,"Referred by Dr. Sarah Miller; patient ID MRN5167697 RapidlyEnlarging skin spot with notched borders; no infection, denies purulent drainage pigmented skin spot; not healing, changing shape; denies rash, denies fever; suspicious of MalignantMelanoma dark skin mole on shoulder; BleedingLesion after shower; no itching, no discharge, not tender vital signs stable at intake; alert and oriented x3",malignant
PAT1480,"Name: Amit Chen | Email: ofhiab@hospital.org | Phone: +91-7799209297 
 routine check of skin spot; uniform brown color, circular border; no itching, no discharge, no redness 
 common skin mole; no redness, no pus, not tender, no changes in appearance 
 patient denies drug allergies; previous medical history non-contributory",benign
PAT1796,"Patient: Ravi Miller, DOB: 1987-12-13, MRN: MRN7281883 	 pigmented skin spot; not healing, changing shape; denies rash, denies fever; suspicious of MalignantMelanoma 	 new dark spot on forearm; |rregular bord3rs; no purulent drainage, not painful 	 blood pressure 120/80; heart rate regular; patient ambulatory",malignant
PAT2229,"Patient: Carlos Patel, DOB: 1952-05-25, MRN: MRN8045502 
 red itchy skin spot; intense burning sensation and SevereItching; no bleeding, not oozing 
 patient noticed a red spot on skin; SevereItching with flaking scales; no infection, no fever 
 pruritic red skin rash; SevereItching not responding to lotion; denies pus discharge 
 follow-up telemedicine consultation scheduled for next month http://telehealth.example.com",inflammatory
PAT1252,"Referred by Dr. Ravi Sharma; patient ID MRN7601345 	 small flesh-colored skin spot; no itching, no bleeding, not painful, completely asymptomatic 👍 	 common skin mole; no redness, no pus, not tender, no changes in appearance 	 routine check of skin spot; uniform brown color, circular border; no itching, no discharge, no redness 	 patient advised on proper hydration and daily sunscreen application",benign
PAT1574,"Name: Meera Smith | Email: xqpgnx@hospital.org | Phone: +91-1959432897

patient noticed a dark spot on skin; BleedingLesion and rapid growth; not painful, denies itching

pigmented skin spot; not healing, changing shape; denies rash, denies fever; suspicious of MalignantMelanoma

skin spot on back; |rregular bord3rs and uneven dark color variegation; no fever, no pus

follow-up telemedicine consultation scheduled for next month http://telehealth.example.com",malignant
PAT1726,"Patient: Elena Lee, DOB: 1998-02-08, MRN: MRN8647313 
 pigmented skin spot; not healing, changing shape; denies rash, denies fever; suspicious of MalignantMelanoma 
 RapidlyEnlarging skin spot with notched borders; no infection, denies purulent drainage 
 follow-up telemedicine consultation scheduled for next month http://telehealth.example.com",malignant
PAT1983,"Referred by Dr. Amit Garcia; patient ID MRN2550300 
 RapidlyEnlarging skin spot with notched borders; no infection, denies purulent drainage 
 patient noticed a dark spot on skin; BleedingLesion and rapid growth; not painful, denies itching 
 pigmented skin spot; not healing, changing shape; denies rash, denies fever; suspicious of MalignantMelanoma 
 vital signs stable at intake; alert and oriented x3",malignant
PAT1627,"Name: John Smith | Email: katkpe@hospital.org | Phone: +91-0792839747 
 dark skin mole on shoulder; BleedingLesion after shower; no itching, no discharge, not tender 
 RapidlyEnlarging skin spot with notched borders; no infection, denies purulent drainage 
 skin spot on back; |rregular bord3rs and uneven dark color variegation; no fever, no pus 
 patient denies drug allergies; previous medical history non-contributory",malignant
PAT2384,"Referred by Dr. Amit Chen; patient ID MRN5303186 red itchy skin spot; intense burning sensation and SevereItching; no bleeding, not oozing red skin rash with SevereItching; denies bleeding, no purulent drainage, not infected patient noticed a red spot on skin; SevereItching with flaking scales; no infection, no fever vital signs stable at intake; alert and oriented x3",inflammatory
PAT1711,"Patient: Amit Chen, DOB: 1993-04-06, MRN: MRN5283611

pigmented skin spot; not healing, changing shape; denies rash, denies fever; suspicious of MalignantMelanoma

skin spot on back; |rregular bord3rs and uneven dark color variegation; no fever, no pus

reviewed lab results; hemoglobin and renal function within normal limits",malignant
PAT1926,"Referred by Dr. Priya Garcia; patient ID MRN7521289 
 patient noticed a dark spot on skin; BleedingLesion and rapid growth; not painful, denies itching 
 RapidlyEnlarging skin spot with notched borders; no infection, denies purulent drainage 
 skin spot on back; |rregular bord3rs and uneven dark color variegation; no fever, no pus 
 reviewed lab results; hemoglobin and renal function within normal limits",malignant
PAT2451,"Name: John Lee | Email: apuoid@hospital.org | Phone: +91-5892918345 
 flaking red skin spot; SevereItching at night; no fever, denies wound breakdown 
 red skin rash with SevereItching; denies bleeding, no purulent drainage, not infected 
 patient advised on proper hydration and daily sunscreen application",inflammatory
PAT1550,"Name: Amit Garcia | Email: oempkq@hospital.org | Phone: +91-0572602869

patient noticed a dark spot on skin; BleedingLesion and rapid growth; not painful, denies itching

new dark spot on forearm; |rregular bord3rs; no purulent drainage, not painful

blood pressure 120/80; heart rate regular; patient ambulatory",malignant
PAT2401,"Patient: John Smith, DOB: 1994-08-07, MRN: MRN3093572

patient noticed a red spot on skin; SevereItching with flaking scales; no infection, no fever

red skin rash with SevereItching; denies bleeding, no purulent drainage, not infected

pruritic red skin rash; SevereItching not responding to lotion; denies pus discharge

patient denies drug allergies; previous medical history non-contributory",inflammatory
PAT2956,"Name: Priya Singh | Email: mjinou@hospital.org | Phone: +91-4201491128

painful infected skin spot; yellow pus drainage, temp 1O1F, started on Amoxici11in 500mg; no flaking

infected skin spot with swelling and pus drainage; on Amoxici11in; denies eczema

skin spot on leg with BacterialCellulitis; warm, swollen, purulent drainage; denies bleeding mole

reviewed lab results; hemoglobin and renal function within normal limits",infectious
PAT1066,"Name: John Khan | Email: vpnfoy@hospital.org | Phone: +91-9996808167 
 benign skin spot on trunk; no ulceration, no bleeding, no itching, no discharge 
 routine check of skin spot; uniform brown color, circular border; no itching, no discharge, no redness 
 blood pressure 120/80; heart rate regular; patient ambulatory",benign
PAT2677,"Patient: Aisha Khan, DOB: 1950-12-02, MRN: MRN8368893 
 red skin spot with localized swelling and pus discharge; elevated temperature; no chronic rash 
 skin spot on leg with BacterialCellulitis; warm, swollen, purulent drainage; denies bleeding mole 
 follow-up telemedicine consultation scheduled for next month http://telehealth.example.com",infectious
PAT1097,"Name: Sarah Khan | Email: bdlhdk@hospital.org | Phone: +91-7048976541 stable skin mole present for years; no pain, no bleeding, not enlarged; denies fever, no pus common skin mole; no redness, no pus, not tender, no changes in appearance follow-up telemedicine consultation scheduled for next month http://telehealth.example.com",benign
PAT2493,"Name: Carlos Patel | Email: kqbkxc@hospital.org | Phone: +91-5426942181

flaking red skin spot; SevereItching at night; no fever, denies wound breakdown

patient noticed a red spot on skin; SevereItching with flaking scales; no infection, no fever

vital signs stable at intake; alert and oriented x3",inflammatory
PAT1237,"Name: Carlos Sharma | Email: eivxck@hospital.org | Phone: +91-8410783213 	 benign skin spot on trunk; no ulceration, no bleeding, no itching, no discharge 	 stable skin mole present for years; no pain, no bleeding, not enlarged; denies fever, no pus 	 small flesh-colored skin spot; no itching, no bleeding, not painful, completely asymptomatic 👍 	 vital signs stable at intake; alert and oriented x3",benign
PAT2852,"Name: David Lee | Email: oharud@hospital.org | Phone: +91-3475044274 painful infected skin spot; yellow pus drainage, temp 1O1F, started on Amoxici11in 500mg; no flaking patient noticed a painful red spot on skin; pus discharge noted <br/> temp 1O1F; denies itching patient advised on proper hydration and daily sunscreen application",infectious
PAT1575,"Referred by Dr. Elena Miller; patient ID MRN9534568 	 new dark spot on forearm; |rregular bord3rs; no purulent drainage, not painful 	 dark skin mole on shoulder; BleedingLesion after shower; no itching, no discharge, not tender 	 patient denies drug allergies; previous medical history non-contributory",malignant
PAT2165,"Name: Amit Patel | Email: mdqddm@hospital.org | Phone: +91-2364020973

pruritic red skin rash; SevereItching not responding to lotion; denies pus discharge

patient noticed a red spot on skin; SevereItching with flaking scales; no infection, no fever

flaking red skin spot; SevereItching at night; no fever, denies wound breakdown

patient advised on proper hydration and daily sunscreen application",inflammatory
PAT1137,"Name: Elena Patel | Email: wevwao@hospital.org | Phone: +91-8078961504 
 patient noticed a skin spot on arm; no itching, no bleeding, no pain, not growing, denies fever 
 stable skin mole present for years; no pain, no bleeding, not enlarged; denies fever, no pus 
 patient advised on proper hydration and daily sunscreen application",benign
PAT1717,"Name: David Miller | Email: qujimy@hospital.org | Phone: +91-5516098536 
 dark skin mole on shoulder; BleedingLesion after shower; no itching, no discharge, not tender 
 RapidlyEnlarging skin spot with notched borders; no infection, denies purulent drainage 
 pigmented skin spot; not healing, changing shape; denies rash, denies fever; suspicious of MalignantMelanoma 
 blood pressure 120/80; heart rate regular; patient ambulatory",malignant
PAT2625,Referred by Dr. John Garcia; patient ID MRN1724786 	 wound spot on skin with BacterialCellulitis and purulent exudate; fever noted; denies itching 	 infected skin spot with swelling and pus drainage; on Amoxici11in; denies eczema 	 vital signs stable at intake; alert and oriented x3,infectious
PAT2252,"Patient: John Patel, DOB: 1964-11-04, MRN: MRN6554026 	 flaking red skin spot; SevereItching at night; no fever, denies wound breakdown 	 pruritic red skin rash; SevereItching not responding to lotion; denies pus discharge 	 red skin rash with SevereItching; denies bleeding, no purulent drainage, not infected 	 blood pressure 120/80; heart rate regular; patient ambulatory",inflammatory
PAT2311,"Patient: John Lee, DOB: 2003-11-07, MRN: MRN8865628

flaking red skin spot; SevereItching at night; no fever, denies wound breakdown

pruritic red skin rash; SevereItching not responding to lotion; denies pus discharge

patient noticed a red spot on skin; SevereItching with flaking scales; no infection, no fever

vital signs stable at intake; alert and oriented x3",inflammatory
PAT1556,"Patient: John Miller, DOB: 1963-02-02, MRN: MRN9869122 	 RapidlyEnlarging skin spot with notched borders; no infection, denies purulent drainage 	 pigmented skin spot; not healing, changing shape; denies rash, denies fever; suspicious of MalignantMelanoma 	 skin spot on back; |rregular bord3rs and uneven dark color variegation; no fever, no pus 	 follow-up telemedicine consultation scheduled for next month http://telehealth.example.com",malignant
PAT2446,"Patient: Sarah Khan, DOB: 1950-05-12, MRN: MRN7888381 
 red itchy skin spot; intense burning sensation and SevereItching; no bleeding, not oozing 
 red skin rash with SevereItching; denies bleeding, no purulent drainage, not infected 
 pruritic red skin rash; SevereItching not responding to lotion; denies pus discharge 
 patient denies drug allergies; previous medical history non-contributory",inflammatory
PAT2581,"Name: John Smith | Email: eeyulc@hospital.org | Phone: +91-9600206894

painful infected skin spot; yellow pus drainage, temp 1O1F, started on Amoxici11in 500mg; no flaking

skin spot on leg with BacterialCellulitis; warm, swollen, purulent drainage; denies bleeding mole

red skin spot with localized swelling and pus discharge; elevated temperature; no chronic rash

vital signs stable at intake; alert and oriented x3",infectious
PAT2751,"Patient: Ravi Khan, DOB: 1968-02-01, MRN: MRN0481677 skin spot on leg with BacterialCellulitis; warm, swollen, purulent drainage; denies bleeding mole painful infected skin spot; yellow pus drainage, temp 1O1F, started on Amoxici11in 500mg; no flaking infected skin spot with swelling and pus drainage; on Amoxici11in; denies eczema follow-up telemedicine consultation scheduled for next month http://telehealth.example.com",infectious
PAT2257,"Referred by Dr. Sarah Patel; patient ID MRN4371405 red skin rash with SevereItching; denies bleeding, no purulent drainage, not infected patient noticed a red spot on skin; SevereItching with flaking scales; no infection, no fever red itchy skin spot; intense burning sensation and SevereItching; no bleeding, not oozing follow-up telemedicine consultation scheduled for next month http://telehealth.example.com",inflammatory
PAT1238,"Name: Meera Garcia | Email: ldurev@hospital.org | Phone: +91-9997667840 	 benign skin spot on trunk; no ulceration, no bleeding, no itching, no discharge 	 patient noticed a skin spot on arm; no itching, no bleeding, no pain, not growing, denies fever 	 vital signs stable at intake; alert and oriented x3",benign
PAT2673,"Referred by Dr. Amit Miller; patient ID MRN3226224 
 infected skin spot with swelling and pus drainage; on Amoxici11in; denies eczema 
 wound spot on skin with BacterialCellulitis and purulent exudate; fever noted; denies itching 
 vital signs stable at intake; alert and oriented x3",infectious
PAT2200,"Patient: Sarah Garcia, DOB: 1970-01-19, MRN: MRN2724149 
 red itchy skin spot; intense burning sensation and SevereItching; no bleeding, not oozing 
 skin rash on elbows and forearm; SevereItching and scaling redness; no pus, no fever 
 patient denies drug allergies; previous medical history non-contributory",inflammatory
PAT1696,"Name: Priya Chen | Email: vbynis@hospital.org | Phone: +91-5954820878 
 skin spot on back; |rregular bord3rs and uneven dark color variegation; no fever, no pus 
 pigmented skin spot; not healing, changing shape; denies rash, denies fever; suspicious of MalignantMelanoma 
 dark skin mole on shoulder; BleedingLesion after shower; no itching, no discharge, not tender 
 patient denies drug allergies; previous medical history non-contributory",malignant
PAT2952,"Name: Elena Chen | Email: qowbzc@hospital.org | Phone: +91-7323984194

wound spot on skin with BacterialCellulitis and purulent exudate; fever noted; denies itching

painful infected skin spot; yellow pus drainage, temp 1O1F, started on Amoxici11in 500mg; no flaking

skin spot on leg with BacterialCellulitis; warm, swollen, purulent drainage; denies bleeding mole

patient denies drug allergies; previous medical history non-contributory",infectious
PAT2940,"Name: Amit Lee | Email: tlyvdy@hospital.org | Phone: +91-2137256857

skin spot on leg with BacterialCellulitis; warm, swollen, purulent drainage; denies bleeding mole

patient noticed a painful red spot on skin; pus discharge noted <br/> temp 1O1F; denies itching

blood pressure 120/80; heart rate regular; patient ambulatory",infectious
PAT1817,"Patient: Carlos Nguyen, DOB: 1970-10-10, MRN: MRN4031127 
 new dark spot on forearm; |rregular bord3rs; no purulent drainage, not painful 
 patient noticed a dark spot on skin; BleedingLesion and rapid growth; not painful, denies itching 
 follow-up telemedicine consultation scheduled for next month http://telehealth.example.com",malignant
PAT1604,"Name: Priya Singh | Email: fcstiv@hospital.org | Phone: +91-4833164290 	 patient noticed a dark spot on skin; BleedingLesion and rapid growth; not painful, denies itching 	 dark skin mole on shoulder; BleedingLesion after shower; no itching, no discharge, not tender 	 vital signs stable at intake; alert and oriented x3",malignant
PAT2640,"Name: Ravi Khan | Email: tekzzz@hospital.org | Phone: +91-3277754482 
 wound spot on skin with BacterialCellulitis and purulent exudate; fever noted; denies itching 
 red skin spot with localized swelling and pus discharge; elevated temperature; no chronic rash 
 skin spot on leg with BacterialCellulitis; warm, swollen, purulent drainage; denies bleeding mole 
 vital signs stable at intake; alert and oriented x3",infectious
PAT1731,"Referred by Dr. Aisha Chen; patient ID MRN9900546 	 pigmented skin spot; not healing, changing shape; denies rash, denies fever; suspicious of MalignantMelanoma 	 patient noticed a dark spot on skin; BleedingLesion and rapid growth; not painful, denies itching 	 RapidlyEnlarging skin spot with notched borders; no infection, denies purulent drainage 	 patient advised on proper hydration and daily sunscreen application",malignant
PAT1081,"Patient: Meera Garcia, DOB: 1977-04-09, MRN: MRN2441395 	 patient noticed a skin spot on arm; no itching, no bleeding, no pain, not growing, denies fever 	 small flesh-colored skin spot; no itching, no bleeding, not painful, completely asymptomatic 👍 	 routine check of skin spot; uniform brown color, circular border; no itching, no discharge, no redness 	 patient advised on proper hydration and daily sunscreen application",benign
PAT2535,"Patient: Sarah Khan, DOB: 1961-05-02, MRN: MRN9388817 painful infected skin spot; yellow pus drainage, temp 1O1F, started on Amoxici11in 500mg; no flaking red skin spot with localized swelling and pus discharge; elevated temperature; no chronic rash blood pressure 120/80; heart rate regular; patient ambulatory",infectious
PAT2398,"Referred by Dr. Ravi Miller; patient ID MRN5120767 	 flaking red skin spot; SevereItching at night; no fever, denies wound breakdown 	 red itchy skin spot; intense burning sensation and SevereItching; no bleeding, not oozing 	 skin rash on elbows and forearm; SevereItching and scaling redness; no pus, no fever 	 patient denies drug allergies; previous medical history non-contributory",inflammatory
PAT1417,"Referred by Dr. Meera Nguyen; patient ID MRN5899157 	 small flesh-colored skin spot; no itching, no bleeding, not painful, completely asymptomatic 👍 	 patient noticed a skin spot on arm; no itching, no bleeding, no pain, not growing, denies fever 	 follow-up telemedicine consultation scheduled for next month http://telehealth.example.com",benign
PAT2033,"Name: Meera Smith | Email: fajwib@hospital.org | Phone: +91-6407835538

red skin rash with SevereItching; denies bleeding, no purulent drainage, not infected

flaking red skin spot; SevereItching at night; no fever, denies wound breakdown

blood pressure 120/80; heart rate regular; patient ambulatory",inflammatory
PAT2649,"Referred by Dr. Carlos Singh; patient ID MRN7477229 
 patient noticed a painful red spot on skin; pus discharge noted <br/> temp 1O1F; denies itching 
 red skin spot with localized swelling and pus discharge; elevated temperature; no chronic rash 
 painful infected skin spot; yellow pus drainage, temp 1O1F, started on Amoxici11in 500mg; no flaking 
 reviewed lab results; hemoglobin and renal function within normal limits",infectious
PAT2656,"Name: Meera Khan | Email: etmfmm@hospital.org | Phone: +91-4313114315 	 infected skin spot with swelling and pus drainage; on Amoxici11in; denies eczema 	 skin spot on leg with BacterialCellulitis; warm, swollen, purulent drainage; denies bleeding mole 	 wound spot on skin with BacterialCellulitis and purulent exudate; fever noted; denies itching 	 patient advised on proper hydration and daily sunscreen application",infectious
PAT2299,"Referred by Dr. Ravi Nguyen; patient ID MRN0557785

pruritic red skin rash; SevereItching not responding to lotion; denies pus discharge

skin rash on elbows and forearm; SevereItching and scaling redness; no pus, no fever

reviewed lab results; hemoglobin and renal function within normal limits",inflammatory
PAT2146,"Name: David Lee | Email: gdypak@hospital.org | Phone: +91-0427441011 
 red itchy skin spot; intense burning sensation and SevereItching; no bleeding, not oozing 
 flaking red skin spot; SevereItching at night; no fever, denies wound breakdown 
 skin rash on elbows and forearm; SevereItching and scaling redness; no pus, no fever 
 follow-up telemedicine consultation scheduled for next month http://telehealth.example.com",inflammatory
PAT2667,Referred by Dr. Amit Sharma; patient ID MRN0675512 	 patient noticed a painful red spot on skin; pus discharge noted <br/> temp 1O1F; denies itching 	 red skin spot with localized swelling and pus discharge; elevated temperature; no chronic rash 	 blood pressure 120/80; heart rate regular; patient ambulatory,infectious
PAT2249,"Patient: Elena Garcia, DOB: 1982-03-22, MRN: MRN5674592 red skin rash with SevereItching; denies bleeding, no purulent drainage, not infected red itchy skin spot; intense burning sensation and SevereItching; no bleeding, not oozing pruritic red skin rash; SevereItching not responding to lotion; denies pus discharge follow-up telemedicine consultation scheduled for next month http://telehealth.example.com",inflammatory
PAT1497,"Name: Aisha Smith | Email: eenvdd@hospital.org | Phone: +91-0179346190 patient noticed a skin spot on arm; no itching, no bleeding, no pain, not growing, denies fever stable skin mole present for years; no pain, no bleeding, not enlarged; denies fever, no pus follow-up telemedicine consultation scheduled for next month http://telehealth.example.com",benign
PAT2028,"Referred by Dr. David Khan; patient ID MRN2167018

flaking red skin spot; SevereItching at night; no fever, denies wound breakdown

red itchy skin spot; intense burning sensation and SevereItching; no bleeding, not oozing

follow-up telemedicine consultation scheduled for next month http://telehealth.example.com",inflammatory
PAT2027,"Patient: Amit Garcia, DOB: 1963-04-20, MRN: MRN9928662 
 patient noticed a red spot on skin; SevereItching with flaking scales; no infection, no fever 
 red itchy skin spot; intense burning sensation and SevereItching; no bleeding, not oozing 
 flaking red skin spot; SevereItching at night; no fever, denies wound breakdown 
 follow-up telemedicine consultation scheduled for next month http://telehealth.example.com",inflammatory
PAT1258,"Referred by Dr. Carlos Chen; patient ID MRN1981399 
 benign skin spot on trunk; no ulceration, no bleeding, no itching, no discharge 
 stable skin mole present for years; no pain, no bleeding, not enlarged; denies fever, no pus 
 vital signs stable at intake; alert and oriented x3",benign
PAT1512,"Name: Amit Singh | Email: onbrsi@hospital.org | Phone: +91-5542625770 pigmented skin spot; not healing, changing shape; denies rash, denies fever; suspicious of MalignantMelanoma new dark spot on forearm; |rregular bord3rs; no purulent drainage, not painful blood pressure 120/80; heart rate regular; patient ambulatory",malignant
PAT1934,"Name: David Lee | Email: ufxtck@hospital.org | Phone: +91-8727405034 	 new dark spot on forearm; |rregular bord3rs; no purulent drainage, not painful 	 dark skin mole on shoulder; BleedingLesion after shower; no itching, no discharge, not tender 	 patient advised on proper hydration and daily sunscreen application",malignant
PAT2953,"Name: Priya Lee | Email: nyuqdl@hospital.org | Phone: +91-7427728863 
 red skin spot with localized swelling and pus discharge; elevated temperature; no chronic rash 
 patient noticed a painful red spot on skin; pus discharge noted <br/> temp 1O1F; denies itching 
 vital signs stable at intake; alert and oriented x3",infectious
PAT1151,"Patient: John Singh, DOB: 1988-12-03, MRN: MRN6894806 benign skin spot on trunk; no ulceration, no bleeding, no itching, no discharge small flesh-colored skin spot; no itching, no bleeding, not painful, completely asymptomatic 👍 patient denies drug allergies; previous medical history non-contributory",benign
PAT2968,"Name: John Patel | Email: lrethr@hospital.org | Phone: +91-4621652447 	 skin spot on leg with BacterialCellulitis; warm, swollen, purulent drainage; denies bleeding mole 	 infected skin spot with swelling and pus drainage; on Amoxici11in; denies eczema 	 blood pressure 120/80; heart rate regular; patient ambulatory",infectious
PAT1571,"Patient: Meera Chen, DOB: 1997-04-24, MRN: MRN3312043

dark skin mole on shoulder; BleedingLesion after shower; no itching, no discharge, not tender

pigmented skin spot; not healing, changing shape; denies rash, denies fever; suspicious of MalignantMelanoma

patient noticed a dark spot on skin; BleedingLesion and rapid growth; not painful, denies itching

vital signs stable at intake; alert and oriented x3",malignant
PAT2579,"Name: David Sharma | Email: tnktph@hospital.org | Phone: +91-7367544956

infected skin spot with swelling and pus drainage; on Amoxici11in; denies eczema

painful infected skin spot; yellow pus drainage, temp 1O1F, started on Amoxici11in 500mg; no flaking

skin spot on leg with BacterialCellulitis; warm, swollen, purulent drainage; denies bleeding mole

patient advised on proper hydration and daily sunscreen application",infectious
PAT2199,"Name: Elena Miller | Email: rfllxo@hospital.org | Phone: +91-3773453312 
 red skin rash with SevereItching; denies bleeding, no purulent drainage, not infected 
 skin rash on elbows and forearm; SevereItching and scaling redness; no pus, no fever 
 patient advised on proper hydration and daily sunscreen application",inflammatory
PAT2392,"Referred by Dr. Meera Singh; patient ID MRN4202781 patient noticed a red spot on skin; SevereItching with flaking scales; no infection, no fever skin rash on elbows and forearm; SevereItching and scaling redness; no pus, no fever flaking red skin spot; SevereItching at night; no fever, denies wound breakdown follow-up telemedicine consultation scheduled for next month http://telehealth.example.com",inflammatory
PAT1953,"Referred by Dr. Aisha Sharma; patient ID MRN4662080 	 skin spot on back; |rregular bord3rs and uneven dark color variegation; no fever, no pus 	 RapidlyEnlarging skin spot with notched borders; no infection, denies purulent drainage 	 new dark spot on forearm; |rregular bord3rs; no purulent drainage, not painful 	 vital signs stable at intake; alert and oriented x3",malignant
PAT1436,"Name: Aisha Patel | Email: zxfrmt@hospital.org | Phone: +91-3758333062

patient noticed a skin spot on arm; no itching, no bleeding, no pain, not growing, denies fever

benign skin spot on trunk; no ulceration, no bleeding, no itching, no discharge

small flesh-colored skin spot; no itching, no bleeding, not painful, completely asymptomatic 👍

patient denies drug allergies; previous medical history non-contributory",benign
PAT2314,"Referred by Dr. Elena Patel; patient ID MRN1052435 patient noticed a red spot on skin; SevereItching with flaking scales; no infection, no fever red itchy skin spot; intense burning sensation and SevereItching; no bleeding, not oozing follow-up telemedicine consultation scheduled for next month http://telehealth.example.com",inflammatory
PAT2867,"Patient: Priya Sharma, DOB: 1965-12-26, MRN: MRN8954474 
 patient noticed a painful red spot on skin; pus discharge noted <br/> temp 1O1F; denies itching 
 wound spot on skin with BacterialCellulitis and purulent exudate; fever noted; denies itching 
 skin spot on leg with BacterialCellulitis; warm, swollen, purulent drainage; denies bleeding mole 
 patient advised on proper hydration and daily sunscreen application",infectious
PAT2114,"Patient: Aisha Miller, DOB: 2000-05-02, MRN: MRN9580225 	 patient noticed a red spot on skin; SevereItching with flaking scales; no infection, no fever 	 red skin rash with SevereItching; denies bleeding, no purulent drainage, not infected 	 flaking red skin spot; SevereItching at night; no fever, denies wound breakdown 	 patient denies drug allergies; previous medical history non-contributory",inflammatory
PAT1965,"Patient: Carlos Lee, DOB: 1983-09-26, MRN: MRN3045678 
 pigmented skin spot; not healing, changing shape; denies rash, denies fever; suspicious of MalignantMelanoma 
 patient noticed a dark spot on skin; BleedingLesion and rapid growth; not painful, denies itching 
 patient denies drug allergies; previous medical history non-contributory",malignant
PAT1511,"Patient: Priya Garcia, DOB: 1975-09-25, MRN: MRN3245754

pigmented skin spot; not healing, changing shape; denies rash, denies fever; suspicious of MalignantMelanoma

RapidlyEnlarging skin spot with notched borders; no infection, denies purulent drainage

skin spot on back; |rregular bord3rs and uneven dark color variegation; no fever, no pus

reviewed lab results; hemoglobin and renal function within normal limits",malignant
PAT2638,Name: Ravi Sharma | Email: xhglkb@hospital.org | Phone: +91-5003672599 red skin spot with localized swelling and pus discharge; elevated temperature; no chronic rash patient noticed a painful red spot on skin; pus discharge noted <br/> temp 1O1F; denies itching reviewed lab results; hemoglobin and renal function within normal limits,infectious
PAT1921,"Patient: Sarah Lee, DOB: 1995-08-11, MRN: MRN3960231 	 new dark spot on forearm; |rregular bord3rs; no purulent drainage, not painful 	 pigmented skin spot; not healing, changing shape; denies rash, denies fever; suspicious of MalignantMelanoma 	 reviewed lab results; hemoglobin and renal function within normal limits",malignant
PAT1465,"Referred by Dr. Ravi Smith; patient ID MRN3872951 	 small flesh-colored skin spot; no itching, no bleeding, not painful, completely asymptomatic 👍 	 stable skin mole present for years; no pain, no bleeding, not enlarged; denies fever, no pus 	 benign skin spot on trunk; no ulceration, no bleeding, no itching, no discharge 	 patient advised on proper hydration and daily sunscreen application",benign
PAT2485,"Name: Ravi Smith | Email: ocwysv@hospital.org | Phone: +91-3520869003 
 pruritic red skin rash; SevereItching not responding to lotion; denies pus discharge 
 flaking red skin spot; SevereItching at night; no fever, denies wound breakdown 
 reviewed lab results; hemoglobin and renal function within normal limits",inflammatory
PAT1942,"Patient: Carlos Garcia, DOB: 1967-07-18, MRN: MRN3065105 	 pigmented skin spot; not healing, changing shape; denies rash, denies fever; suspicious of MalignantMelanoma 	 skin spot on back; |rregular bord3rs and uneven dark color variegation; no fever, no pus 	 patient denies drug allergies; previous medical history non-contributory",malignant
PAT2754,"Referred by Dr. Amit Sharma; patient ID MRN9749525 
 patient noticed a painful red spot on skin; pus discharge noted <br/> temp 1O1F; denies itching 
 wound spot on skin with BacterialCellulitis and purulent exudate; fever noted; denies itching 
 patient denies drug allergies; previous medical history non-contributory",infectious
PAT2698,"Referred by Dr. Priya Miller; patient ID MRN8794164 
 painful infected skin spot; yellow pus drainage, temp 1O1F, started on Amoxici11in 500mg; no flaking 
 red skin spot with localized swelling and pus discharge; elevated temperature; no chronic rash 
 patient advised on proper hydration and daily sunscreen application",infectious
PAT1076,"Patient: David Miller, DOB: 1997-06-06, MRN: MRN4414996 benign skin spot on trunk; no ulceration, no bleeding, no itching, no discharge stable skin mole present for years; no pain, no bleeding, not enlarged; denies fever, no pus routine check of skin spot; uniform brown color, circular border; no itching, no discharge, no redness vital signs stable at intake; alert and oriented x3",benign
PAT1479,"Referred by Dr. Meera Sharma; patient ID MRN4827182 
 patient noticed a skin spot on arm; no itching, no bleeding, no pain, not growing, denies fever 
 stable skin mole present for years; no pain, no bleeding, not enlarged; denies fever, no pus 
 follow-up telemedicine consultation scheduled for next month http://telehealth.example.com",benign
PAT1795,"Referred by Dr. Priya Miller; patient ID MRN3179205 
 patient noticed a dark spot on skin; BleedingLesion and rapid growth; not painful, denies itching 
 dark skin mole on shoulder; BleedingLesion after shower; no itching, no discharge, not tender 
 skin spot on back; |rregular bord3rs and uneven dark color variegation; no fever, no pus 
 blood pressure 120/80; heart rate regular; patient ambulatory",malignant
PAT1952,"Referred by Dr. Amit Lee; patient ID MRN4469910 pigmented skin spot; not healing, changing shape; denies rash, denies fever; suspicious of MalignantMelanoma skin spot on back; |rregular bord3rs and uneven dark color variegation; no fever, no pus blood pressure 120/80; heart rate regular; patient ambulatory",malignant
PAT1154,"Name: Meera Lee | Email: xkegrd@hospital.org | Phone: +91-9047644502 patient noticed a skin spot on arm; no itching, no bleeding, no pain, not growing, denies fever benign skin spot on trunk; no ulceration, no bleeding, no itching, no discharge blood pressure 120/80; heart rate regular; patient ambulatory",benign
PAT2267,"Referred by Dr. Carlos Khan; patient ID MRN6559022 pruritic red skin rash; SevereItching not responding to lotion; denies pus discharge skin rash on elbows and forearm; SevereItching and scaling redness; no pus, no fever flaking red skin spot; SevereItching at night; no fever, denies wound breakdown patient advised on proper hydration and daily sunscreen application",inflammatory
PAT2977,"Name: Elena Smith | Email: lhfdjx@hospital.org | Phone: +91-4746331931 skin spot on leg with BacterialCellulitis; warm, swollen, purulent drainage; denies bleeding mole wound spot on skin with BacterialCellulitis and purulent exudate; fever noted; denies itching patient advised on proper hydration and daily sunscreen application",infectious
PAT1003,"Name: John Nguyen | Email: dnxydo@hospital.org | Phone: +91-7140662013 routine check of skin spot; uniform brown color, circular border; no itching, no discharge, no redness small flesh-colored skin spot; no itching, no bleeding, not painful, completely asymptomatic 👍 reviewed lab results; hemoglobin and renal function within normal limits",benign
PAT2064,"Name: Aisha Nguyen | Email: zujgso@hospital.org | Phone: +91-6976887229 	 red skin rash with SevereItching; denies bleeding, no purulent drainage, not infected 	 flaking red skin spot; SevereItching at night; no fever, denies wound breakdown 	 follow-up telemedicine consultation scheduled for next month http://telehealth.example.com",inflammatory
PAT2606,"Name: Aisha Sharma | Email: ttakph@hospital.org | Phone: +91-1785166485 	 patient noticed a painful red spot on skin; pus discharge noted <br/> temp 1O1F; denies itching 	 painful infected skin spot; yellow pus drainage, temp 1O1F, started on Amoxici11in 500mg; no flaking 	 patient denies drug allergies; previous medical history non-contributory",infectious
PAT1368,"Referred by Dr. Priya Chen; patient ID MRN9298124 stable skin mole present for years; no pain, no bleeding, not enlarged; denies fever, no pus common skin mole; no redness, no pus, not tender, no changes in appearance blood pressure 120/80; heart rate regular; patient ambulatory",benign
PAT1552,"Name: Priya Miller | Email: wvjlyy@hospital.org | Phone: +91-4507924128 	 pigmented skin spot; not healing, changing shape; denies rash, denies fever; suspicious of MalignantMelanoma 	 dark skin mole on shoulder; BleedingLesion after shower; no itching, no discharge, not tender 	 patient denies drug allergies; previous medical history non-contributory",malignant
PAT1343,"Name: Aisha Khan | Email: kiassh@hospital.org | Phone: +91-9361361993 	 small flesh-colored skin spot; no itching, no bleeding, not painful, completely asymptomatic 👍 	 benign skin spot on trunk; no ulceration, no bleeding, no itching, no discharge 	 patient advised on proper hydration and daily sunscreen application",benign
PAT1212,"Name: Meera Chen | Email: jsslrx@hospital.org | Phone: +91-6289568335 	 routine check of skin spot; uniform brown color, circular border; no itching, no discharge, no redness 	 small flesh-colored skin spot; no itching, no bleeding, not painful, completely asymptomatic 👍 	 benign skin spot on trunk; no ulceration, no bleeding, no itching, no discharge 	 follow-up telemedicine consultation scheduled for next month http://telehealth.example.com",benign
PAT2080,"Name: Priya Sharma | Email: jdfajf@hospital.org | Phone: +91-4460350297

pruritic red skin rash; SevereItching not responding to lotion; denies pus discharge

flaking red skin spot; SevereItching at night; no fever, denies wound breakdown

blood pressure 120/80; heart rate regular; patient ambulatory",inflammatory
PAT1871,"Name: Meera Garcia | Email: cyxmiv@hospital.org | Phone: +91-3657365889 	 RapidlyEnlarging skin spot with notched borders; no infection, denies purulent drainage 	 pigmented skin spot; not healing, changing shape; denies rash, denies fever; suspicious of MalignantMelanoma 	 reviewed lab results; hemoglobin and renal function within normal limits",malignant
PAT2340,"Referred by Dr. David Miller; patient ID MRN1457377 red itchy skin spot; intense burning sensation and SevereItching; no bleeding, not oozing red skin rash with SevereItching; denies bleeding, no purulent drainage, not infected skin rash on elbows and forearm; SevereItching and scaling redness; no pus, no fever follow-up telemedicine consultation scheduled for next month http://telehealth.example.com",inflammatory
PAT2893,"Name: Carlos Patel | Email: bxxjtp@hospital.org | Phone: +91-9357258242 
 infected skin spot with swelling and pus drainage; on Amoxici11in; denies eczema 
 red skin spot with localized swelling and pus discharge; elevated temperature; no chronic rash 
 painful infected skin spot; yellow pus drainage, temp 1O1F, started on Amoxici11in 500mg; no flaking 
 patient advised on proper hydration and daily sunscreen application",infectious
PAT2929,"Referred by Dr. Elena Nguyen; patient ID MRN9166873 
 painful infected skin spot; yellow pus drainage, temp 1O1F, started on Amoxici11in 500mg; no flaking 
 patient noticed a painful red spot on skin; pus discharge noted <br/> temp 1O1F; denies itching 
 wound spot on skin with BacterialCellulitis and purulent exudate; fever noted; denies itching 
 follow-up telemedicine consultation scheduled for next month http://telehealth.example.com",infectious
PAT1268,"Referred by Dr. Meera Lee; patient ID MRN6401624 	 routine check of skin spot; uniform brown color, circular border; no itching, no discharge, no redness 	 patient noticed a skin spot on arm; no itching, no bleeding, no pain, not growing, denies fever 	 patient advised on proper hydration and daily sunscreen application",benign
PAT2748,"Referred by Dr. Meera Chen; patient ID MRN1468319 	 skin spot on leg with BacterialCellulitis; warm, swollen, purulent drainage; denies bleeding mole 	 painful infected skin spot; yellow pus drainage, temp 1O1F, started on Amoxici11in 500mg; no flaking 	 follow-up telemedicine consultation scheduled for next month http://telehealth.example.com",infectious
PAT2704,"Name: Aisha Smith | Email: htuyqa@hospital.org | Phone: +91-0479857369 infected skin spot with swelling and pus drainage; on Amoxici11in; denies eczema painful infected skin spot; yellow pus drainage, temp 1O1F, started on Amoxici11in 500mg; no flaking vital signs stable at intake; alert and oriented x3",infectious
PAT2177,"Patient: Priya Garcia, DOB: 1988-07-02, MRN: MRN2691591 pruritic red skin rash; SevereItching not responding to lotion; denies pus discharge patient noticed a red spot on skin; SevereItching with flaking scales; no infection, no fever red itchy skin spot; intense burning sensation and SevereItching; no bleeding, not oozing patient denies drug allergies; previous medical history non-contributory",inflammatory
PAT1529,"Patient: Sarah Chen, DOB: 1974-07-22, MRN: MRN1900802 	 skin spot on back; |rregular bord3rs and uneven dark color variegation; no fever, no pus 	 dark skin mole on shoulder; BleedingLesion after shower; no itching, no discharge, not tender 	 vital signs stable at intake; alert and oriented x3",malignant
PAT1035,"Patient: Elena Lee, DOB: 1951-04-14, MRN: MRN9802602 
 small flesh-colored skin spot; no itching, no bleeding, not painful, completely asymptomatic 👍 
 patient noticed a skin spot on arm; no itching, no bleeding, no pain, not growing, denies fever 
 blood pressure 120/80; heart rate regular; patient ambulatory",benign
PAT2601,"Name: Meera Miller | Email: lwdijm@hospital.org | Phone: +91-9224173414 skin spot on leg with BacterialCellulitis; warm, swollen, purulent drainage; denies bleeding mole painful infected skin spot; yellow pus drainage, temp 1O1F, started on Amoxici11in 500mg; no flaking reviewed lab results; hemoglobin and renal function within normal limits",infectious
PAT2162,"Name: Sarah Chen | Email: aroddn@hospital.org | Phone: +91-7171802852 red skin rash with SevereItching; denies bleeding, no purulent drainage, not infected pruritic red skin rash; SevereItching not responding to lotion; denies pus discharge blood pressure 120/80; heart rate regular; patient ambulatory",inflammatory
PAT1425,"Referred by Dr. Amit Khan; patient ID MRN3763424 stable skin mole present for years; no pain, no bleeding, not enlarged; denies fever, no pus common skin mole; no redness, no pus, not tender, no changes in appearance vital signs stable at intake; alert and oriented x3",benign
PAT1507,"Name: David Chen | Email: hqsoyd@hospital.org | Phone: +91-2964477214 
 new dark spot on forearm; |rregular bord3rs; no purulent drainage, not painful 
 pigmented skin spot; not healing, changing shape; denies rash, denies fever; suspicious of MalignantMelanoma 
 patient noticed a dark spot on skin; BleedingLesion and rapid growth; not painful, denies itching 
 follow-up telemedicine consultation scheduled for next month http://telehealth.example.com",malignant
PAT1087,"Patient: Sarah Singh, DOB: 1974-09-13, MRN: MRN1082556 	 routine check of skin spot; uniform brown color, circular border; no itching, no discharge, no redness 	 benign skin spot on trunk; no ulceration, no bleeding, no itching, no discharge 	 vital signs stable at intake; alert and oriented x3",benign
PAT2838,"Name: Elena Chen | Email: ebzhpw@hospital.org | Phone: +91-7837012775 	 painful infected skin spot; yellow pus drainage, temp 1O1F, started on Amoxici11in 500mg; no flaking 	 patient noticed a painful red spot on skin; pus discharge noted <br/> temp 1O1F; denies itching 	 skin spot on leg with BacterialCellulitis; warm, swollen, purulent drainage; denies bleeding mole 	 follow-up telemedicine consultation scheduled for next month http://telehealth.example.com",infectious
PAT2214,"Referred by Dr. Amit Chen; patient ID MRN6229320 
 red itchy skin spot; intense burning sensation and SevereItching; no bleeding, not oozing 
 skin rash on elbows and forearm; SevereItching and scaling redness; no pus, no fever 
 follow-up telemedicine consultation scheduled for next month http://telehealth.example.com",inflammatory
PAT2025,"Referred by Dr. Ravi Lee; patient ID MRN0281347 
 patient noticed a red spot on skin; SevereItching with flaking scales; no infection, no fever 
 skin rash on elbows and forearm; SevereItching and scaling redness; no pus, no fever 
 pruritic red skin rash; SevereItching not responding to lotion; denies pus discharge 
 reviewed lab results; hemoglobin and renal function within normal limits",inflammatory
PAT2359,"Patient: John Garcia, DOB: 1969-09-22, MRN: MRN6172246 
 skin rash on elbows and forearm; SevereItching and scaling redness; no pus, no fever 
 patient noticed a red spot on skin; SevereItching with flaking scales; no infection, no fever 
 red skin rash with SevereItching; denies bleeding, no purulent drainage, not infected 
 patient denies drug allergies; previous medical history non-contributory",inflammatory
PAT1573,"Referred by Dr. Sarah Smith; patient ID MRN1301885 	 new dark spot on forearm; |rregular bord3rs; no purulent drainage, not painful 	 pigmented skin spot; not healing, changing shape; denies rash, denies fever; suspicious of MalignantMelanoma 	 patient denies drug allergies; previous medical history non-contributory",malignant
PAT1278,"Patient: Aisha Lee, DOB: 1980-02-16, MRN: MRN3598865 
 common skin mole; no redness, no pus, not tender, no changes in appearance 
 patient noticed a skin spot on arm; no itching, no bleeding, no pain, not growing, denies fever 
 small flesh-colored skin spot; no itching, no bleeding, not painful, completely asymptomatic 👍 
 follow-up telemedicine consultation scheduled for next month http://telehealth.example.com",benign
PAT2749,"Name: Elena Khan | Email: zshxmj@hospital.org | Phone: +91-8300904980 	 painful infected skin spot; yellow pus drainage, temp 1O1F, started on Amoxici11in 500mg; no flaking 	 red skin spot with localized swelling and pus discharge; elevated temperature; no chronic rash 	 skin spot on leg with BacterialCellulitis; warm, swollen, purulent drainage; denies bleeding mole 	 patient advised on proper hydration and daily sunscreen application",infectious
PAT2607,"Patient: Ravi Lee, DOB: 1966-09-05, MRN: MRN0624534 
 patient noticed a painful red spot on skin; pus discharge noted <br/> temp 1O1F; denies itching 
 wound spot on skin with BacterialCellulitis and purulent exudate; fever noted; denies itching 
 infected skin spot with swelling and pus drainage; on Amoxici11in; denies eczema 
 blood pressure 120/80; heart rate regular; patient ambulatory",infectious
PAT1014,"Patient: Carlos Singh, DOB: 1957-12-10, MRN: MRN4161044

common skin mole; no redness, no pus, not tender, no changes in appearance

routine check of skin spot; uniform brown color, circular border; no itching, no discharge, no redness

stable skin mole present for years; no pain, no bleeding, not enlarged; denies fever, no pus

reviewed lab results; hemoglobin and renal function within normal limits",benign
PAT1375,"Referred by Dr. Amit Lee; patient ID MRN8700818 stable skin mole present for years; no pain, no bleeding, not enlarged; denies fever, no pus routine check of skin spot; uniform brown color, circular border; no itching, no discharge, no redness reviewed lab results; hemoglobin and renal function within normal limits",benign
PAT2944,"Referred by Dr. Priya Nguyen; patient ID MRN1858773

infected skin spot with swelling and pus drainage; on Amoxici11in; denies eczema

painful infected skin spot; yellow pus drainage, temp 1O1F, started on Amoxici11in 500mg; no flaking

red skin spot with localized swelling and pus discharge; elevated temperature; no chronic rash

vital signs stable at intake; alert and oriented x3",infectious
PAT1580,"Referred by Dr. Amit Khan; patient ID MRN7716273 dark skin mole on shoulder; BleedingLesion after shower; no itching, no discharge, not tender new dark spot on forearm; |rregular bord3rs; no purulent drainage, not painful skin spot on back; |rregular bord3rs and uneven dark color variegation; no fever, no pus follow-up telemedicine consultation scheduled for next month http://telehealth.example.com",malignant
PAT1134,"Referred by Dr. David Khan; patient ID MRN2715823 patient noticed a skin spot on arm; no itching, no bleeding, no pain, not growing, denies fever benign skin spot on trunk; no ulceration, no bleeding, no itching, no discharge stable skin mole present for years; no pain, no bleeding, not enlarged; denies fever, no pus reviewed lab results; hemoglobin and renal function within normal limits",benign
PAT2678,"Patient: Ravi Lee, DOB: 1951-09-05, MRN: MRN0522769 painful infected skin spot; yellow pus drainage, temp 1O1F, started on Amoxici11in 500mg; no flaking red skin spot with localized swelling and pus discharge; elevated temperature; no chronic rash skin spot on leg with BacterialCellulitis; warm, swollen, purulent drainage; denies bleeding mole blood pressure 120/80; heart rate regular; patient ambulatory",infectious
PAT2653,"Patient: Meera Sharma, DOB: 1998-09-06, MRN: MRN1857141 red skin spot with localized swelling and pus discharge; elevated temperature; no chronic rash wound spot on skin with BacterialCellulitis and purulent exudate; fever noted; denies itching patient noticed a painful red spot on skin; pus discharge noted <br/> temp 1O1F; denies itching vital signs stable at intake; alert and oriented x3",infectious
PAT2034,"Referred by Dr. Amit Chen; patient ID MRN1176139 
 patient noticed a red spot on skin; SevereItching with flaking scales; no infection, no fever 
 flaking red skin spot; SevereItching at night; no fever, denies wound breakdown 
 red itchy skin spot; intense burning sensation and SevereItching; no bleeding, not oozing 
 blood pressure 120/80; heart rate regular; patient ambulatory",inflammatory
PAT2783,Referred by Dr. Amit Miller; patient ID MRN5408324 	 infected skin spot with swelling and pus drainage; on Amoxici11in; denies eczema 	 patient noticed a painful red spot on skin; pus discharge noted <br/> temp 1O1F; denies itching 	 blood pressure 120/80; heart rate regular; patient ambulatory,infectious
PAT1577,"Name: Amit Sharma | Email: kexyxl@hospital.org | Phone: +91-2698679823

new dark spot on forearm; |rregular bord3rs; no purulent drainage, not painful

RapidlyEnlarging skin spot with notched borders; no infection, denies purulent drainage

skin spot on back; |rregular bord3rs and uneven dark color variegation; no fever, no pus

reviewed lab results; hemoglobin and renal function within normal limits",malignant
PAT1854,"Referred by Dr. Ravi Lee; patient ID MRN3139934 
 new dark spot on forearm; |rregular bord3rs; no purulent drainage, not painful 
 RapidlyEnlarging skin spot with notched borders; no infection, denies purulent drainage 
 patient noticed a dark spot on skin; BleedingLesion and rapid growth; not painful, denies itching 
 follow-up telemedicine consultation scheduled for next month http://telehealth.example.com",malignant
PAT2182,"Referred by Dr. Elena Patel; patient ID MRN1207203

patient noticed a red spot on skin; SevereItching with flaking scales; no infection, no fever

red itchy skin spot; intense burning sensation and SevereItching; no bleeding, not oozing

blood pressure 120/80; heart rate regular; patient ambulatory",inflammatory
PAT1709,"Patient: John Sharma, DOB: 1990-06-23, MRN: MRN7136187 
 new dark spot on forearm; |rregular bord3rs; no purulent drainage, not painful 
 skin spot on back; |rregular bord3rs and uneven dark color variegation; no fever, no pus 
 patient advised on proper hydration and daily sunscreen application",malignant
PAT1560,"Patient: Ravi Sharma, DOB: 1992-10-12, MRN: MRN0124467 
 patient noticed a dark spot on skin; BleedingLesion and rapid growth; not painful, denies itching 
 skin spot on back; |rregular bord3rs and uneven dark color variegation; no fever, no pus 
 new dark spot on forearm; |rregular bord3rs; no purulent drainage, not painful 
 patient advised on proper hydration and daily sunscreen application",malignant
PAT1693,"Name: Meera Smith | Email: efimtw@hospital.org | Phone: +91-6375193702

pigmented skin spot; not healing, changing shape; denies rash, denies fever; suspicious of MalignantMelanoma

dark skin mole on shoulder; BleedingLesion after shower; no itching, no discharge, not tender

blood pressure 120/80; heart rate regular; patient ambulatory",malignant
PAT2967,"Patient: Sarah Lee, DOB: 1985-03-22, MRN: MRN9852740 	 skin spot on leg with BacterialCellulitis; warm, swollen, purulent drainage; denies bleeding mole 	 infected skin spot with swelling and pus drainage; on Amoxici11in; denies eczema 	 painful infected skin spot; yellow pus drainage, temp 1O1F, started on Amoxici11in 500mg; no flaking 	 patient denies drug allergies; previous medical history non-contributory",infectious
PAT2688,"Referred by Dr. Priya Patel; patient ID MRN8167501 	 painful infected skin spot; yellow pus drainage, temp 1O1F, started on Amoxici11in 500mg; no flaking 	 wound spot on skin with BacterialCellulitis and purulent exudate; fever noted; denies itching 	 blood pressure 120/80; heart rate regular; patient ambulatory",infectious
PAT2719,"Patient: Aisha Garcia, DOB: 2002-10-25, MRN: MRN0601962 patient noticed a painful red spot on skin; pus discharge noted <br/> temp 1O1F; denies itching infected skin spot with swelling and pus drainage; on Amoxici11in; denies eczema painful infected skin spot; yellow pus drainage, temp 1O1F, started on Amoxici11in 500mg; no flaking vital signs stable at intake; alert and oriented x3",infectious
PAT2818,"Referred by Dr. Meera Sharma; patient ID MRN4798958 
 red skin spot with localized swelling and pus discharge; elevated temperature; no chronic rash 
 infected skin spot with swelling and pus drainage; on Amoxici11in; denies eczema 
 wound spot on skin with BacterialCellulitis and purulent exudate; fever noted; denies itching 
 patient advised on proper hydration and daily sunscreen application",infectious
PAT2055,"Patient: Carlos Sharma, DOB: 1962-02-25, MRN: MRN3372625 red itchy skin spot; intense burning sensation and SevereItching; no bleeding, not oozing red skin rash with SevereItching; denies bleeding, no purulent drainage, not infected patient advised on proper hydration and daily sunscreen application",inflammatory
PAT1082,"Name: Aisha Miller | Email: jjzucw@hospital.org | Phone: +91-6087381658

benign skin spot on trunk; no ulceration, no bleeding, no itching, no discharge

common skin mole; no redness, no pus, not tender, no changes in appearance

stable skin mole present for years; no pain, no bleeding, not enlarged; denies fever, no pus

follow-up telemedicine consultation scheduled for next month http://telehealth.example.com",benign
PAT1894,"Referred by Dr. Aisha Lee; patient ID MRN3075723 new dark spot on forearm; |rregular bord3rs; no purulent drainage, not painful pigmented skin spot; not healing, changing shape; denies rash, denies fever; suspicious of MalignantMelanoma blood pressure 120/80; heart rate regular; patient ambulatory",malignant
PAT1476,"Referred by Dr. Sarah Sharma; patient ID MRN3528944 small flesh-colored skin spot; no itching, no bleeding, not painful, completely asymptomatic 👍 common skin mole; no redness, no pus, not tender, no changes in appearance blood pressure 120/80; heart rate regular; patient ambulatory",benign
PAT1312,"Patient: Ravi Miller, DOB: 1985-12-13, MRN: MRN8287996 	 patient noticed a skin spot on arm; no itching, no bleeding, no pain, not growing, denies fever 	 routine check of skin spot; uniform brown color, circular border; no itching, no discharge, no redness 	 vital signs stable at intake; alert and oriented x3",benign
PAT1562,"Referred by Dr. Amit Patel; patient ID MRN5942781 	 skin spot on back; |rregular bord3rs and uneven dark color variegation; no fever, no pus 	 RapidlyEnlarging skin spot with notched borders; no infection, denies purulent drainage 	 vital signs stable at intake; alert and oriented x3",malignant
PAT2133,"Patient: Elena Lee, DOB: 1965-02-06, MRN: MRN4030055 
 red itchy skin spot; intense burning sensation and SevereItching; no bleeding, not oozing 
 flaking red skin spot; SevereItching at night; no fever, denies wound breakdown 
 red skin rash with SevereItching; denies bleeding, no purulent drainage, not infected 
 reviewed lab results; hemoglobin and renal function within normal limits",inflammatory
PAT1124,"Patient: Sarah Garcia, DOB: 1982-02-07, MRN: MRN0861163 	 small flesh-colored skin spot; no itching, no bleeding, not painful, completely asymptomatic 👍 	 routine check of skin spot; uniform brown color, circular border; no itching, no discharge, no redness 	 benign skin spot on trunk; no ulceration, no bleeding, no itching, no discharge 	 patient denies drug allergies; previous medical history non-contributory",benign
PAT2204,"Name: Ravi Miller | Email: rqgwue@hospital.org | Phone: +91-6911818074 patient noticed a red spot on skin; SevereItching with flaking scales; no infection, no fever pruritic red skin rash; SevereItching not responding to lotion; denies pus discharge skin rash on elbows and forearm; SevereItching and scaling redness; no pus, no fever blood pressure 120/80; heart rate regular; patient ambulatory",inflammatory
PAT2500,"Name: Meera Chen | Email: qolxgh@hospital.org | Phone: +91-9717452986 flaking red skin spot; SevereItching at night; no fever, denies wound breakdown pruritic red skin rash; SevereItching not responding to lotion; denies pus discharge vital signs stable at intake; alert and oriented x3",inflammatory
PAT1240,"Name: Priya Khan | Email: lslbiu@hospital.org | Phone: +91-3987130322 	 common skin mole; no redness, no pus, not tender, no changes in appearance 	 small flesh-colored skin spot; no itching, no bleeding, not painful, completely asymptomatic 👍 	 patient advised on proper hydration and daily sunscreen application",benign
PAT2372,"Patient: Carlos Sharma, DOB: 1972-02-26, MRN: MRN6230972 patient noticed a red spot on skin; SevereItching with flaking scales; no infection, no fever red itchy skin spot; intense burning sensation and SevereItching; no bleeding, not oozing flaking red skin spot; SevereItching at night; no fever, denies wound breakdown reviewed lab results; hemoglobin and renal function within normal limits",inflammatory
PAT2158,"Patient: Sarah Lee, DOB: 1991-05-13, MRN: MRN3317961 	 patient noticed a red spot on skin; SevereItching with flaking scales; no infection, no fever 	 red skin rash with SevereItching; denies bleeding, no purulent drainage, not infected 	 red itchy skin spot; intense burning sensation and SevereItching; no bleeding, not oozing 	 patient advised on proper hydration and daily sunscreen application",inflammatory
PAT1190,"Name: Carlos Miller | Email: hnbhjm@hospital.org | Phone: +91-5395905532

patient noticed a skin spot on arm; no itching, no bleeding, no pain, not growing, denies fever

stable skin mole present for years; no pain, no bleeding, not enlarged; denies fever, no pus

follow-up telemedicine consultation scheduled for next month http://telehealth.example.com",benign
PAT2637,"Referred by Dr. Priya Sharma; patient ID MRN4489552 	 infected skin spot with swelling and pus drainage; on Amoxici11in; denies eczema 	 skin spot on leg with BacterialCellulitis; warm, swollen, purulent drainage; denies bleeding mole 	 follow-up telemedicine consultation scheduled for next month http://telehealth.example.com",infectious
PAT2544,"Referred by Dr. Priya Smith; patient ID MRN6029251 skin spot on leg with BacterialCellulitis; warm, swollen, purulent drainage; denies bleeding mole painful infected skin spot; yellow pus drainage, temp 1O1F, started on Amoxici11in 500mg; no flaking patient noticed a painful red spot on skin; pus discharge noted <br/> temp 1O1F; denies itching vital signs stable at intake; alert and oriented x3",infectious
PAT1814,"Name: John Smith | Email: lqibqb@hospital.org | Phone: +91-3111128149

RapidlyEnlarging skin spot with notched borders; no infection, denies purulent drainage

new dark spot on forearm; |rregular bord3rs; no purulent drainage, not painful

follow-up telemedicine consultation scheduled for next month http://telehealth.example.com",malignant
PAT2664,"Referred by Dr. David Nguyen; patient ID MRN6769689 patient noticed a painful red spot on skin; pus discharge noted <br/> temp 1O1F; denies itching infected skin spot with swelling and pus drainage; on Amoxici11in; denies eczema painful infected skin spot; yellow pus drainage, temp 1O1F, started on Amoxici11in 500mg; no flaking vital signs stable at intake; alert and oriented x3",infectious
PAT2239,"Name: Elena Sharma | Email: yytftv@hospital.org | Phone: +91-7017436670 	 red itchy skin spot; intense burning sensation and SevereItching; no bleeding, not oozing 	 flaking red skin spot; SevereItching at night; no fever, denies wound breakdown 	 pruritic red skin rash; SevereItching not responding to lotion; denies pus discharge 	 patient denies drug allergies; previous medical history non-contributory",inflammatory
PAT1498,"Patient: Amit Patel, DOB: 1974-01-14, MRN: MRN4609652

common skin mole; no redness, no pus, not tender, no changes in appearance

benign skin spot on trunk; no ulceration, no bleeding, no itching, no discharge

follow-up telemedicine consultation scheduled for next month http://telehealth.example.com",benign
PAT1255,"Patient: Meera Sharma, DOB: 2004-06-11, MRN: MRN7057687 
 patient noticed a skin spot on arm; no itching, no bleeding, no pain, not growing, denies fever 
 benign skin spot on trunk; no ulceration, no bleeding, no itching, no discharge 
 follow-up telemedicine consultation scheduled for next month http://telehealth.example.com",benign
PAT2636,"Referred by Dr. Ravi Chen; patient ID MRN6821147

painful infected skin spot; yellow pus drainage, temp 1O1F, started on Amoxici11in 500mg; no flaking

wound spot on skin with BacterialCellulitis and purulent exudate; fever noted; denies itching

patient denies drug allergies; previous medical history non-contributory",infectious
PAT2253,"Patient: David Singh, DOB: 1951-10-01, MRN: MRN6569957

patient noticed a red spot on skin; SevereItching with flaking scales; no infection, no fever

flaking red skin spot; SevereItching at night; no fever, denies wound breakdown

red itchy skin spot; intense burning sensation and SevereItching; no bleeding, not oozing

reviewed lab results; hemoglobin and renal function within normal limits",inflammatory
PAT2986,Name: Ravi Lee | Email: ystslo@hospital.org | Phone: +91-3590418346 	 infected skin spot with swelling and pus drainage; on Amoxici11in; denies eczema 	 wound spot on skin with BacterialCellulitis and purulent exudate; fever noted; denies itching 	 vital signs stable at intake; alert and oriented x3,infectious
PAT2635,"Referred by Dr. Sarah Garcia; patient ID MRN2594197 
 skin spot on leg with BacterialCellulitis; warm, swollen, purulent drainage; denies bleeding mole 
 patient noticed a painful red spot on skin; pus discharge noted <br/> temp 1O1F; denies itching 
 reviewed lab results; hemoglobin and renal function within normal limits",infectious
PAT1839,"Referred by Dr. Ravi Sharma; patient ID MRN8353506 new dark spot on forearm; |rregular bord3rs; no purulent drainage, not painful pigmented skin spot; not healing, changing shape; denies rash, denies fever; suspicious of MalignantMelanoma patient noticed a dark spot on skin; BleedingLesion and rapid growth; not painful, denies itching blood pressure 120/80; heart rate regular; patient ambulatory",malignant
PAT1949,"Referred by Dr. Ravi Chen; patient ID MRN8095768 patient noticed a dark spot on skin; BleedingLesion and rapid growth; not painful, denies itching skin spot on back; |rregular bord3rs and uneven dark color variegation; no fever, no pus RapidlyEnlarging skin spot with notched borders; no infection, denies purulent drainage follow-up telemedicine consultation scheduled for next month http://telehealth.example.com",malignant
PAT1351,"Patient: Carlos Singh, DOB: 1988-01-15, MRN: MRN1537569 
 small flesh-colored skin spot; no itching, no bleeding, not painful, completely asymptomatic 👍 
 patient noticed a skin spot on arm; no itching, no bleeding, no pain, not growing, denies fever 
 patient advised on proper hydration and daily sunscreen application",benign
PAT1531,"Referred by Dr. David Garcia; patient ID MRN3936316 
 patient noticed a dark spot on skin; BleedingLesion and rapid growth; not painful, denies itching 
 RapidlyEnlarging skin spot with notched borders; no infection, denies purulent drainage 
 reviewed lab results; hemoglobin and renal function within normal limits",malignant
PAT1671,"Name: Aisha Miller | Email: tywzge@hospital.org | Phone: +91-8579508031 	 pigmented skin spot; not healing, changing shape; denies rash, denies fever; suspicious of MalignantMelanoma 	 skin spot on back; |rregular bord3rs and uneven dark color variegation; no fever, no pus 	 patient noticed a dark spot on skin; BleedingLesion and rapid growth; not painful, denies itching 	 follow-up telemedicine consultation scheduled for next month http://telehealth.example.com",malignant
PAT2371,"Patient: Sarah Sharma, DOB: 1993-07-15, MRN: MRN1859010 	 skin rash on elbows and forearm; SevereItching and scaling redness; no pus, no fever 	 patient noticed a red spot on skin; SevereItching with flaking scales; no infection, no fever 	 follow-up telemedicine consultation scheduled for next month http://telehealth.example.com",inflammatory
PAT2000,"Name: David Nguyen | Email: iupkol@hospital.org | Phone: +91-9706471437 patient noticed a dark spot on skin; BleedingLesion and rapid growth; not painful, denies itching RapidlyEnlarging skin spot with notched borders; no infection, denies purulent drainage patient advised on proper hydration and daily sunscreen application",malignant
PAT2892,"Referred by Dr. Meera Patel; patient ID MRN4986846 
 red skin spot with localized swelling and pus discharge; elevated temperature; no chronic rash 
 infected skin spot with swelling and pus drainage; on Amoxici11in; denies eczema 
 patient noticed a painful red spot on skin; pus discharge noted <br/> temp 1O1F; denies itching 
 patient advised on proper hydration and daily sunscreen application",infectious
PAT1641,"Name: Sarah Sharma | Email: zmulem@hospital.org | Phone: +91-0334966164 RapidlyEnlarging skin spot with notched borders; no infection, denies purulent drainage dark skin mole on shoulder; BleedingLesion after shower; no itching, no discharge, not tender vital signs stable at intake; alert and oriented x3",malignant
PAT2035,"Name: Elena Chen | Email: gxocxm@hospital.org | Phone: +91-8058904575

flaking red skin spot; SevereItching at night; no fever, denies wound breakdown

patient noticed a red spot on skin; SevereItching with flaking scales; no infection, no fever

red itchy skin spot; intense burning sensation and SevereItching; no bleeding, not oozing

blood pressure 120/80; heart rate regular; patient ambulatory",inflammatory
PAT1805,"Name: Elena Smith | Email: kfbtog@hospital.org | Phone: +91-2342300989

skin spot on back; |rregular bord3rs and uneven dark color variegation; no fever, no pus

RapidlyEnlarging skin spot with notched borders; no infection, denies purulent drainage

reviewed lab results; hemoglobin and renal function within normal limits",malignant
PAT1132,"Patient: Priya Smith, DOB: 1978-10-16, MRN: MRN7212626 common skin mole; no redness, no pus, not tender, no changes in appearance benign skin spot on trunk; no ulceration, no bleeding, no itching, no discharge patient denies drug allergies; previous medical history non-contributory",benign
PAT2211,"Name: Carlos Nguyen | Email: fnltrp@hospital.org | Phone: +91-7244519419 
 patient noticed a red spot on skin; SevereItching with flaking scales; no infection, no fever 
 red itchy skin spot; intense burning sensation and SevereItching; no bleeding, not oozing 
 flaking red skin spot; SevereItching at night; no fever, denies wound breakdown 
 reviewed lab results; hemoglobin and renal function within normal limits",inflammatory
PAT1155,"Name: John Sharma | Email: sfphmh@hospital.org | Phone: +91-2754393044 	 routine check of skin spot; uniform brown color, circular border; no itching, no discharge, no redness 	 common skin mole; no redness, no pus, not tender, no changes in appearance 	 patient noticed a skin spot on arm; no itching, no bleeding, no pain, not growing, denies fever 	 blood pressure 120/80; heart rate regular; patient ambulatory",benign
PAT1170,"Name: David Singh | Email: mcskld@hospital.org | Phone: +91-9941600493

small flesh-colored skin spot; no itching, no bleeding, not painful, completely asymptomatic 👍

stable skin mole present for years; no pain, no bleeding, not enlarged; denies fever, no pus

common skin mole; no redness, no pus, not tender, no changes in appearance

patient denies drug allergies; previous medical history non-contributory",benign
PAT1072,"Name: Priya Garcia | Email: kgxnas@hospital.org | Phone: +91-3078670389

patient noticed a skin spot on arm; no itching, no bleeding, no pain, not growing, denies fever

routine check of skin spot; uniform brown color, circular border; no itching, no discharge, no redness

stable skin mole present for years; no pain, no bleeding, not enlarged; denies fever, no pus

blood pressure 120/80; heart rate regular; patient ambulatory",benign
PAT1433,"Name: Meera Miller | Email: vrakib@hospital.org | Phone: +91-9133359615 
 small flesh-colored skin spot; no itching, no bleeding, not painful, completely asymptomatic 👍 
 patient noticed a skin spot on arm; no itching, no bleeding, no pain, not growing, denies fever 
 benign skin spot on trunk; no ulceration, no bleeding, no itching, no discharge 
 reviewed lab results; hemoglobin and renal function within normal limits",benign
PAT1063,"Name: John Chen | Email: xcnhcw@hospital.org | Phone: +91-1364060116 
 stable skin mole present for years; no pain, no bleeding, not enlarged; denies fever, no pus 
 small flesh-colored skin spot; no itching, no bleeding, not painful, completely asymptomatic 👍 
 follow-up telemedicine consultation scheduled for next month http://telehealth.example.com",benign
PAT1824,"Patient: Aisha Chen, DOB: 1982-12-22, MRN: MRN3043659 	 dark skin mole on shoulder; BleedingLesion after shower; no itching, no discharge, not tender 	 patient noticed a dark spot on skin; BleedingLesion and rapid growth; not painful, denies itching 	 vital signs stable at intake; alert and oriented x3",malignant
PAT2995,"Name: Aisha Nguyen | Email: gbkmaz@hospital.org | Phone: +91-6780449391 	 infected skin spot with swelling and pus drainage; on Amoxici11in; denies eczema 	 skin spot on leg with BacterialCellulitis; warm, swollen, purulent drainage; denies bleeding mole 	 red skin spot with localized swelling and pus discharge; elevated temperature; no chronic rash 	 blood pressure 120/80; heart rate regular; patient ambulatory",infectious
PAT1720,"Name: Ravi Lee | Email: aemiiu@hospital.org | Phone: +91-8312107081 pigmented skin spot; not healing, changing shape; denies rash, denies fever; suspicious of MalignantMelanoma dark skin mole on shoulder; BleedingLesion after shower; no itching, no discharge, not tender RapidlyEnlarging skin spot with notched borders; no infection, denies purulent drainage blood pressure 120/80; heart rate regular; patient ambulatory",malignant
PAT1753,"Name: John Khan | Email: iixphk@hospital.org | Phone: +91-0532016184 
 patient noticed a dark spot on skin; BleedingLesion and rapid growth; not painful, denies itching 
 pigmented skin spot; not healing, changing shape; denies rash, denies fever; suspicious of MalignantMelanoma 
 follow-up telemedicine consultation scheduled for next month http://telehealth.example.com",malignant
PAT1217,"Patient: John Smith, DOB: 1972-11-17, MRN: MRN0426820 	 common skin mole; no redness, no pus, not tender, no changes in appearance 	 benign skin spot on trunk; no ulceration, no bleeding, no itching, no discharge 	 patient noticed a skin spot on arm; no itching, no bleeding, no pain, not growing, denies fever 	 patient denies drug allergies; previous medical history non-contributory",benign
PAT1607,"Patient: Elena Garcia, DOB: 1973-02-11, MRN: MRN1485584

pigmented skin spot; not healing, changing shape; denies rash, denies fever; suspicious of MalignantMelanoma

patient noticed a dark spot on skin; BleedingLesion and rapid growth; not painful, denies itching

RapidlyEnlarging skin spot with notched borders; no infection, denies purulent drainage

vital signs stable at intake; alert and oriented x3",malignant
PAT2132,"Name: Sarah Smith | Email: fgzepl@hospital.org | Phone: +91-0183161358 
 pruritic red skin rash; SevereItching not responding to lotion; denies pus discharge 
 patient noticed a red spot on skin; SevereItching with flaking scales; no infection, no fever 
 red skin rash with SevereItching; denies bleeding, no purulent drainage, not infected 
 vital signs stable at intake; alert and oriented x3",inflammatory
PAT2837,"Referred by Dr. Amit Miller; patient ID MRN8975595 
 infected skin spot with swelling and pus drainage; on Amoxici11in; denies eczema 
 skin spot on leg with BacterialCellulitis; warm, swollen, purulent drainage; denies bleeding mole 
 blood pressure 120/80; heart rate regular; patient ambulatory",infectious
PAT1362,"Name: Meera Sharma | Email: vcugnk@hospital.org | Phone: +91-7985221431 	 benign skin spot on trunk; no ulceration, no bleeding, no itching, no discharge 	 patient noticed a skin spot on arm; no itching, no bleeding, no pain, not growing, denies fever 	 reviewed lab results; hemoglobin and renal function within normal limits",benign
PAT1271,"Referred by Dr. David Singh; patient ID MRN2330544 	 benign skin spot on trunk; no ulceration, no bleeding, no itching, no discharge 	 routine check of skin spot; uniform brown color, circular border; no itching, no discharge, no redness 	 patient noticed a skin spot on arm; no itching, no bleeding, no pain, not growing, denies fever 	 patient advised on proper hydration and daily sunscreen application",benign
PAT1701,"Referred by Dr. Priya Smith; patient ID MRN7051733 
 patient noticed a dark spot on skin; BleedingLesion and rapid growth; not painful, denies itching 
 RapidlyEnlarging skin spot with notched borders; no infection, denies purulent drainage 
 vital signs stable at intake; alert and oriented x3",malignant
PAT2815,"Referred by Dr. Carlos Singh; patient ID MRN0047536 
 infected skin spot with swelling and pus drainage; on Amoxici11in; denies eczema 
 red skin spot with localized swelling and pus discharge; elevated temperature; no chronic rash 
 skin spot on leg with BacterialCellulitis; warm, swollen, purulent drainage; denies bleeding mole 
 patient advised on proper hydration and daily sunscreen application",infectious
PAT1359,"Patient: Aisha Khan, DOB: 1957-03-25, MRN: MRN6564174 	 benign skin spot on trunk; no ulceration, no bleeding, no itching, no discharge 	 common skin mole; no redness, no pus, not tender, no changes in appearance 	 routine check of skin spot; uniform brown color, circular border; no itching, no discharge, no redness 	 follow-up telemedicine consultation scheduled for next month http://telehealth.example.com",benign
PAT1484,"Referred by Dr. Sarah Garcia; patient ID MRN0233629 
 benign skin spot on trunk; no ulceration, no bleeding, no itching, no discharge 
 stable skin mole present for years; no pain, no bleeding, not enlarged; denies fever, no pus 
 common skin mole; no redness, no pus, not tender, no changes in appearance 
 patient denies drug allergies; previous medical history non-contributory",benign
PAT2680,"Patient: Aisha Nguyen, DOB: 1991-07-13, MRN: MRN7792535 patient noticed a painful red spot on skin; pus discharge noted <br/> temp 1O1F; denies itching red skin spot with localized swelling and pus discharge; elevated temperature; no chronic rash painful infected skin spot; yellow pus drainage, temp 1O1F, started on Amoxici11in 500mg; no flaking patient denies drug allergies; previous medical history non-contributory",infectious
PAT1670,"Referred by Dr. John Miller; patient ID MRN9595124 skin spot on back; |rregular bord3rs and uneven dark color variegation; no fever, no pus RapidlyEnlarging skin spot with notched borders; no infection, denies purulent drainage blood pressure 120/80; heart rate regular; patient ambulatory",malignant
PAT2087,"Referred by Dr. Meera Chen; patient ID MRN3191353 flaking red skin spot; SevereItching at night; no fever, denies wound breakdown skin rash on elbows and forearm; SevereItching and scaling redness; no pus, no fever red itchy skin spot; intense burning sensation and SevereItching; no bleeding, not oozing vital signs stable at intake; alert and oriented x3",inflammatory
PAT1555,"Name: Aisha Singh | Email: bmtsvr@hospital.org | Phone: +91-9557004770 	 RapidlyEnlarging skin spot with notched borders; no infection, denies purulent drainage 	 new dark spot on forearm; |rregular bord3rs; no purulent drainage, not painful 	 pigmented skin spot; not healing, changing shape; denies rash, denies fever; suspicious of MalignantMelanoma 	 vital signs stable at intake; alert and oriented x3",malignant
PAT1044,"Name: Priya Lee | Email: jmgokv@hospital.org | Phone: +91-6262326844

common skin mole; no redness, no pus, not tender, no changes in appearance

benign skin spot on trunk; no ulceration, no bleeding, no itching, no discharge

blood pressure 120/80; heart rate regular; patient ambulatory",benign
PAT1821,"Patient: David Patel, DOB: 1996-08-16, MRN: MRN3496081 
 dark skin mole on shoulder; BleedingLesion after shower; no itching, no discharge, not tender 
 RapidlyEnlarging skin spot with notched borders; no infection, denies purulent drainage 
 patient noticed a dark spot on skin; BleedingLesion and rapid growth; not painful, denies itching 
 follow-up telemedicine consultation scheduled for next month http://telehealth.example.com",malignant
PAT1806,"Referred by Dr. Meera Singh; patient ID MRN1878779 
 skin spot on back; |rregular bord3rs and uneven dark color variegation; no fever, no pus 
 RapidlyEnlarging skin spot with notched borders; no infection, denies purulent drainage 
 patient denies drug allergies; previous medical history non-contributory",malignant
PAT1104,"Referred by Dr. Amit Nguyen; patient ID MRN7145938 stable skin mole present for years; no pain, no bleeding, not enlarged; denies fever, no pus routine check of skin spot; uniform brown color, circular border; no itching, no discharge, no redness vital signs stable at intake; alert and oriented x3",benign
PAT1046,"Patient: Sarah Patel, DOB: 1967-02-13, MRN: MRN1836049

routine check of skin spot; uniform brown color, circular border; no itching, no discharge, no redness

stable skin mole present for years; no pain, no bleeding, not enlarged; denies fever, no pus

follow-up telemedicine consultation scheduled for next month http://telehealth.example.com",benign
PAT1635,"Name: Elena Smith | Email: cgrvzz@hospital.org | Phone: +91-4549898005

new dark spot on forearm; |rregular bord3rs; no purulent drainage, not painful

patient noticed a dark spot on skin; BleedingLesion and rapid growth; not painful, denies itching

reviewed lab results; hemoglobin and renal function within normal limits",malignant
PAT2915,"Name: Amit Garcia | Email: pgwuqo@hospital.org | Phone: +91-7636355453

patient noticed a painful red spot on skin; pus discharge noted <br/> temp 1O1F; denies itching

skin spot on leg with BacterialCellulitis; warm, swollen, purulent drainage; denies bleeding mole

wound spot on skin with BacterialCellulitis and purulent exudate; fever noted; denies itching

reviewed lab results; hemoglobin and renal function within normal limits",infectious
PAT1724,"Name: Carlos Sharma | Email: ozkxpv@hospital.org | Phone: +91-4163291675

new dark spot on forearm; |rregular bord3rs; no purulent drainage, not painful

skin spot on back; |rregular bord3rs and uneven dark color variegation; no fever, no pus

patient noticed a dark spot on skin; BleedingLesion and rapid growth; not painful, denies itching

follow-up telemedicine consultation scheduled for next month http://telehealth.example.com",malignant
PAT1191,"Patient: Aisha Smith, DOB: 1962-09-19, MRN: MRN2820765 	 small flesh-colored skin spot; no itching, no bleeding, not painful, completely asymptomatic 👍 	 stable skin mole present for years; no pain, no bleeding, not enlarged; denies fever, no pus 	 follow-up telemedicine consultation scheduled for next month http://telehealth.example.com",benign
PAT1159,"Name: Meera Lee | Email: sxbrlt@hospital.org | Phone: +91-7906889483 	 common skin mole; no redness, no pus, not tender, no changes in appearance 	 benign skin spot on trunk; no ulceration, no bleeding, no itching, no discharge 	 stable skin mole present for years; no pain, no bleeding, not enlarged; denies fever, no pus 	 reviewed lab results; hemoglobin and renal function within normal limits",benign
PAT1978,"Patient: David Garcia, DOB: 1976-05-04, MRN: MRN1548962 
 RapidlyEnlarging skin spot with notched borders; no infection, denies purulent drainage 
 pigmented skin spot; not healing, changing shape; denies rash, denies fever; suspicious of MalignantMelanoma 
 patient noticed a dark spot on skin; BleedingLesion and rapid growth; not painful, denies itching 
 patient advised on proper hydration and daily sunscreen application",malignant
PAT2111,"Name: John Khan | Email: dkjzmk@hospital.org | Phone: +91-3886662818 
 red skin rash with SevereItching; denies bleeding, no purulent drainage, not infected 
 pruritic red skin rash; SevereItching not responding to lotion; denies pus discharge 
 patient advised on proper hydration and daily sunscreen application",inflammatory
PAT1598,"Name: David Chen | Email: mlmday@hospital.org | Phone: +91-0438331711

skin spot on back; |rregular bord3rs and uneven dark color variegation; no fever, no pus

pigmented skin spot; not healing, changing shape; denies rash, denies fever; suspicious of MalignantMelanoma

dark skin mole on shoulder; BleedingLesion after shower; no itching, no discharge, not tender

reviewed lab results; hemoglobin and renal function within normal limits",malignant
PAT1337,"Patient: David Khan, DOB: 1996-05-16, MRN: MRN4726229

benign skin spot on trunk; no ulceration, no bleeding, no itching, no discharge

small flesh-colored skin spot; no itching, no bleeding, not painful, completely asymptomatic 👍

vital signs stable at intake; alert and oriented x3",benign
PAT1900,"Patient: Priya Smith, DOB: 1962-06-11, MRN: MRN9815368

RapidlyEnlarging skin spot with notched borders; no infection, denies purulent drainage

patient noticed a dark spot on skin; BleedingLesion and rapid growth; not painful, denies itching

pigmented skin spot; not healing, changing shape; denies rash, denies fever; suspicious of MalignantMelanoma

blood pressure 120/80; heart rate regular; patient ambulatory",malignant
PAT2553,"Name: Meera Nguyen | Email: ozbetq@hospital.org | Phone: +91-4522116884 
 wound spot on skin with BacterialCellulitis and purulent exudate; fever noted; denies itching 
 skin spot on leg with BacterialCellulitis; warm, swollen, purulent drainage; denies bleeding mole 
 painful infected skin spot; yellow pus drainage, temp 1O1F, started on Amoxici11in 500mg; no flaking 
 vital signs stable at intake; alert and oriented x3",infectious
PAT1506,"Patient: Sarah Khan, DOB: 1961-09-18, MRN: MRN1408086 	 skin spot on back; |rregular bord3rs and uneven dark color variegation; no fever, no pus 	 new dark spot on forearm; |rregular bord3rs; no purulent drainage, not painful 	 dark skin mole on shoulder; BleedingLesion after shower; no itching, no discharge, not tender 	 vital signs stable at intake; alert and oriented x3",malignant
PAT1566,"Patient: Sarah Nguyen, DOB: 1996-02-25, MRN: MRN0291539 patient noticed a dark spot on skin; BleedingLesion and rapid growth; not painful, denies itching pigmented skin spot; not healing, changing shape; denies rash, denies fever; suspicious of MalignantMelanoma RapidlyEnlarging skin spot with notched borders; no infection, denies purulent drainage reviewed lab results; hemoglobin and renal function within normal limits",malignant
PAT1719,"Name: Sarah Khan | Email: xhfxdx@hospital.org | Phone: +91-9961895440

patient noticed a dark spot on skin; BleedingLesion and rapid growth; not painful, denies itching

dark skin mole on shoulder; BleedingLesion after shower; no itching, no discharge, not tender

vital signs stable at intake; alert and oriented x3",malignant
PAT2774,"Patient: Amit Sharma, DOB: 1964-03-07, MRN: MRN4960146

skin spot on leg with BacterialCellulitis; warm, swollen, purulent drainage; denies bleeding mole

infected skin spot with swelling and pus drainage; on Amoxici11in; denies eczema

follow-up telemedicine consultation scheduled for next month http://telehealth.example.com",infectious
PAT2593,"Name: Priya Patel | Email: jwynzz@hospital.org | Phone: +91-7794027302 
 infected skin spot with swelling and pus drainage; on Amoxici11in; denies eczema 
 skin spot on leg with BacterialCellulitis; warm, swollen, purulent drainage; denies bleeding mole 
 red skin spot with localized swelling and pus discharge; elevated temperature; no chronic rash 
 patient denies drug allergies; previous medical history non-contributory",infectious
PAT2440,"Patient: Meera Singh, DOB: 1969-03-07, MRN: MRN2021593 
 flaking red skin spot; SevereItching at night; no fever, denies wound breakdown 
 red itchy skin spot; intense burning sensation and SevereItching; no bleeding, not oozing 
 reviewed lab results; hemoglobin and renal function within normal limits",inflammatory
PAT2520,"Patient: Carlos Miller, DOB: 1978-06-19, MRN: MRN0857317 	 patient noticed a painful red spot on skin; pus discharge noted <br/> temp 1O1F; denies itching 	 skin spot on leg with BacterialCellulitis; warm, swollen, purulent drainage; denies bleeding mole 	 red skin spot with localized swelling and pus discharge; elevated temperature; no chronic rash 	 patient advised on proper hydration and daily sunscreen application",infectious
PAT1841,"Patient: Amit Lee, DOB: 1999-04-27, MRN: MRN7546184 	 skin spot on back; |rregular bord3rs and uneven dark color variegation; no fever, no pus 	 patient noticed a dark spot on skin; BleedingLesion and rapid growth; not painful, denies itching 	 blood pressure 120/80; heart rate regular; patient ambulatory",malignant
PAT1207,"Referred by Dr. David Singh; patient ID MRN1774931 	 common skin mole; no redness, no pus, not tender, no changes in appearance 	 stable skin mole present for years; no pain, no bleeding, not enlarged; denies fever, no pus 	 patient denies drug allergies; previous medical history non-contributory",benign
PAT2784,"Patient: Elena Khan, DOB: 1978-08-12, MRN: MRN5076847

red skin spot with localized swelling and pus discharge; elevated temperature; no chronic rash

infected skin spot with swelling and pus drainage; on Amoxici11in; denies eczema

wound spot on skin with BacterialCellulitis and purulent exudate; fever noted; denies itching

vital signs stable at intake; alert and oriented x3",infectious
PAT2776,"Referred by Dr. Ravi Chen; patient ID MRN2358141 
 painful infected skin spot; yellow pus drainage, temp 1O1F, started on Amoxici11in 500mg; no flaking 
 wound spot on skin with BacterialCellulitis and purulent exudate; fever noted; denies itching 
 patient denies drug allergies; previous medical history non-contributory",infectious
PAT1687,"Referred by Dr. Aisha Miller; patient ID MRN3898882 
 dark skin mole on shoulder; BleedingLesion after shower; no itching, no discharge, not tender 
 new dark spot on forearm; |rregular bord3rs; no purulent drainage, not painful 
 patient denies drug allergies; previous medical history non-contributory",malignant
PAT2041,"Referred by Dr. Meera Sharma; patient ID MRN3815222 	 flaking red skin spot; SevereItching at night; no fever, denies wound breakdown 	 skin rash on elbows and forearm; SevereItching and scaling redness; no pus, no fever 	 pruritic red skin rash; SevereItching not responding to lotion; denies pus discharge 	 reviewed lab results; hemoglobin and renal function within normal limits",inflammatory
PAT1633,"Patient: Ravi Sharma, DOB: 1966-03-22, MRN: MRN5882713 	 new dark spot on forearm; |rregular bord3rs; no purulent drainage, not painful 	 skin spot on back; |rregular bord3rs and uneven dark color variegation; no fever, no pus 	 pigmented skin spot; not healing, changing shape; denies rash, denies fever; suspicious of MalignantMelanoma 	 patient advised on proper hydration and daily sunscreen application",malignant
PAT1323,"Name: David Khan | Email: egulwo@hospital.org | Phone: +91-5124804487

patient noticed a skin spot on arm; no itching, no bleeding, no pain, not growing, denies fever

routine check of skin spot; uniform brown color, circular border; no itching, no discharge, no redness

vital signs stable at intake; alert and oriented x3",benign
PAT1977,"Name: Meera Chen | Email: rueloo@hospital.org | Phone: +91-2286118391

skin spot on back; |rregular bord3rs and uneven dark color variegation; no fever, no pus

pigmented skin spot; not healing, changing shape; denies rash, denies fever; suspicious of MalignantMelanoma

vital signs stable at intake; alert and oriented x3",malignant
PAT1632,"Name: Priya Garcia | Email: qzcfiz@hospital.org | Phone: +91-1448141237 	 RapidlyEnlarging skin spot with notched borders; no infection, denies purulent drainage 	 dark skin mole on shoulder; BleedingLesion after shower; no itching, no discharge, not tender 	 skin spot on back; |rregular bord3rs and uneven dark color variegation; no fever, no pus 	 patient denies drug allergies; previous medical history non-contributory",malignant
PAT2387,"Referred by Dr. Ravi Patel; patient ID MRN3377630 red skin rash with SevereItching; denies bleeding, no purulent drainage, not infected patient noticed a red spot on skin; SevereItching with flaking scales; no infection, no fever patient denies drug allergies; previous medical history non-contributory",inflammatory
PAT1147,"Referred by Dr. Sarah Patel; patient ID MRN9096697 	 small flesh-colored skin spot; no itching, no bleeding, not painful, completely asymptomatic 👍 	 stable skin mole present for years; no pain, no bleeding, not enlarged; denies fever, no pus 	 benign skin spot on trunk; no ulceration, no bleeding, no itching, no discharge 	 patient denies drug allergies; previous medical history non-contributory",benign
PAT2516,"Name: Aisha Singh | Email: qkgwvx@hospital.org | Phone: +91-9161271337 skin spot on leg with BacterialCellulitis; warm, swollen, purulent drainage; denies bleeding mole red skin spot with localized swelling and pus discharge; elevated temperature; no chronic rash patient noticed a painful red spot on skin; pus discharge noted <br/> temp 1O1F; denies itching vital signs stable at intake; alert and oriented x3",infectious
PAT2120,"Referred by Dr. Amit Singh; patient ID MRN6028235 pruritic red skin rash; SevereItching not responding to lotion; denies pus discharge red skin rash with SevereItching; denies bleeding, no purulent drainage, not infected patient noticed a red spot on skin; SevereItching with flaking scales; no infection, no fever follow-up telemedicine consultation scheduled for next month http://telehealth.example.com",inflammatory
PAT1778,"Name: John Khan | Email: gzqulw@hospital.org | Phone: +91-4428655923 	 dark skin mole on shoulder; BleedingLesion after shower; no itching, no discharge, not tender 	 new dark spot on forearm; |rregular bord3rs; no purulent drainage, not painful 	 patient denies drug allergies; previous medical history non-contributory",malignant
PAT1875,"Patient: Priya Garcia, DOB: 1980-03-18, MRN: MRN1956288

new dark spot on forearm; |rregular bord3rs; no purulent drainage, not painful

RapidlyEnlarging skin spot with notched borders; no infection, denies purulent drainage

dark skin mole on shoulder; BleedingLesion after shower; no itching, no discharge, not tender

vital signs stable at intake; alert and oriented x3",malignant
PAT1570,"Patient: Carlos Smith, DOB: 1953-06-06, MRN: MRN1926873 skin spot on back; |rregular bord3rs and uneven dark color variegation; no fever, no pus dark skin mole on shoulder; BleedingLesion after shower; no itching, no discharge, not tender RapidlyEnlarging skin spot with notched borders; no infection, denies purulent drainage reviewed lab results; hemoglobin and renal function within normal limits",malignant
PAT2490,"Name: Carlos Patel | Email: oddmmd@hospital.org | Phone: +91-6981009719

red skin rash with SevereItching; denies bleeding, no purulent drainage, not infected

patient noticed a red spot on skin; SevereItching with flaking scales; no infection, no fever

reviewed lab results; hemoglobin and renal function within normal limits",inflammatory
PAT1930,"Name: Ravi Patel | Email: tdybpr@hospital.org | Phone: +91-5896509963 patient noticed a dark spot on skin; BleedingLesion and rapid growth; not painful, denies itching dark skin mole on shoulder; BleedingLesion after shower; no itching, no discharge, not tender pigmented skin spot; not healing, changing shape; denies rash, denies fever; suspicious of MalignantMelanoma patient advised on proper hydration and daily sunscreen application",malignant
PAT1832,"Name: John Miller | Email: nvhnam@hospital.org | Phone: +91-3641026365 	 patient noticed a dark spot on skin; BleedingLesion and rapid growth; not painful, denies itching 	 RapidlyEnlarging skin spot with notched borders; no infection, denies purulent drainage 	 new dark spot on forearm; |rregular bord3rs; no purulent drainage, not painful 	 patient advised on proper hydration and daily sunscreen application",malignant
PAT1486,"Referred by Dr. Sarah Smith; patient ID MRN6616561 
 common skin mole; no redness, no pus, not tender, no changes in appearance 
 stable skin mole present for years; no pain, no bleeding, not enlarged; denies fever, no pus 
 patient denies drug allergies; previous medical history non-contributory",benign
PAT1772,"Name: John Khan | Email: vtnrvy@hospital.org | Phone: +91-6395917689 
 RapidlyEnlarging skin spot with notched borders; no infection, denies purulent drainage 
 pigmented skin spot; not healing, changing shape; denies rash, denies fever; suspicious of MalignantMelanoma 
 dark skin mole on shoulder; BleedingLesion after shower; no itching, no discharge, not tender 
 blood pressure 120/80; heart rate regular; patient ambulatory",malignant
PAT1665,"Name: Elena Khan | Email: hgnnjl@hospital.org | Phone: +91-1640700666 patient noticed a dark spot on skin; BleedingLesion and rapid growth; not painful, denies itching pigmented skin spot; not healing, changing shape; denies rash, denies fever; suspicious of MalignantMelanoma dark skin mole on shoulder; BleedingLesion after shower; no itching, no discharge, not tender blood pressure 120/80; heart rate regular; patient ambulatory",malignant
PAT1546,"Name: Amit Smith | Email: wpaibx@hospital.org | Phone: +91-3031202482 
 new dark spot on forearm; |rregular bord3rs; no purulent drainage, not painful 
 patient noticed a dark spot on skin; BleedingLesion and rapid growth; not painful, denies itching 
 reviewed lab results; hemoglobin and renal function within normal limits",malignant
PAT1449,"Name: Meera Miller | Email: mhpyrh@hospital.org | Phone: +91-4506513078 stable skin mole present for years; no pain, no bleeding, not enlarged; denies fever, no pus benign skin spot on trunk; no ulceration, no bleeding, no itching, no discharge patient advised on proper hydration and daily sunscreen application",benign
PAT2753,"Name: Aisha Garcia | Email: nmorqk@hospital.org | Phone: +91-3751413533

patient noticed a painful red spot on skin; pus discharge noted <br/> temp 1O1F; denies itching

infected skin spot with swelling and pus drainage; on Amoxici11in; denies eczema

reviewed lab results; hemoglobin and renal function within normal limits",infectious
PAT1866,"Name: John Miller | Email: oesodr@hospital.org | Phone: +91-0748407311 	 new dark spot on forearm; |rregular bord3rs; no purulent drainage, not painful 	 dark skin mole on shoulder; BleedingLesion after shower; no itching, no discharge, not tender 	 patient denies drug allergies; previous medical history non-contributory",malignant
PAT1679,"Referred by Dr. Carlos Sharma; patient ID MRN8844553 	 patient noticed a dark spot on skin; BleedingLesion and rapid growth; not painful, denies itching 	 new dark spot on forearm; |rregular bord3rs; no purulent drainage, not painful 	 patient denies drug allergies; previous medical history non-contributory",malignant
PAT1370,"Referred by Dr. Ravi Smith; patient ID MRN2199043 
 routine check of skin spot; uniform brown color, circular border; no itching, no discharge, no redness 
 benign skin spot on trunk; no ulceration, no bleeding, no itching, no discharge 
 reviewed lab results; hemoglobin and renal function within normal limits",benign
PAT2692,"Patient: Meera Smith, DOB: 1992-04-04, MRN: MRN0363341

painful infected skin spot; yellow pus drainage, temp 1O1F, started on Amoxici11in 500mg; no flaking

patient noticed a painful red spot on skin; pus discharge noted <br/> temp 1O1F; denies itching

blood pressure 120/80; heart rate regular; patient ambulatory",infectious
PAT2119,"Name: David Patel | Email: dyzxae@hospital.org | Phone: +91-5418218472 	 skin rash on elbows and forearm; SevereItching and scaling redness; no pus, no fever 	 red skin rash with SevereItching; denies bleeding, no purulent drainage, not infected 	 red itchy skin spot; intense burning sensation and SevereItching; no bleeding, not oozing 	 blood pressure 120/80; heart rate regular; patient ambulatory",inflammatory
PAT1332,"Patient: Aisha Khan, DOB: 1987-12-12, MRN: MRN8512459 
 patient noticed a skin spot on arm; no itching, no bleeding, no pain, not growing, denies fever 
 benign skin spot on trunk; no ulceration, no bleeding, no itching, no discharge 
 routine check of skin spot; uniform brown color, circular border; no itching, no discharge, no redness 
 vital signs stable at intake; alert and oriented x3",benign
PAT1005,"Name: Amit Nguyen | Email: vzsnqm@hospital.org | Phone: +91-6879015201 small flesh-colored skin spot; no itching, no bleeding, not painful, completely asymptomatic 👍 patient noticed a skin spot on arm; no itching, no bleeding, no pain, not growing, denies fever reviewed lab results; hemoglobin and renal function within normal limits",benign
PAT1979,"Referred by Dr. Carlos Nguyen; patient ID MRN1250904

skin spot on back; |rregular bord3rs and uneven dark color variegation; no fever, no pus

pigmented skin spot; not healing, changing shape; denies rash, denies fever; suspicious of MalignantMelanoma

follow-up telemedicine consultation scheduled for next month http://telehealth.example.com",malignant
PAT2718,"Patient: David Sharma, DOB: 1988-05-18, MRN: MRN5126790 
 painful infected skin spot; yellow pus drainage, temp 1O1F, started on Amoxici11in 500mg; no flaking 
 patient noticed a painful red spot on skin; pus discharge noted <br/> temp 1O1F; denies itching 
 blood pressure 120/80; heart rate regular; patient ambulatory",infectious
PAT2702,"Patient: Elena Sharma, DOB: 1969-02-09, MRN: MRN5020068

red skin spot with localized swelling and pus discharge; elevated temperature; no chronic rash

wound spot on skin with BacterialCellulitis and purulent exudate; fever noted; denies itching

painful infected skin spot; yellow pus drainage, temp 1O1F, started on Amoxici11in 500mg; no flaking

reviewed lab results; hemoglobin and renal function within normal limits",infectious
PAT2743,"Patient: John Lee, DOB: 1968-10-19, MRN: MRN1116283

infected skin spot with swelling and pus drainage; on Amoxici11in; denies eczema

wound spot on skin with BacterialCellulitis and purulent exudate; fever noted; denies itching

blood pressure 120/80; heart rate regular; patient ambulatory",infectious
PAT2668,"Patient: Sarah Sharma, DOB: 1999-09-18, MRN: MRN6804915 
 skin spot on leg with BacterialCellulitis; warm, swollen, purulent drainage; denies bleeding mole 
 red skin spot with localized swelling and pus discharge; elevated temperature; no chronic rash 
 wound spot on skin with BacterialCellulitis and purulent exudate; fever noted; denies itching 
 follow-up telemedicine consultation scheduled for next month http://telehealth.example.com",infectious
PAT1960,"Name: Aisha Sharma | Email: ynoyvp@hospital.org | Phone: +91-9276873890

patient noticed a dark spot on skin; BleedingLesion and rapid growth; not painful, denies itching

skin spot on back; |rregular bord3rs and uneven dark color variegation; no fever, no pus

dark skin mole on shoulder; BleedingLesion after shower; no itching, no discharge, not tender

reviewed lab results; hemoglobin and renal function within normal limits",malignant
PAT1043,"Referred by Dr. Elena Lee; patient ID MRN2074268

common skin mole; no redness, no pus, not tender, no changes in appearance

benign skin spot on trunk; no ulceration, no bleeding, no itching, no discharge

blood pressure 120/80; heart rate regular; patient ambulatory",benign
PAT1297,"Patient: David Sharma, DOB: 1980-09-08, MRN: MRN2936654

benign skin spot on trunk; no ulceration, no bleeding, no itching, no discharge

stable skin mole present for years; no pain, no bleeding, not enlarged; denies fever, no pus

common skin mole; no redness, no pus, not tender, no changes in appearance

patient advised on proper hydration and daily sunscreen application",benign
PAT2568,"Patient: John Khan, DOB: 1960-11-15, MRN: MRN2899669 
 skin spot on leg with BacterialCellulitis; warm, swollen, purulent drainage; denies bleeding mole 
 painful infected skin spot; yellow pus drainage, temp 1O1F, started on Amoxici11in 500mg; no flaking 
 infected skin spot with swelling and pus drainage; on Amoxici11in; denies eczema 
 patient denies drug allergies; previous medical history non-contributory",infectious
PAT2736,"Patient: John Singh, DOB: 1953-03-08, MRN: MRN3830616

infected skin spot with swelling and pus drainage; on Amoxici11in; denies eczema

skin spot on leg with BacterialCellulitis; warm, swollen, purulent drainage; denies bleeding mole

vital signs stable at intake; alert and oriented x3",infectious
PAT1545,"Referred by Dr. Elena Smith; patient ID MRN8479713 pigmented skin spot; not healing, changing shape; denies rash, denies fever; suspicious of MalignantMelanoma patient noticed a dark spot on skin; BleedingLesion and rapid growth; not painful, denies itching blood pressure 120/80; heart rate regular; patient ambulatory",malignant
PAT1588,"Referred by Dr. Priya Khan; patient ID MRN9283175

new dark spot on forearm; |rregular bord3rs; no purulent drainage, not painful

dark skin mole on shoulder; BleedingLesion after shower; no itching, no discharge, not tender

blood pressure 120/80; heart rate regular; patient ambulatory",malignant
PAT2326,"Name: Elena Patel | Email: wfjdiz@hospital.org | Phone: +91-2821329771 skin rash on elbows and forearm; SevereItching and scaling redness; no pus, no fever patient noticed a red spot on skin; SevereItching with flaking scales; no infection, no fever pruritic red skin rash; SevereItching not responding to lotion; denies pus discharge patient advised on proper hydration and daily sunscreen application",inflammatory
PAT1105,"Patient: Carlos Nguyen, DOB: 1960-05-09, MRN: MRN4439512 
 stable skin mole present for years; no pain, no bleeding, not enlarged; denies fever, no pus 
 small flesh-colored skin spot; no itching, no bleeding, not painful, completely asymptomatic 👍 
 vital signs stable at intake; alert and oriented x3",benign
PAT1322,"Name: David Patel | Email: klwmqs@hospital.org | Phone: +91-2594583367 	 routine check of skin spot; uniform brown color, circular border; no itching, no discharge, no redness 	 small flesh-colored skin spot; no itching, no bleeding, not painful, completely asymptomatic 👍 	 benign skin spot on trunk; no ulceration, no bleeding, no itching, no discharge 	 patient denies drug allergies; previous medical history non-contributory",benign
PAT1180,"Referred by Dr. John Chen; patient ID MRN6474313 patient noticed a skin spot on arm; no itching, no bleeding, no pain, not growing, denies fever small flesh-colored skin spot; no itching, no bleeding, not painful, completely asymptomatic 👍 patient advised on proper hydration and daily sunscreen application",benign
PAT1473,"Patient: David Miller, DOB: 1987-07-26, MRN: MRN3226329

common skin mole; no redness, no pus, not tender, no changes in appearance

benign skin spot on trunk; no ulceration, no bleeding, no itching, no discharge

blood pressure 120/80; heart rate regular; patient ambulatory",benign
PAT1022,"Name: Amit Smith | Email: uocmtb@hospital.org | Phone: +91-4415828532 patient noticed a skin spot on arm; no itching, no bleeding, no pain, not growing, denies fever routine check of skin spot; uniform brown color, circular border; no itching, no discharge, no redness patient advised on proper hydration and daily sunscreen application",benign
PAT2615,"Referred by Dr. Aisha Singh; patient ID MRN9118655 patient noticed a painful red spot on skin; pus discharge noted <br/> temp 1O1F; denies itching painful infected skin spot; yellow pus drainage, temp 1O1F, started on Amoxici11in 500mg; no flaking skin spot on leg with BacterialCellulitis; warm, swollen, purulent drainage; denies bleeding mole patient denies drug allergies; previous medical history non-contributory",infectious
PAT2489,"Referred by Dr. Ravi Sharma; patient ID MRN4972990 
 skin rash on elbows and forearm; SevereItching and scaling redness; no pus, no fever 
 red skin rash with SevereItching; denies bleeding, no purulent drainage, not infected 
 red itchy skin spot; intense burning sensation and SevereItching; no bleeding, not oozing 
 blood pressure 120/80; heart rate regular; patient ambulatory",inflammatory
PAT1740,"Patient: Carlos Garcia, DOB: 1959-02-04, MRN: MRN1707332 patient noticed a dark spot on skin; BleedingLesion and rapid growth; not painful, denies itching new dark spot on forearm; |rregular bord3rs; no purulent drainage, not painful vital signs stable at intake; alert and oriented x3",malignant
PAT2695,"Name: Priya Miller | Email: ygyxue@hospital.org | Phone: +91-2131099970 	 wound spot on skin with BacterialCellulitis and purulent exudate; fever noted; denies itching 	 painful infected skin spot; yellow pus drainage, temp 1O1F, started on Amoxici11in 500mg; no flaking 	 red skin spot with localized swelling and pus discharge; elevated temperature; no chronic rash 	 patient denies drug allergies; previous medical history non-contributory",infectious
PAT1860,"Referred by Dr. Sarah Nguyen; patient ID MRN8528855 	 RapidlyEnlarging skin spot with notched borders; no infection, denies purulent drainage 	 dark skin mole on shoulder; BleedingLesion after shower; no itching, no discharge, not tender 	 skin spot on back; |rregular bord3rs and uneven dark color variegation; no fever, no pus 	 blood pressure 120/80; heart rate regular; patient ambulatory",malignant
PAT2486,"Name: Ravi Nguyen | Email: qslwgb@hospital.org | Phone: +91-0856466761

skin rash on elbows and forearm; SevereItching and scaling redness; no pus, no fever

patient noticed a red spot on skin; SevereItching with flaking scales; no infection, no fever

flaking red skin spot; SevereItching at night; no fever, denies wound breakdown

patient denies drug allergies; previous medical history non-contributory",inflammatory
PAT1664,"Patient: Aisha Khan, DOB: 1975-01-02, MRN: MRN6227830 
 new dark spot on forearm; |rregular bord3rs; no purulent drainage, not painful 
 RapidlyEnlarging skin spot with notched borders; no infection, denies purulent drainage 
 pigmented skin spot; not healing, changing shape; denies rash, denies fever; suspicious of MalignantMelanoma 
 patient denies drug allergies; previous medical history non-contributory",malignant
PAT2072,"Name: Ravi Nguyen | Email: bwomwf@hospital.org | Phone: +91-8070816125

red skin rash with SevereItching; denies bleeding, no purulent drainage, not infected

red itchy skin spot; intense burning sensation and SevereItching; no bleeding, not oozing

vital signs stable at intake; alert and oriented x3",inflammatory
PAT1874,"Referred by Dr. Priya Garcia; patient ID MRN0823700 
 RapidlyEnlarging skin spot with notched borders; no infection, denies purulent drainage 
 pigmented skin spot; not healing, changing shape; denies rash, denies fever; suspicious of MalignantMelanoma 
 follow-up telemedicine consultation scheduled for next month http://telehealth.example.com",malignant
PAT2945,"Patient: Carlos Nguyen, DOB: 2003-09-03, MRN: MRN1087108

wound spot on skin with BacterialCellulitis and purulent exudate; fever noted; denies itching

painful infected skin spot; yellow pus drainage, temp 1O1F, started on Amoxici11in 500mg; no flaking

vital signs stable at intake; alert and oriented x3",infectious
PAT2069,"Referred by Dr. Amit Sharma; patient ID MRN5580527

skin rash on elbows and forearm; SevereItching and scaling redness; no pus, no fever

pruritic red skin rash; SevereItching not responding to lotion; denies pus discharge

reviewed lab results; hemoglobin and renal function within normal limits",inflammatory
PAT1463,"Referred by Dr. Priya Garcia; patient ID MRN6840360 	 patient noticed a skin spot on arm; no itching, no bleeding, no pain, not growing, denies fever 	 stable skin mole present for years; no pain, no bleeding, not enlarged; denies fever, no pus 	 benign skin spot on trunk; no ulceration, no bleeding, no itching, no discharge 	 blood pressure 120/80; heart rate regular; patient ambulatory",benign
PAT1987,"Patient: John Lee, DOB: 1959-09-04, MRN: MRN6928913

RapidlyEnlarging skin spot with notched borders; no infection, denies purulent drainage

patient noticed a dark spot on skin; BleedingLesion and rapid growth; not painful, denies itching

skin spot on back; |rregular bord3rs and uneven dark color variegation; no fever, no pus

vital signs stable at intake; alert and oriented x3",malignant
PAT1715,"Referred by Dr. Sarah Smith; patient ID MRN2803842 
 patient noticed a dark spot on skin; BleedingLesion and rapid growth; not painful, denies itching 
 skin spot on back; |rregular bord3rs and uneven dark color variegation; no fever, no pus 
 patient advised on proper hydration and daily sunscreen application",malignant
PAT1973,"Patient: Priya Nguyen, DOB: 1974-09-06, MRN: MRN4725534 
 patient noticed a dark spot on skin; BleedingLesion and rapid growth; not painful, denies itching 
 dark skin mole on shoulder; BleedingLesion after shower; no itching, no discharge, not tender 
 patient denies drug allergies; previous medical history non-contributory",malignant
PAT2014,"Patient: Sarah Miller, DOB: 1964-04-05, MRN: MRN4098484 	 pruritic red skin rash; SevereItching not responding to lotion; denies pus discharge 	 skin rash on elbows and forearm; SevereItching and scaling redness; no pus, no fever 	 reviewed lab results; hemoglobin and renal function within normal limits",inflammatory
PAT2549,"Patient: Elena Lee, DOB: 1985-06-07, MRN: MRN7626323 infected skin spot with swelling and pus drainage; on Amoxici11in; denies eczema wound spot on skin with BacterialCellulitis and purulent exudate; fever noted; denies itching patient advised on proper hydration and daily sunscreen application",infectious
PAT2094,"Name: Sarah Sharma | Email: knyulr@hospital.org | Phone: +91-3027594429 
 red itchy skin spot; intense burning sensation and SevereItching; no bleeding, not oozing 
 patient noticed a red spot on skin; SevereItching with flaking scales; no infection, no fever 
 pruritic red skin rash; SevereItching not responding to lotion; denies pus discharge 
 patient advised on proper hydration and daily sunscreen application",inflammatory
PAT2963,Referred by Dr. Meera Lee; patient ID MRN0953246 	 infected skin spot with swelling and pus drainage; on Amoxici11in; denies eczema 	 red skin spot with localized swelling and pus discharge; elevated temperature; no chronic rash 	 wound spot on skin with BacterialCellulitis and purulent exudate; fever noted; denies itching 	 patient advised on proper hydration and daily sunscreen application,infectious
PAT2856,"Referred by Dr. David Khan; patient ID MRN6829229

infected skin spot with swelling and pus drainage; on Amoxici11in; denies eczema

red skin spot with localized swelling and pus discharge; elevated temperature; no chronic rash

skin spot on leg with BacterialCellulitis; warm, swollen, purulent drainage; denies bleeding mole

vital signs stable at intake; alert and oriented x3",infectious
PAT2121,"Name: Amit Sharma | Email: vxhzpu@hospital.org | Phone: +91-0778899809

red itchy skin spot; intense burning sensation and SevereItching; no bleeding, not oozing

red skin rash with SevereItching; denies bleeding, no purulent drainage, not infected

patient noticed a red spot on skin; SevereItching with flaking scales; no infection, no fever

follow-up telemedicine consultation scheduled for next month http://telehealth.example.com",inflammatory
PAT1768,"Patient: Amit Lee, DOB: 2005-12-26, MRN: MRN4445692 	 skin spot on back; |rregular bord3rs and uneven dark color variegation; no fever, no pus 	 dark skin mole on shoulder; BleedingLesion after shower; no itching, no discharge, not tender 	 patient noticed a dark spot on skin; BleedingLesion and rapid growth; not painful, denies itching 	 blood pressure 120/80; heart rate regular; patient ambulatory",malignant
PAT2437,"Name: Meera Singh | Email: vlmlbi@hospital.org | Phone: +91-4078017692 	 flaking red skin spot; SevereItching at night; no fever, denies wound breakdown 	 pruritic red skin rash; SevereItching not responding to lotion; denies pus discharge 	 red skin rash with SevereItching; denies bleeding, no purulent drainage, not infected 	 patient advised on proper hydration and daily sunscreen application",inflammatory
PAT2473,"Patient: John Patel, DOB: 1955-02-16, MRN: MRN3871903 
 pruritic red skin rash; SevereItching not responding to lotion; denies pus discharge 
 red itchy skin spot; intense burning sensation and SevereItching; no bleeding, not oozing 
 follow-up telemedicine consultation scheduled for next month http://telehealth.example.com",inflammatory
PAT2060,"Referred by Dr. David Garcia; patient ID MRN1831506 flaking red skin spot; SevereItching at night; no fever, denies wound breakdown red itchy skin spot; intense burning sensation and SevereItching; no bleeding, not oozing skin rash on elbows and forearm; SevereItching and scaling redness; no pus, no fever blood pressure 120/80; heart rate regular; patient ambulatory",inflammatory
PAT2858,"Patient: Meera Miller, DOB: 1997-05-14, MRN: MRN4835972 	 red skin spot with localized swelling and pus discharge; elevated temperature; no chronic rash 	 painful infected skin spot; yellow pus drainage, temp 1O1F, started on Amoxici11in 500mg; no flaking 	 reviewed lab results; hemoglobin and renal function within normal limits",infectious
PAT2295,"Referred by Dr. Elena Miller; patient ID MRN6584036

pruritic red skin rash; SevereItching not responding to lotion; denies pus discharge

patient noticed a red spot on skin; SevereItching with flaking scales; no infection, no fever

reviewed lab results; hemoglobin and renal function within normal limits",inflammatory
PAT1294,"Referred by Dr. Ravi Patel; patient ID MRN2437466 stable skin mole present for years; no pain, no bleeding, not enlarged; denies fever, no pus common skin mole; no redness, no pus, not tender, no changes in appearance blood pressure 120/80; heart rate regular; patient ambulatory",benign
PAT1927,"Referred by Dr. Carlos Chen; patient ID MRN2178512 
 dark skin mole on shoulder; BleedingLesion after shower; no itching, no discharge, not tender 
 skin spot on back; |rregular bord3rs and uneven dark color variegation; no fever, no pus 
 reviewed lab results; hemoglobin and renal function within normal limits",malignant
PAT2150,"Name: David Patel | Email: spyxbc@hospital.org | Phone: +91-7399488648 
 skin rash on elbows and forearm; SevereItching and scaling redness; no pus, no fever 
 flaking red skin spot; SevereItching at night; no fever, denies wound breakdown 
 patient noticed a red spot on skin; SevereItching with flaking scales; no infection, no fever 
 patient advised on proper hydration and daily sunscreen application",inflammatory
PAT2255,"Patient: Meera Garcia, DOB: 1987-09-09, MRN: MRN5294160

flaking red skin spot; SevereItching at night; no fever, denies wound breakdown

skin rash on elbows and forearm; SevereItching and scaling redness; no pus, no fever

red itchy skin spot; intense burning sensation and SevereItching; no bleeding, not oozing

vital signs stable at intake; alert and oriented x3",inflammatory
PAT2501,"Patient: John Singh, DOB: 1981-10-18, MRN: MRN0621244 
 skin spot on leg with BacterialCellulitis; warm, swollen, purulent drainage; denies bleeding mole 
 patient noticed a painful red spot on skin; pus discharge noted <br/> temp 1O1F; denies itching 
 patient denies drug allergies; previous medical history non-contributory",infectious
PAT2370,"Name: Aisha Patel | Email: ornomr@hospital.org | Phone: +91-2909958248 
 patient noticed a red spot on skin; SevereItching with flaking scales; no infection, no fever 
 red itchy skin spot; intense burning sensation and SevereItching; no bleeding, not oozing 
 patient advised on proper hydration and daily sunscreen application",inflammatory
PAT1146,"Patient: Meera Lee, DOB: 1980-02-12, MRN: MRN1225332 
 benign skin spot on trunk; no ulceration, no bleeding, no itching, no discharge 
 small flesh-colored skin spot; no itching, no bleeding, not painful, completely asymptomatic 👍 
 patient noticed a skin spot on arm; no itching, no bleeding, no pain, not growing, denies fever 
 patient advised on proper hydration and daily sunscreen application",benign
PAT2844,"Referred by Dr. John Miller; patient ID MRN5417568 painful infected skin spot; yellow pus drainage, temp 1O1F, started on Amoxici11in 500mg; no flaking infected skin spot with swelling and pus drainage; on Amoxici11in; denies eczema patient denies drug allergies; previous medical history non-contributory",infectious
PAT2739,"Patient: Sarah Khan, DOB: 1965-06-20, MRN: MRN4190825 patient noticed a painful red spot on skin; pus discharge noted <br/> temp 1O1F; denies itching infected skin spot with swelling and pus drainage; on Amoxici11in; denies eczema skin spot on leg with BacterialCellulitis; warm, swollen, purulent drainage; denies bleeding mole reviewed lab results; hemoglobin and renal function within normal limits",infectious
PAT1175,"Patient: Amit Garcia, DOB: 1983-03-04, MRN: MRN3572969

patient noticed a skin spot on arm; no itching, no bleeding, no pain, not growing, denies fever

routine check of skin spot; uniform brown color, circular border; no itching, no discharge, no redness

common skin mole; no redness, no pus, not tender, no changes in appearance

reviewed lab results; hemoglobin and renal function within normal limits",benign
PAT1011,"Referred by Dr. Meera Lee; patient ID MRN2458734 
 small flesh-colored skin spot; no itching, no bleeding, not painful, completely asymptomatic 👍 
 benign skin spot on trunk; no ulceration, no bleeding, no itching, no discharge 
 routine check of skin spot; uniform brown color, circular border; no itching, no discharge, no redness 
 follow-up telemedicine consultation scheduled for next month http://telehealth.example.com",benign
PAT1077,"Patient: Priya Patel, DOB: 1976-02-19, MRN: MRN9060643 common skin mole; no redness, no pus, not tender, no changes in appearance benign skin spot on trunk; no ulceration, no bleeding, no itching, no discharge patient denies drug allergies; previous medical history non-contributory",benign
PAT2939,"Name: Ravi Patel | Email: bpxwnc@hospital.org | Phone: +91-6072068374 	 patient noticed a painful red spot on skin; pus discharge noted <br/> temp 1O1F; denies itching 	 painful infected skin spot; yellow pus drainage, temp 1O1F, started on Amoxici11in 500mg; no flaking 	 reviewed lab results; hemoglobin and renal function within normal limits",infectious
PAT1725,"Patient: Carlos Lee, DOB: 1986-02-20, MRN: MRN1839847 	 pigmented skin spot; not healing, changing shape; denies rash, denies fever; suspicious of MalignantMelanoma 	 patient noticed a dark spot on skin; BleedingLesion and rapid growth; not painful, denies itching 	 patient advised on proper hydration and daily sunscreen application",malignant
PAT2051,"Patient: Aisha Singh, DOB: 1998-02-06, MRN: MRN1103966 
 skin rash on elbows and forearm; SevereItching and scaling redness; no pus, no fever 
 patient noticed a red spot on skin; SevereItching with flaking scales; no infection, no fever 
 red skin rash with SevereItching; denies bleeding, no purulent drainage, not infected 
 patient denies drug allergies; previous medical history non-contributory",inflammatory
PAT1938,"Patient: David Singh, DOB: 1991-01-07, MRN: MRN4033506

pigmented skin spot; not healing, changing shape; denies rash, denies fever; suspicious of MalignantMelanoma

RapidlyEnlarging skin spot with notched borders; no infection, denies purulent drainage

new dark spot on forearm; |rregular bord3rs; no purulent drainage, not painful

patient advised on proper hydration and daily sunscreen application",malignant
PAT1027,"Referred by Dr. Carlos Khan; patient ID MRN3713211

routine check of skin spot; uniform brown color, circular border; no itching, no discharge, no redness

stable skin mole present for years; no pain, no bleeding, not enlarged; denies fever, no pus

small flesh-colored skin spot; no itching, no bleeding, not painful, completely asymptomatic 👍

follow-up telemedicine consultation scheduled for next month http://telehealth.example.com",benign
PAT1025,"Referred by Dr. John Chen; patient ID MRN5794747 
 patient noticed a skin spot on arm; no itching, no bleeding, no pain, not growing, denies fever 
 routine check of skin spot; uniform brown color, circular border; no itching, no discharge, no redness 
 benign skin spot on trunk; no ulceration, no bleeding, no itching, no discharge 
 reviewed lab results; hemoglobin and renal function within normal limits",benign
PAT1051,"Patient: Aisha Smith, DOB: 1991-11-11, MRN: MRN9776295 benign skin spot on trunk; no ulceration, no bleeding, no itching, no discharge common skin mole; no redness, no pus, not tender, no changes in appearance small flesh-colored skin spot; no itching, no bleeding, not painful, completely asymptomatic 👍 patient advised on proper hydration and daily sunscreen application",benign
PAT2572,"Referred by Dr. Elena Lee; patient ID MRN8374569 painful infected skin spot; yellow pus drainage, temp 1O1F, started on Amoxici11in 500mg; no flaking skin spot on leg with BacterialCellulitis; warm, swollen, purulent drainage; denies bleeding mole patient denies drug allergies; previous medical history non-contributory",infectious
PAT2149,"Name: Carlos Sharma | Email: vzanai@hospital.org | Phone: +91-4273577830 red skin rash with SevereItching; denies bleeding, no purulent drainage, not infected patient noticed a red spot on skin; SevereItching with flaking scales; no infection, no fever vital signs stable at intake; alert and oriented x3",inflammatory
PAT1342,"Patient: John Garcia, DOB: 1969-11-23, MRN: MRN2421699 patient noticed a skin spot on arm; no itching, no bleeding, no pain, not growing, denies fever small flesh-colored skin spot; no itching, no bleeding, not painful, completely asymptomatic 👍 reviewed lab results; hemoglobin and renal function within normal limits",benign
PAT1171,"Patient: John Smith, DOB: 1999-12-04, MRN: MRN9094948

routine check of skin spot; uniform brown color, circular border; no itching, no discharge, no redness

stable skin mole present for years; no pain, no bleeding, not enlarged; denies fever, no pus

benign skin spot on trunk; no ulceration, no bleeding, no itching, no discharge

patient denies drug allergies; previous medical history non-contributory",benign
PAT1843,"Name: Sarah Miller | Email: ttbvfb@hospital.org | Phone: +91-9581511478 	 RapidlyEnlarging skin spot with notched borders; no infection, denies purulent drainage 	 dark skin mole on shoulder; BleedingLesion after shower; no itching, no discharge, not tender 	 new dark spot on forearm; |rregular bord3rs; no purulent drainage, not painful 	 follow-up telemedicine consultation scheduled for next month http://telehealth.example.com",malignant
PAT2999,"Name: Aisha Singh | Email: uzlmdd@hospital.org | Phone: +91-9049038071

red skin spot with localized swelling and pus discharge; elevated temperature; no chronic rash

infected skin spot with swelling and pus drainage; on Amoxici11in; denies eczema

skin spot on leg with BacterialCellulitis; warm, swollen, purulent drainage; denies bleeding mole

patient advised on proper hydration and daily sunscreen application",infectious
PAT1058,"Name: Amit Patel | Email: gjpzbg@hospital.org | Phone: +91-9155240075 
 common skin mole; no redness, no pus, not tender, no changes in appearance 
 patient noticed a skin spot on arm; no itching, no bleeding, no pain, not growing, denies fever 
 patient advised on proper hydration and daily sunscreen application",benign
PAT1622,"Name: Sarah Smith | Email: haqqrg@hospital.org | Phone: +91-5775717339 
 pigmented skin spot; not healing, changing shape; denies rash, denies fever; suspicious of MalignantMelanoma 
 patient noticed a dark spot on skin; BleedingLesion and rapid growth; not painful, denies itching 
 dark skin mole on shoulder; BleedingLesion after shower; no itching, no discharge, not tender 
 follow-up telemedicine consultation scheduled for next month http://telehealth.example.com",malignant
PAT2292,"Name: Priya Lee | Email: xokkpf@hospital.org | Phone: +91-9495308515 	 flaking red skin spot; SevereItching at night; no fever, denies wound breakdown 	 red skin rash with SevereItching; denies bleeding, no purulent drainage, not infected 	 patient advised on proper hydration and daily sunscreen application",inflammatory
PAT1651,"Referred by Dr. Aisha Smith; patient ID MRN3846617 	 skin spot on back; |rregular bord3rs and uneven dark color variegation; no fever, no pus 	 dark skin mole on shoulder; BleedingLesion after shower; no itching, no discharge, not tender 	 patient advised on proper hydration and daily sunscreen application",malignant
PAT1418,"Name: Priya Chen | Email: edgfmv@hospital.org | Phone: +91-7375221984

common skin mole; no redness, no pus, not tender, no changes in appearance

routine check of skin spot; uniform brown color, circular border; no itching, no discharge, no redness

patient denies drug allergies; previous medical history non-contributory",benign
PAT1847,"Referred by Dr. John Khan; patient ID MRN4387516

RapidlyEnlarging skin spot with notched borders; no infection, denies purulent drainage

pigmented skin spot; not healing, changing shape; denies rash, denies fever; suspicious of MalignantMelanoma

skin spot on back; |rregular bord3rs and uneven dark color variegation; no fever, no pus

reviewed lab results; hemoglobin and renal function within normal limits",malignant
PAT2078,"Referred by Dr. Aisha Sharma; patient ID MRN0118808 red itchy skin spot; intense burning sensation and SevereItching; no bleeding, not oozing pruritic red skin rash; SevereItching not responding to lotion; denies pus discharge red skin rash with SevereItching; denies bleeding, no purulent drainage, not infected blood pressure 120/80; heart rate regular; patient ambulatory",inflammatory
PAT1388,"Patient: Amit Khan, DOB: 2002-06-02, MRN: MRN8738008 	 stable skin mole present for years; no pain, no bleeding, not enlarged; denies fever, no pus 	 small flesh-colored skin spot; no itching, no bleeding, not painful, completely asymptomatic 👍 	 common skin mole; no redness, no pus, not tender, no changes in appearance 	 patient advised on proper hydration and daily sunscreen application",benign
PAT2785,"Referred by Dr. Aisha Sharma; patient ID MRN8929778

skin spot on leg with BacterialCellulitis; warm, swollen, purulent drainage; denies bleeding mole

painful infected skin spot; yellow pus drainage, temp 1O1F, started on Amoxici11in 500mg; no flaking

blood pressure 120/80; heart rate regular; patient ambulatory",infectious
PAT2947,"Patient: John Smith, DOB: 1969-04-26, MRN: MRN9684917 
 red skin spot with localized swelling and pus discharge; elevated temperature; no chronic rash 
 wound spot on skin with BacterialCellulitis and purulent exudate; fever noted; denies itching 
 patient noticed a painful red spot on skin; pus discharge noted <br/> temp 1O1F; denies itching 
 patient advised on proper hydration and daily sunscreen application",infectious
PAT1316,"Name: Ravi Smith | Email: xlkuni@hospital.org | Phone: +91-5610659038 small flesh-colored skin spot; no itching, no bleeding, not painful, completely asymptomatic 👍 benign skin spot on trunk; no ulceration, no bleeding, no itching, no discharge patient noticed a skin spot on arm; no itching, no bleeding, no pain, not growing, denies fever patient denies drug allergies; previous medical history non-contributory",benign
PAT2454,"Name: John Khan | Email: cgvahc@hospital.org | Phone: +91-6688369689 red itchy skin spot; intense burning sensation and SevereItching; no bleeding, not oozing flaking red skin spot; SevereItching at night; no fever, denies wound breakdown skin rash on elbows and forearm; SevereItching and scaling redness; no pus, no fever patient denies drug allergies; previous medical history non-contributory",inflammatory
PAT2388,"Patient: John Patel, DOB: 1995-07-14, MRN: MRN4791105 	 skin rash on elbows and forearm; SevereItching and scaling redness; no pus, no fever 	 flaking red skin spot; SevereItching at night; no fever, denies wound breakdown 	 patient denies drug allergies; previous medical history non-contributory",inflammatory
PAT1661,"Name: Priya Garcia | Email: ndxmco@hospital.org | Phone: +91-8370861036 
 pigmented skin spot; not healing, changing shape; denies rash, denies fever; suspicious of MalignantMelanoma 
 RapidlyEnlarging skin spot with notched borders; no infection, denies purulent drainage 
 follow-up telemedicine consultation scheduled for next month http://telehealth.example.com",malignant
PAT1750,"Name: David Khan | Email: aqsugn@hospital.org | Phone: +91-7431201745 
 pigmented skin spot; not healing, changing shape; denies rash, denies fever; suspicious of MalignantMelanoma 
 skin spot on back; |rregular bord3rs and uneven dark color variegation; no fever, no pus 
 blood pressure 120/80; heart rate regular; patient ambulatory",malignant
PAT2470,"Name: Ravi Singh | Email: znhgdb@hospital.org | Phone: +91-3750375623

red itchy skin spot; intense burning sensation and SevereItching; no bleeding, not oozing

pruritic red skin rash; SevereItching not responding to lotion; denies pus discharge

patient denies drug allergies; previous medical history non-contributory",inflammatory
PAT1810,"Patient: Priya Miller, DOB: 1977-09-03, MRN: MRN0193574 new dark spot on forearm; |rregular bord3rs; no purulent drainage, not painful patient noticed a dark spot on skin; BleedingLesion and rapid growth; not painful, denies itching blood pressure 120/80; heart rate regular; patient ambulatory",malignant
PAT1749,"Name: Aisha Khan | Email: tbudcq@hospital.org | Phone: +91-0507553280 skin spot on back; |rregular bord3rs and uneven dark color variegation; no fever, no pus dark skin mole on shoulder; BleedingLesion after shower; no itching, no discharge, not tender new dark spot on forearm; |rregular bord3rs; no purulent drainage, not painful blood pressure 120/80; heart rate regular; patient ambulatory",malignant
PAT2294,"Name: John Patel | Email: eyhxzi@hospital.org | Phone: +91-8134264495 
 patient noticed a red spot on skin; SevereItching with flaking scales; no infection, no fever 
 red skin rash with SevereItching; denies bleeding, no purulent drainage, not infected 
 pruritic red skin rash; SevereItching not responding to lotion; denies pus discharge 
 reviewed lab results; hemoglobin and renal function within normal limits",inflammatory
PAT1793,"Patient: Elena Patel, DOB: 1987-07-28, MRN: MRN2705355

pigmented skin spot; not healing, changing shape; denies rash, denies fever; suspicious of MalignantMelanoma

dark skin mole on shoulder; BleedingLesion after shower; no itching, no discharge, not tender

RapidlyEnlarging skin spot with notched borders; no infection, denies purulent drainage

vital signs stable at intake; alert and oriented x3",malignant
PAT1826,"Patient: Ravi Singh, DOB: 1995-03-24, MRN: MRN8593229 	 skin spot on back; |rregular bord3rs and uneven dark color variegation; no fever, no pus 	 new dark spot on forearm; |rregular bord3rs; no purulent drainage, not painful 	 dark skin mole on shoulder; BleedingLesion after shower; no itching, no discharge, not tender 	 patient denies drug allergies; previous medical history non-contributory",malignant
PAT2539,Name: Priya Chen | Email: peivae@hospital.org | Phone: +91-2734645582 infected skin spot with swelling and pus drainage; on Amoxici11in; denies eczema red skin spot with localized swelling and pus discharge; elevated temperature; no chronic rash follow-up telemedicine consultation scheduled for next month http://telehealth.example.com,infectious
PAT2453,"Referred by Dr. Ravi Singh; patient ID MRN9739556 
 flaking red skin spot; SevereItching at night; no fever, denies wound breakdown 
 red itchy skin spot; intense burning sensation and SevereItching; no bleeding, not oozing 
 patient noticed a red spot on skin; SevereItching with flaking scales; no infection, no fever 
 patient denies drug allergies; previous medical history non-contributory",inflammatory
PAT2812,"Referred by Dr. Sarah Smith; patient ID MRN6069219

wound spot on skin with BacterialCellulitis and purulent exudate; fever noted; denies itching

painful infected skin spot; yellow pus drainage, temp 1O1F, started on Amoxici11in 500mg; no flaking

follow-up telemedicine consultation scheduled for next month http://telehealth.example.com",infectious
PAT2556,"Name: Meera Garcia | Email: dipaeg@hospital.org | Phone: +91-2207757010

infected skin spot with swelling and pus drainage; on Amoxici11in; denies eczema

patient noticed a painful red spot on skin; pus discharge noted <br/> temp 1O1F; denies itching

follow-up telemedicine consultation scheduled for next month http://telehealth.example.com",infectious
PAT2506,"Name: Ravi Lee | Email: kpqrnp@hospital.org | Phone: +91-7884482970 
 red skin spot with localized swelling and pus discharge; elevated temperature; no chronic rash 
 wound spot on skin with BacterialCellulitis and purulent exudate; fever noted; denies itching 
 skin spot on leg with BacterialCellulitis; warm, swollen, purulent drainage; denies bleeding mole 
 patient denies drug allergies; previous medical history non-contributory",infectious
PAT1408,"Patient: Ravi Sharma, DOB: 1977-04-26, MRN: MRN9303831 patient noticed a skin spot on arm; no itching, no bleeding, no pain, not growing, denies fever routine check of skin spot; uniform brown color, circular border; no itching, no discharge, no redness follow-up telemedicine consultation scheduled for next month http://telehealth.example.com",benign
PAT2194,"Referred by Dr. Sarah Khan; patient ID MRN8188572

flaking red skin spot; SevereItching at night; no fever, denies wound breakdown

patient noticed a red spot on skin; SevereItching with flaking scales; no infection, no fever

red skin rash with SevereItching; denies bleeding, no purulent drainage, not infected

blood pressure 120/80; heart rate regular; patient ambulatory",inflammatory
PAT2301,"Patient: Sarah Lee, DOB: 1956-04-05, MRN: MRN5718384 	 pruritic red skin rash; SevereItching not responding to lotion; denies pus discharge 	 skin rash on elbows and forearm; SevereItching and scaling redness; no pus, no fever 	 blood pressure 120/80; heart rate regular; patient ambulatory",inflammatory
PAT2699,"Referred by Dr. Meera Khan; patient ID MRN3088555 patient noticed a painful red spot on skin; pus discharge noted <br/> temp 1O1F; denies itching wound spot on skin with BacterialCellulitis and purulent exudate; fever noted; denies itching skin spot on leg with BacterialCellulitis; warm, swollen, purulent drainage; denies bleeding mole vital signs stable at intake; alert and oriented x3",infectious
PAT1111,"Name: Amit Singh | Email: jkolcs@hospital.org | Phone: +91-0561972782 	 stable skin mole present for years; no pain, no bleeding, not enlarged; denies fever, no pus 	 routine check of skin spot; uniform brown color, circular border; no itching, no discharge, no redness 	 follow-up telemedicine consultation scheduled for next month http://telehealth.example.com",benign
PAT1110,"Referred by Dr. Carlos Chen; patient ID MRN4707441 routine check of skin spot; uniform brown color, circular border; no itching, no discharge, no redness common skin mole; no redness, no pus, not tender, no changes in appearance small flesh-colored skin spot; no itching, no bleeding, not painful, completely asymptomatic 👍 patient denies drug allergies; previous medical history non-contributory",benign
PAT1769,"Patient: Priya Chen, DOB: 1952-07-16, MRN: MRN6018972

skin spot on back; |rregular bord3rs and uneven dark color variegation; no fever, no pus

RapidlyEnlarging skin spot with notched borders; no infection, denies purulent drainage

dark skin mole on shoulder; BleedingLesion after shower; no itching, no discharge, not tender

vital signs stable at intake; alert and oriented x3",malignant
PAT2962,Referred by Dr. Sarah Sharma; patient ID MRN0383576 infected skin spot with swelling and pus drainage; on Amoxici11in; denies eczema red skin spot with localized swelling and pus discharge; elevated temperature; no chronic rash wound spot on skin with BacterialCellulitis and purulent exudate; fever noted; denies itching patient denies drug allergies; previous medical history non-contributory,infectious
PAT2457,"Patient: Sarah Singh, DOB: 1963-06-12, MRN: MRN2723106 	 patient noticed a red spot on skin; SevereItching with flaking scales; no infection, no fever 	 flaking red skin spot; SevereItching at night; no fever, denies wound breakdown 	 patient denies drug allergies; previous medical history non-contributory",inflammatory
PAT2455,"Patient: Meera Smith, DOB: 1952-08-10, MRN: MRN4709207 
 flaking red skin spot; SevereItching at night; no fever, denies wound breakdown 
 red skin rash with SevereItching; denies bleeding, no purulent drainage, not infected 
 patient denies drug allergies; previous medical history non-contributory",inflammatory
PAT1852,"Name: Amit Sharma | Email: vlpcum@hospital.org | Phone: +91-7383769167 
 patient noticed a dark spot on skin; BleedingLesion and rapid growth; not painful, denies itching 
 RapidlyEnlarging skin spot with notched borders; no infection, denies purulent drainage 
 dark skin mole on shoulder; BleedingLesion after shower; no itching, no discharge, not tender 
 follow-up telemedicine consultation scheduled for next month http://telehealth.example.com",malignant
PAT2560,Name: Ravi Chen | Email: fxghcv@hospital.org | Phone: +91-2906239534 	 red skin spot with localized swelling and pus discharge; elevated temperature; no chronic rash 	 patient noticed a painful red spot on skin; pus discharge noted <br/> temp 1O1F; denies itching 	 blood pressure 120/80; heart rate regular; patient ambulatory,infectious
PAT1647,"Patient: Priya Patel, DOB: 1961-12-20, MRN: MRN2312459 	 dark skin mole on shoulder; BleedingLesion after shower; no itching, no discharge, not tender 	 patient noticed a dark spot on skin; BleedingLesion and rapid growth; not painful, denies itching 	 pigmented skin spot; not healing, changing shape; denies rash, denies fever; suspicious of MalignantMelanoma 	 reviewed lab results; hemoglobin and renal function within normal limits",malignant
PAT2508,"Referred by Dr. Meera Nguyen; patient ID MRN1169728 	 skin spot on leg with BacterialCellulitis; warm, swollen, purulent drainage; denies bleeding mole 	 red skin spot with localized swelling and pus discharge; elevated temperature; no chronic rash 	 blood pressure 120/80; heart rate regular; patient ambulatory",infectious
PAT2836,"Referred by Dr. Elena Singh; patient ID MRN6429864

red skin spot with localized swelling and pus discharge; elevated temperature; no chronic rash

skin spot on leg with BacterialCellulitis; warm, swollen, purulent drainage; denies bleeding mole

patient denies drug allergies; previous medical history non-contributory",infectious
PAT1781,"Name: Ravi Nguyen | Email: nbvcpe@hospital.org | Phone: +91-9683286498

dark skin mole on shoulder; BleedingLesion after shower; no itching, no discharge, not tender

RapidlyEnlarging skin spot with notched borders; no infection, denies purulent drainage

patient denies drug allergies; previous medical history non-contributory",malignant
PAT1652,"Name: Sarah Smith | Email: pmnzdj@hospital.org | Phone: +91-6814344118 	 new dark spot on forearm; |rregular bord3rs; no purulent drainage, not painful 	 patient noticed a dark spot on skin; BleedingLesion and rapid growth; not painful, denies itching 	 vital signs stable at intake; alert and oriented x3",malignant
PAT1083,"Name: David Nguyen | Email: zjptlp@hospital.org | Phone: +91-7465676760 
 benign skin spot on trunk; no ulceration, no bleeding, no itching, no discharge 
 patient noticed a skin spot on arm; no itching, no bleeding, no pain, not growing, denies fever 
 common skin mole; no redness, no pus, not tender, no changes in appearance 
 patient denies drug allergies; previous medical history non-contributory",benign
PAT2152,"Patient: Priya Patel, DOB: 1962-09-12, MRN: MRN5140222 	 red itchy skin spot; intense burning sensation and SevereItching; no bleeding, not oozing 	 pruritic red skin rash; SevereItching not responding to lotion; denies pus discharge 	 skin rash on elbows and forearm; SevereItching and scaling redness; no pus, no fever 	 follow-up telemedicine consultation scheduled for next month http://telehealth.example.com",inflammatory
PAT2766,"Referred by Dr. Elena Singh; patient ID MRN9876407 
 patient noticed a painful red spot on skin; pus discharge noted <br/> temp 1O1F; denies itching 
 red skin spot with localized swelling and pus discharge; elevated temperature; no chronic rash 
 wound spot on skin with BacterialCellulitis and purulent exudate; fever noted; denies itching 
 blood pressure 120/80; heart rate regular; patient ambulatory",infectious
PAT2213,"Name: Carlos Chen | Email: bccihi@hospital.org | Phone: +91-3526657386 red itchy skin spot; intense burning sensation and SevereItching; no bleeding, not oozing red skin rash with SevereItching; denies bleeding, no purulent drainage, not infected patient denies drug allergies; previous medical history non-contributory",inflammatory
PAT2135,"Name: Aisha Chen | Email: uzmlyj@hospital.org | Phone: +91-0722422378 	 red skin rash with SevereItching; denies bleeding, no purulent drainage, not infected 	 patient noticed a red spot on skin; SevereItching with flaking scales; no infection, no fever 	 patient denies drug allergies; previous medical history non-contributory",inflammatory
PAT1829,"Referred by Dr. Elena Garcia; patient ID MRN2134022 RapidlyEnlarging skin spot with notched borders; no infection, denies purulent drainage pigmented skin spot; not healing, changing shape; denies rash, denies fever; suspicious of MalignantMelanoma patient noticed a dark spot on skin; BleedingLesion and rapid growth; not painful, denies itching patient denies drug allergies; previous medical history non-contributory",malignant
PAT1547,"Patient: Aisha Patel, DOB: 1998-06-22, MRN: MRN9868038 
 skin spot on back; |rregular bord3rs and uneven dark color variegation; no fever, no pus 
 new dark spot on forearm; |rregular bord3rs; no purulent drainage, not painful 
 reviewed lab results; hemoglobin and renal function within normal limits",malignant
PAT2006,"Patient: Carlos Lee, DOB: 1989-07-07, MRN: MRN8704120 red skin rash with SevereItching; denies bleeding, no purulent drainage, not infected flaking red skin spot; SevereItching at night; no fever, denies wound breakdown red itchy skin spot; intense burning sensation and SevereItching; no bleeding, not oozing patient advised on proper hydration and daily sunscreen application",inflammatory
PAT2046,"Name: Carlos Khan | Email: fjleog@hospital.org | Phone: +91-0394378180 
 pruritic red skin rash; SevereItching not responding to lotion; denies pus discharge 
 flaking red skin spot; SevereItching at night; no fever, denies wound breakdown 
 follow-up telemedicine consultation scheduled for next month http://telehealth.example.com",inflammatory
PAT1974,"Patient: Carlos Patel, DOB: 1952-10-21, MRN: MRN8521441 pigmented skin spot; not healing, changing shape; denies rash, denies fever; suspicious of MalignantMelanoma new dark spot on forearm; |rregular bord3rs; no purulent drainage, not painful blood pressure 120/80; heart rate regular; patient ambulatory",malignant
PAT2529,"Name: Elena Smith | Email: ggnlaq@hospital.org | Phone: +91-9445906545 	 painful infected skin spot; yellow pus drainage, temp 1O1F, started on Amoxici11in 500mg; no flaking 	 infected skin spot with swelling and pus drainage; on Amoxici11in; denies eczema 	 vital signs stable at intake; alert and oriented x3",infectious
PAT1590,"Name: Priya Garcia | Email: jgqqda@hospital.org | Phone: +91-1178136785 	 RapidlyEnlarging skin spot with notched borders; no infection, denies purulent drainage 	 pigmented skin spot; not healing, changing shape; denies rash, denies fever; suspicious of MalignantMelanoma 	 vital signs stable at intake; alert and oriented x3",malignant
PAT1161,"Referred by Dr. Priya Smith; patient ID MRN4926132 
 patient noticed a skin spot on arm; no itching, no bleeding, no pain, not growing, denies fever 
 small flesh-colored skin spot; no itching, no bleeding, not painful, completely asymptomatic 👍 
 stable skin mole present for years; no pain, no bleeding, not enlarged; denies fever, no pus 
 reviewed lab results; hemoglobin and renal function within normal limits",benign
PAT1491,"Patient: Aisha Garcia, DOB: 1999-05-07, MRN: MRN4709514 	 small flesh-colored skin spot; no itching, no bleeding, not painful, completely asymptomatic 👍 	 routine check of skin spot; uniform brown color, circular border; no itching, no discharge, no redness 	 vital signs stable at intake; alert and oriented x3",benign
PAT1998,"Referred by Dr. Carlos Nguyen; patient ID MRN9645458 dark skin mole on shoulder; BleedingLesion after shower; no itching, no discharge, not tender pigmented skin spot; not healing, changing shape; denies rash, denies fever; suspicious of MalignantMelanoma RapidlyEnlarging skin spot with notched borders; no infection, denies purulent drainage follow-up telemedicine consultation scheduled for next month http://telehealth.example.com",malignant
PAT2288,"Name: David Garcia | Email: ddqeau@hospital.org | Phone: +91-0865300263

patient noticed a red spot on skin; SevereItching with flaking scales; no infection, no fever

flaking red skin spot; SevereItching at night; no fever, denies wound breakdown

red skin rash with SevereItching; denies bleeding, no purulent drainage, not infected

reviewed lab results; hemoglobin and renal function within normal limits",inflammatory
PAT2374,"Patient: John Singh, DOB: 1956-06-13, MRN: MRN6563136

pruritic red skin rash; SevereItching not responding to lotion; denies pus discharge

red itchy skin spot; intense burning sensation and SevereItching; no bleeding, not oozing

red skin rash with SevereItching; denies bleeding, no purulent drainage, not infected

follow-up telemedicine consultation scheduled for next month http://telehealth.example.com",inflammatory
PAT1549,"Referred by Dr. John Khan; patient ID MRN6533222

RapidlyEnlarging skin spot with notched borders; no infection, denies purulent drainage

new dark spot on forearm; |rregular bord3rs; no purulent drainage, not painful

dark skin mole on shoulder; BleedingLesion after shower; no itching, no discharge, not tender

patient denies drug allergies; previous medical history non-contributory",malignant
PAT2442,"Patient: Ravi Singh, DOB: 1969-06-17, MRN: MRN3206958 
 red itchy skin spot; intense burning sensation and SevereItching; no bleeding, not oozing 
 pruritic red skin rash; SevereItching not responding to lotion; denies pus discharge 
 flaking red skin spot; SevereItching at night; no fever, denies wound breakdown 
 patient denies drug allergies; previous medical history non-contributory",inflammatory
PAT1948,"Name: Sarah Nguyen | Email: tzsxsi@hospital.org | Phone: +91-6409605265 
 dark skin mole on shoulder; BleedingLesion after shower; no itching, no discharge, not tender 
 skin spot on back; |rregular bord3rs and uneven dark color variegation; no fever, no pus 
 new dark spot on forearm; |rregular bord3rs; no purulent drainage, not painful 
 vital signs stable at intake; alert and oriented x3",malignant
PAT1849,"Patient: Priya Nguyen, DOB: 1952-02-22, MRN: MRN4706235

patient noticed a dark spot on skin; BleedingLesion and rapid growth; not painful, denies itching

skin spot on back; |rregular bord3rs and uneven dark color variegation; no fever, no pus

dark skin mole on shoulder; BleedingLesion after shower; no itching, no discharge, not tender

follow-up telemedicine consultation scheduled for next month http://telehealth.example.com",malignant
PAT2131,"Name: Meera Sharma | Email: rwczrx@hospital.org | Phone: +91-5323568209

red skin rash with SevereItching; denies bleeding, no purulent drainage, not infected

skin rash on elbows and forearm; SevereItching and scaling redness; no pus, no fever

patient advised on proper hydration and daily sunscreen application",inflammatory
PAT1049,"Referred by Dr. Carlos Singh; patient ID MRN5808194

small flesh-colored skin spot; no itching, no bleeding, not painful, completely asymptomatic 👍

stable skin mole present for years; no pain, no bleeding, not enlarged; denies fever, no pus

patient denies drug allergies; previous medical history non-contributory",benign
PAT2350,"Patient: Sarah Garcia, DOB: 1958-07-15, MRN: MRN8823778 	 pruritic red skin rash; SevereItching not responding to lotion; denies pus discharge 	 red itchy skin spot; intense burning sensation and SevereItching; no bleeding, not oozing 	 reviewed lab results; hemoglobin and renal function within normal limits",inflammatory
PAT1596,"Referred by Dr. Aisha Patel; patient ID MRN4718457 	 RapidlyEnlarging skin spot with notched borders; no infection, denies purulent drainage 	 patient noticed a dark spot on skin; BleedingLesion and rapid growth; not painful, denies itching 	 new dark spot on forearm; |rregular bord3rs; no purulent drainage, not painful 	 vital signs stable at intake; alert and oriented x3",malignant
PAT2685,"Patient: John Chen, DOB: 1983-09-03, MRN: MRN7813842

painful infected skin spot; yellow pus drainage, temp 1O1F, started on Amoxici11in 500mg; no flaking

patient noticed a painful red spot on skin; pus discharge noted <br/> temp 1O1F; denies itching

wound spot on skin with BacterialCellulitis and purulent exudate; fever noted; denies itching

follow-up telemedicine consultation scheduled for next month http://telehealth.example.com",infectious
PAT1236,"Referred by Dr. Sarah Nguyen; patient ID MRN1240285 stable skin mole present for years; no pain, no bleeding, not enlarged; denies fever, no pus small flesh-colored skin spot; no itching, no bleeding, not painful, completely asymptomatic 👍 benign skin spot on trunk; no ulceration, no bleeding, no itching, no discharge patient advised on proper hydration and daily sunscreen application",benign
PAT1426,"Name: David Nguyen | Email: iaaxcb@hospital.org | Phone: +91-2984310300

small flesh-colored skin spot; no itching, no bleeding, not painful, completely asymptomatic 👍

stable skin mole present for years; no pain, no bleeding, not enlarged; denies fever, no pus

routine check of skin spot; uniform brown color, circular border; no itching, no discharge, no redness

vital signs stable at intake; alert and oriented x3",benign
PAT2658,"Referred by Dr. Amit Chen; patient ID MRN1269440 
 painful infected skin spot; yellow pus drainage, temp 1O1F, started on Amoxici11in 500mg; no flaking 
 skin spot on leg with BacterialCellulitis; warm, swollen, purulent drainage; denies bleeding mole 
 red skin spot with localized swelling and pus discharge; elevated temperature; no chronic rash 
 patient denies drug allergies; previous medical history non-contributory",infectious
PAT1424,"Patient: Meera Khan, DOB: 1997-03-15, MRN: MRN6765420

stable skin mole present for years; no pain, no bleeding, not enlarged; denies fever, no pus

patient noticed a skin spot on arm; no itching, no bleeding, no pain, not growing, denies fever

blood pressure 120/80; heart rate regular; patient ambulatory",benign
PAT2134,"Referred by Dr. Ravi Singh; patient ID MRN1836633

patient noticed a red spot on skin; SevereItching with flaking scales; no infection, no fever

flaking red skin spot; SevereItching at night; no fever, denies wound breakdown

blood pressure 120/80; heart rate regular; patient ambulatory",inflammatory
PAT1505,"Referred by Dr. Amit Miller; patient ID MRN8931916 	 pigmented skin spot; not healing, changing shape; denies rash, denies fever; suspicious of MalignantMelanoma 	 new dark spot on forearm; |rregular bord3rs; no purulent drainage, not painful 	 RapidlyEnlarging skin spot with notched borders; no infection, denies purulent drainage 	 follow-up telemedicine consultation scheduled for next month http://telehealth.example.com",malignant
PAT1751,"Patient: Sarah Lee, DOB: 1991-12-23, MRN: MRN5398981

new dark spot on forearm; |rregular bord3rs; no purulent drainage, not painful

RapidlyEnlarging skin spot with notched borders; no infection, denies purulent drainage

vital signs stable at intake; alert and oriented x3",malignant
PAT2202,"Referred by Dr. Aisha Garcia; patient ID MRN2150551 patient noticed a red spot on skin; SevereItching with flaking scales; no infection, no fever pruritic red skin rash; SevereItching not responding to lotion; denies pus discharge red skin rash with SevereItching; denies bleeding, no purulent drainage, not infected follow-up telemedicine consultation scheduled for next month http://telehealth.example.com",inflammatory
PAT2746,"Name: Ravi Patel | Email: dpwklp@hospital.org | Phone: +91-5229654559 
 wound spot on skin with BacterialCellulitis and purulent exudate; fever noted; denies itching 
 red skin spot with localized swelling and pus discharge; elevated temperature; no chronic rash 
 vital signs stable at intake; alert and oriented x3",infectious
PAT1376,"Referred by Dr. Amit Lee; patient ID MRN3548104 
 small flesh-colored skin spot; no itching, no bleeding, not painful, completely asymptomatic 👍 
 common skin mole; no redness, no pus, not tender, no changes in appearance 
 reviewed lab results; hemoglobin and renal function within normal limits",benign
PAT1328,"Referred by Dr. Aisha Chen; patient ID MRN7808986 	 benign skin spot on trunk; no ulceration, no bleeding, no itching, no discharge 	 routine check of skin spot; uniform brown color, circular border; no itching, no discharge, no redness 	 stable skin mole present for years; no pain, no bleeding, not enlarged; denies fever, no pus 	 vital signs stable at intake; alert and oriented x3",benign
PAT2857,"Name: Sarah Chen | Email: lazkqv@hospital.org | Phone: +91-8640140521

wound spot on skin with BacterialCellulitis and purulent exudate; fever noted; denies itching

red skin spot with localized swelling and pus discharge; elevated temperature; no chronic rash

patient advised on proper hydration and daily sunscreen application",infectious
PAT2642,"Referred by Dr. Aisha Smith; patient ID MRN5250419 	 painful infected skin spot; yellow pus drainage, temp 1O1F, started on Amoxici11in 500mg; no flaking 	 red skin spot with localized swelling and pus discharge; elevated temperature; no chronic rash 	 patient noticed a painful red spot on skin; pus discharge noted <br/> temp 1O1F; denies itching 	 blood pressure 120/80; heart rate regular; patient ambulatory",infectious
PAT1399,"Name: Priya Sharma | Email: ulxybs@hospital.org | Phone: +91-2889247654

benign skin spot on trunk; no ulceration, no bleeding, no itching, no discharge

common skin mole; no redness, no pus, not tender, no changes in appearance

follow-up telemedicine consultation scheduled for next month http://telehealth.example.com",benign
PAT1914,"Name: David Miller | Email: yyrsjh@hospital.org | Phone: +91-7847641629 new dark spot on forearm; |rregular bord3rs; no purulent drainage, not painful skin spot on back; |rregular bord3rs and uneven dark color variegation; no fever, no pus reviewed lab results; hemoglobin and renal function within normal limits",malignant
PAT1021,"Referred by Dr. Aisha Miller; patient ID MRN5494433

benign skin spot on trunk; no ulceration, no bleeding, no itching, no discharge

routine check of skin spot; uniform brown color, circular border; no itching, no discharge, no redness

vital signs stable at intake; alert and oriented x3",benign
PAT2198,"Referred by Dr. Sarah Garcia; patient ID MRN7441385 	 red itchy skin spot; intense burning sensation and SevereItching; no bleeding, not oozing 	 patient noticed a red spot on skin; SevereItching with flaking scales; no infection, no fever 	 red skin rash with SevereItching; denies bleeding, no purulent drainage, not infected 	 follow-up telemedicine consultation scheduled for next month http://telehealth.example.com",inflammatory
PAT1133,"Patient: John Sharma, DOB: 1973-08-02, MRN: MRN7316795 	 small flesh-colored skin spot; no itching, no bleeding, not painful, completely asymptomatic 👍 	 stable skin mole present for years; no pain, no bleeding, not enlarged; denies fever, no pus 	 routine check of skin spot; uniform brown color, circular border; no itching, no discharge, no redness 	 blood pressure 120/80; heart rate regular; patient ambulatory",benign
PAT2987,"Name: Aisha Patel | Email: rzumef@hospital.org | Phone: +91-8426240492 red skin spot with localized swelling and pus discharge; elevated temperature; no chronic rash infected skin spot with swelling and pus drainage; on Amoxici11in; denies eczema painful infected skin spot; yellow pus drainage, temp 1O1F, started on Amoxici11in 500mg; no flaking blood pressure 120/80; heart rate regular; patient ambulatory",infectious
PAT2949,"Patient: John Miller, DOB: 1963-07-10, MRN: MRN4664516 infected skin spot with swelling and pus drainage; on Amoxici11in; denies eczema skin spot on leg with BacterialCellulitis; warm, swollen, purulent drainage; denies bleeding mole wound spot on skin with BacterialCellulitis and purulent exudate; fever noted; denies itching patient advised on proper hydration and daily sunscreen application",infectious
PAT2309,"Patient: Elena Lee, DOB: 1976-02-19, MRN: MRN0595526

skin rash on elbows and forearm; SevereItching and scaling redness; no pus, no fever

flaking red skin spot; SevereItching at night; no fever, denies wound breakdown

reviewed lab results; hemoglobin and renal function within normal limits",inflammatory
PAT1157,"Patient: Sarah Patel, DOB: 1986-12-05, MRN: MRN9867571 	 small flesh-colored skin spot; no itching, no bleeding, not painful, completely asymptomatic 👍 	 benign skin spot on trunk; no ulceration, no bleeding, no itching, no discharge 	 routine check of skin spot; uniform brown color, circular border; no itching, no discharge, no redness 	 blood pressure 120/80; heart rate regular; patient ambulatory",benign
PAT1800,"Patient: Aisha Lee, DOB: 1958-01-08, MRN: MRN0804774 RapidlyEnlarging skin spot with notched borders; no infection, denies purulent drainage patient noticed a dark spot on skin; BleedingLesion and rapid growth; not painful, denies itching blood pressure 120/80; heart rate regular; patient ambulatory",malignant
PAT1163,"Patient: Aisha Smith, DOB: 2002-10-08, MRN: MRN6503571 
 stable skin mole present for years; no pain, no bleeding, not enlarged; denies fever, no pus 
 small flesh-colored skin spot; no itching, no bleeding, not painful, completely asymptomatic 👍 
 patient advised on proper hydration and daily sunscreen application",benign
PAT1812,"Name: Ravi Chen | Email: vqxddq@hospital.org | Phone: +91-1136997401 
 dark skin mole on shoulder; BleedingLesion after shower; no itching, no discharge, not tender 
 new dark spot on forearm; |rregular bord3rs; no purulent drainage, not painful 
 RapidlyEnlarging skin spot with notched borders; no infection, denies purulent drainage 
 reviewed lab results; hemoglobin and renal function within normal limits",malignant
PAT1356,"Name: David Chen | Email: vlavyq@hospital.org | Phone: +91-2390320945

common skin mole; no redness, no pus, not tender, no changes in appearance

patient noticed a skin spot on arm; no itching, no bleeding, no pain, not growing, denies fever

vital signs stable at intake; alert and oriented x3",benign
PAT2594,"Referred by Dr. Elena Nguyen; patient ID MRN2242772 
 painful infected skin spot; yellow pus drainage, temp 1O1F, started on Amoxici11in 500mg; no flaking 
 skin spot on leg with BacterialCellulitis; warm, swollen, purulent drainage; denies bleeding mole 
 wound spot on skin with BacterialCellulitis and purulent exudate; fever noted; denies itching 
 follow-up telemedicine consultation scheduled for next month http://telehealth.example.com",infectious
PAT1366,"Name: Amit Chen | Email: hsggfg@hospital.org | Phone: +91-7269423238

stable skin mole present for years; no pain, no bleeding, not enlarged; denies fever, no pus

common skin mole; no redness, no pus, not tender, no changes in appearance

routine check of skin spot; uniform brown color, circular border; no itching, no discharge, no redness

reviewed lab results; hemoglobin and renal function within normal limits",benign
PAT2419,"Patient: Priya Singh, DOB: 1965-06-02, MRN: MRN9163352 	 skin rash on elbows and forearm; SevereItching and scaling redness; no pus, no fever 	 pruritic red skin rash; SevereItching not responding to lotion; denies pus discharge 	 red skin rash with SevereItching; denies bleeding, no purulent drainage, not infected 	 reviewed lab results; hemoglobin and renal function within normal limits",inflammatory
PAT1820,"Patient: Priya Patel, DOB: 2005-07-16, MRN: MRN9589317 
 patient noticed a dark spot on skin; BleedingLesion and rapid growth; not painful, denies itching 
 dark skin mole on shoulder; BleedingLesion after shower; no itching, no discharge, not tender 
 RapidlyEnlarging skin spot with notched borders; no infection, denies purulent drainage 
 patient advised on proper hydration and daily sunscreen application",malignant
PAT1802,"Patient: Aisha Sharma, DOB: 1959-08-25, MRN: MRN5114673 	 patient noticed a dark spot on skin; BleedingLesion and rapid growth; not painful, denies itching 	 skin spot on back; |rregular bord3rs and uneven dark color variegation; no fever, no pus 	 pigmented skin spot; not healing, changing shape; denies rash, denies fever; suspicious of MalignantMelanoma 	 reviewed lab results; hemoglobin and renal function within normal limits",malignant
PAT2631,"Referred by Dr. Aisha Patel; patient ID MRN1285836

painful infected skin spot; yellow pus drainage, temp 1O1F, started on Amoxici11in 500mg; no flaking

patient noticed a painful red spot on skin; pus discharge noted <br/> temp 1O1F; denies itching

red skin spot with localized swelling and pus discharge; elevated temperature; no chronic rash

patient advised on proper hydration and daily sunscreen application",infectious
PAT2062,"Name: Elena Chen | Email: rcymnq@hospital.org | Phone: +91-4562895271

flaking red skin spot; SevereItching at night; no fever, denies wound breakdown

pruritic red skin rash; SevereItching not responding to lotion; denies pus discharge

follow-up telemedicine consultation scheduled for next month http://telehealth.example.com",inflammatory
PAT2755,"Referred by Dr. John Patel; patient ID MRN9825792

skin spot on leg with BacterialCellulitis; warm, swollen, purulent drainage; denies bleeding mole

red skin spot with localized swelling and pus discharge; elevated temperature; no chronic rash

patient noticed a painful red spot on skin; pus discharge noted <br/> temp 1O1F; denies itching

patient denies drug allergies; previous medical history non-contributory",infectious
PAT2082,"Referred by Dr. Amit Singh; patient ID MRN4226443 	 patient noticed a red spot on skin; SevereItching with flaking scales; no infection, no fever 	 flaking red skin spot; SevereItching at night; no fever, denies wound breakdown 	 skin rash on elbows and forearm; SevereItching and scaling redness; no pus, no fever 	 patient denies drug allergies; previous medical history non-contributory",inflammatory
PAT1722,"Name: Aisha Nguyen | Email: owpnwf@hospital.org | Phone: +91-4227661057 
 skin spot on back; |rregular bord3rs and uneven dark color variegation; no fever, no pus 
 new dark spot on forearm; |rregular bord3rs; no purulent drainage, not painful 
 follow-up telemedicine consultation scheduled for next month http://telehealth.example.com",malignant
PAT2008,"Name: Carlos Lee | Email: uutyzy@hospital.org | Phone: +91-0393999266

red skin rash with SevereItching; denies bleeding, no purulent drainage, not infected

red itchy skin spot; intense burning sensation and SevereItching; no bleeding, not oozing

patient noticed a red spot on skin; SevereItching with flaking scales; no infection, no fever

follow-up telemedicine consultation scheduled for next month http://telehealth.example.com",inflammatory
PAT1311,"Patient: Carlos Nguyen, DOB: 1989-09-15, MRN: MRN5010712 
 benign skin spot on trunk; no ulceration, no bleeding, no itching, no discharge 
 routine check of skin spot; uniform brown color, circular border; no itching, no discharge, no redness 
 common skin mole; no redness, no pus, not tender, no changes in appearance 
 patient denies drug allergies; previous medical history non-contributory",benign
PAT1324,"Patient: John Singh, DOB: 1980-08-03, MRN: MRN1067166 common skin mole; no redness, no pus, not tender, no changes in appearance stable skin mole present for years; no pain, no bleeding, not enlarged; denies fever, no pus vital signs stable at intake; alert and oriented x3",benign
PAT2922,Name: Elena Smith | Email: zosawt@hospital.org | Phone: +91-0633028524 wound spot on skin with BacterialCellulitis and purulent exudate; fever noted; denies itching infected skin spot with swelling and pus drainage; on Amoxici11in; denies eczema reviewed lab results; hemoglobin and renal function within normal limits,infectious
PAT2797,"Name: Amit Smith | Email: pwjmqm@hospital.org | Phone: +91-2974168763 
 wound spot on skin with BacterialCellulitis and purulent exudate; fever noted; denies itching 
 infected skin spot with swelling and pus drainage; on Amoxici11in; denies eczema 
 follow-up telemedicine consultation scheduled for next month http://telehealth.example.com",infectious
PAT1901,"Name: Ravi Sharma | Email: gviiov@hospital.org | Phone: +91-0151017532

pigmented skin spot; not healing, changing shape; denies rash, denies fever; suspicious of MalignantMelanoma

skin spot on back; |rregular bord3rs and uneven dark color variegation; no fever, no pus

RapidlyEnlarging skin spot with notched borders; no infection, denies purulent drainage

patient denies drug allergies; previous medical history non-contributory",malignant
PAT1868,"Referred by Dr. Ravi Chen; patient ID MRN2944715

skin spot on back; |rregular bord3rs and uneven dark color variegation; no fever, no pus

dark skin mole on shoulder; BleedingLesion after shower; no itching, no discharge, not tender

reviewed lab results; hemoglobin and renal function within normal limits",malignant
PAT2402,"Patient: Carlos Lee, DOB: 1965-01-22, MRN: MRN8508810

skin rash on elbows and forearm; SevereItching and scaling redness; no pus, no fever

red itchy skin spot; intense burning sensation and SevereItching; no bleeding, not oozing

follow-up telemedicine consultation scheduled for next month http://telehealth.example.com",inflammatory
PAT1353,"Referred by Dr. Ravi Nguyen; patient ID MRN7367158

stable skin mole present for years; no pain, no bleeding, not enlarged; denies fever, no pus

benign skin spot on trunk; no ulceration, no bleeding, no itching, no discharge

patient noticed a skin spot on arm; no itching, no bleeding, no pain, not growing, denies fever

patient denies drug allergies; previous medical history non-contributory",benign
PAT2533,"Patient: Priya Lee, DOB: 1979-12-04, MRN: MRN7849459 	 infected skin spot with swelling and pus drainage; on Amoxici11in; denies eczema 	 wound spot on skin with BacterialCellulitis and purulent exudate; fever noted; denies itching 	 patient denies drug allergies; previous medical history non-contributory",infectious
PAT1300,"Referred by Dr. Ravi Sharma; patient ID MRN5468417 benign skin spot on trunk; no ulceration, no bleeding, no itching, no discharge stable skin mole present for years; no pain, no bleeding, not enlarged; denies fever, no pus reviewed lab results; hemoglobin and renal function within normal limits",benign
PAT2185,"Name: Priya Smith | Email: cjzokk@hospital.org | Phone: +91-8798038058 pruritic red skin rash; SevereItching not responding to lotion; denies pus discharge skin rash on elbows and forearm; SevereItching and scaling redness; no pus, no fever red skin rash with SevereItching; denies bleeding, no purulent drainage, not infected reviewed lab results; hemoglobin and renal function within normal limits",inflammatory
PAT2583,"Patient: Ravi Lee, DOB: 1991-02-22, MRN: MRN5822685 
 patient noticed a painful red spot on skin; pus discharge noted <br/> temp 1O1F; denies itching 
 infected skin spot with swelling and pus drainage; on Amoxici11in; denies eczema 
 painful infected skin spot; yellow pus drainage, temp 1O1F, started on Amoxici11in 500mg; no flaking 
 reviewed lab results; hemoglobin and renal function within normal limits",infectious
PAT1459,"Name: Meera Khan | Email: qripgf@hospital.org | Phone: +91-9798459375 
 patient noticed a skin spot on arm; no itching, no bleeding, no pain, not growing, denies fever 
 small flesh-colored skin spot; no itching, no bleeding, not painful, completely asymptomatic 👍 
 patient denies drug allergies; previous medical history non-contributory",benign
PAT1264,"Name: Carlos Khan | Email: avfhoi@hospital.org | Phone: +91-6401458511 	 small flesh-colored skin spot; no itching, no bleeding, not painful, completely asymptomatic 👍 	 patient noticed a skin spot on arm; no itching, no bleeding, no pain, not growing, denies fever 	 stable skin mole present for years; no pain, no bleeding, not enlarged; denies fever, no pus 	 reviewed lab results; hemoglobin and renal function within normal limits",benign
PAT2810,"Patient: Elena Smith, DOB: 1980-09-12, MRN: MRN0293902 red skin spot with localized swelling and pus discharge; elevated temperature; no chronic rash patient noticed a painful red spot on skin; pus discharge noted <br/> temp 1O1F; denies itching wound spot on skin with BacterialCellulitis and purulent exudate; fever noted; denies itching vital signs stable at intake; alert and oriented x3",infectious
PAT1169,"Referred by Dr. Carlos Smith; patient ID MRN2346498 
 routine check of skin spot; uniform brown color, circular border; no itching, no discharge, no redness 
 small flesh-colored skin spot; no itching, no bleeding, not painful, completely asymptomatic 👍 
 common skin mole; no redness, no pus, not tender, no changes in appearance 
 follow-up telemedicine consultation scheduled for next month http://telehealth.example.com",benign
PAT2296,"Referred by Dr. David Miller; patient ID MRN0870628

red skin rash with SevereItching; denies bleeding, no purulent drainage, not infected

flaking red skin spot; SevereItching at night; no fever, denies wound breakdown

patient noticed a red spot on skin; SevereItching with flaking scales; no infection, no fever

follow-up telemedicine consultation scheduled for next month http://telehealth.example.com",inflammatory
PAT1962,"Referred by Dr. Ravi Khan; patient ID MRN5067530 	 patient noticed a dark spot on skin; BleedingLesion and rapid growth; not painful, denies itching 	 new dark spot on forearm; |rregular bord3rs; no purulent drainage, not painful 	 RapidlyEnlarging skin spot with notched borders; no infection, denies purulent drainage 	 reviewed lab results; hemoglobin and renal function within normal limits",malignant
PAT1107,"Patient: Ravi Garcia, DOB: 1954-12-11, MRN: MRN0857257 
 small flesh-colored skin spot; no itching, no bleeding, not painful, completely asymptomatic 👍 
 benign skin spot on trunk; no ulceration, no bleeding, no itching, no discharge 
 reviewed lab results; hemoglobin and renal function within normal limits",benign
PAT2928,"Referred by Dr. Priya Sharma; patient ID MRN3284559

painful infected skin spot; yellow pus drainage, temp 1O1F, started on Amoxici11in 500mg; no flaking

infected skin spot with swelling and pus drainage; on Amoxici11in; denies eczema

patient denies drug allergies; previous medical history non-contributory",infectious
PAT2988,"Name: David Singh | Email: cpxrwp@hospital.org | Phone: +91-8060253683 
 red skin spot with localized swelling and pus discharge; elevated temperature; no chronic rash 
 infected skin spot with swelling and pus drainage; on Amoxici11in; denies eczema 
 follow-up telemedicine consultation scheduled for next month http://telehealth.example.com",infectious
PAT2026,"Patient: Priya Singh, DOB: 1963-12-01, MRN: MRN1740004

red itchy skin spot; intense burning sensation and SevereItching; no bleeding, not oozing

red skin rash with SevereItching; denies bleeding, no purulent drainage, not infected

patient advised on proper hydration and daily sunscreen application",inflammatory
PAT2762,"Name: Meera Patel | Email: dwvrqq@hospital.org | Phone: +91-8645580850 	 painful infected skin spot; yellow pus drainage, temp 1O1F, started on Amoxici11in 500mg; no flaking 	 skin spot on leg with BacterialCellulitis; warm, swollen, purulent drainage; denies bleeding mole 	 patient noticed a painful red spot on skin; pus discharge noted <br/> temp 1O1F; denies itching 	 vital signs stable at intake; alert and oriented x3",infectious
PAT1122,"Name: Sarah Lee | Email: rjizkv@hospital.org | Phone: +91-4423115134

patient noticed a skin spot on arm; no itching, no bleeding, no pain, not growing, denies fever

routine check of skin spot; uniform brown color, circular border; no itching, no discharge, no redness

patient denies drug allergies; previous medical history non-contributory",benign
PAT2700,Name: Carlos Smith | Email: hixufy@hospital.org | Phone: +91-9498633806 infected skin spot with swelling and pus drainage; on Amoxici11in; denies eczema patient noticed a painful red spot on skin; pus discharge noted <br/> temp 1O1F; denies itching vital signs stable at intake; alert and oriented x3,infectious
PAT1048,"Name: Ravi Khan | Email: guwehr@hospital.org | Phone: +91-5228471194 
 benign skin spot on trunk; no ulceration, no bleeding, no itching, no discharge 
 common skin mole; no redness, no pus, not tender, no changes in appearance 
 reviewed lab results; hemoglobin and renal function within normal limits",benign
PAT1448,"Referred by Dr. Carlos Smith; patient ID MRN7779276 
 benign skin spot on trunk; no ulceration, no bleeding, no itching, no discharge 
 stable skin mole present for years; no pain, no bleeding, not enlarged; denies fever, no pus 
 routine check of skin spot; uniform brown color, circular border; no itching, no discharge, no redness 
 blood pressure 120/80; heart rate regular; patient ambulatory",benign
PAT1326,"Referred by Dr. Sarah Lee; patient ID MRN5552743 
 stable skin mole present for years; no pain, no bleeding, not enlarged; denies fever, no pus 
 routine check of skin spot; uniform brown color, circular border; no itching, no discharge, no redness 
 follow-up telemedicine consultation scheduled for next month http://telehealth.example.com",benign
PAT1837,"Name: Priya Chen | Email: arjnim@hospital.org | Phone: +91-0223095055 	 patient noticed a dark spot on skin; BleedingLesion and rapid growth; not painful, denies itching 	 pigmented skin spot; not healing, changing shape; denies rash, denies fever; suspicious of MalignantMelanoma 	 patient advised on proper hydration and daily sunscreen application",malignant
PAT2801,"Referred by Dr. Priya Patel; patient ID MRN7481875 	 red skin spot with localized swelling and pus discharge; elevated temperature; no chronic rash 	 skin spot on leg with BacterialCellulitis; warm, swollen, purulent drainage; denies bleeding mole 	 wound spot on skin with BacterialCellulitis and purulent exudate; fever noted; denies itching 	 vital signs stable at intake; alert and oriented x3",infectious
PAT2193,"Referred by Dr. Aisha Garcia; patient ID MRN9889621 pruritic red skin rash; SevereItching not responding to lotion; denies pus discharge skin rash on elbows and forearm; SevereItching and scaling redness; no pus, no fever red itchy skin spot; intense burning sensation and SevereItching; no bleeding, not oozing vital signs stable at intake; alert and oriented x3",inflammatory
PAT2412,"Referred by Dr. David Singh; patient ID MRN6399707 	 patient noticed a red spot on skin; SevereItching with flaking scales; no infection, no fever 	 pruritic red skin rash; SevereItching not responding to lotion; denies pus discharge 	 vital signs stable at intake; alert and oriented x3",inflammatory
PAT2805,"Patient: Amit Singh, DOB: 1963-08-03, MRN: MRN2734215 	 red skin spot with localized swelling and pus discharge; elevated temperature; no chronic rash 	 wound spot on skin with BacterialCellulitis and purulent exudate; fever noted; denies itching 	 painful infected skin spot; yellow pus drainage, temp 1O1F, started on Amoxici11in 500mg; no flaking 	 reviewed lab results; hemoglobin and renal function within normal limits",infectious
PAT1059,"Name: Elena Smith | Email: sigput@hospital.org | Phone: +91-0082188644

patient noticed a skin spot on arm; no itching, no bleeding, no pain, not growing, denies fever

routine check of skin spot; uniform brown color, circular border; no itching, no discharge, no redness

blood pressure 120/80; heart rate regular; patient ambulatory",benign
PAT2901,"Name: Elena Smith | Email: pucbgz@hospital.org | Phone: +91-2858290421

infected skin spot with swelling and pus drainage; on Amoxici11in; denies eczema

skin spot on leg with BacterialCellulitis; warm, swollen, purulent drainage; denies bleeding mole

vital signs stable at intake; alert and oriented x3",infectious
PAT1624,"Name: Sarah Singh | Email: syiecm@hospital.org | Phone: +91-6127160996 new dark spot on forearm; |rregular bord3rs; no purulent drainage, not painful RapidlyEnlarging skin spot with notched borders; no infection, denies purulent drainage patient noticed a dark spot on skin; BleedingLesion and rapid growth; not painful, denies itching follow-up telemedicine consultation scheduled for next month http://telehealth.example.com",malignant
PAT1775,"Name: Ravi Miller | Email: zwhfkh@hospital.org | Phone: +91-9947890378

RapidlyEnlarging skin spot with notched borders; no infection, denies purulent drainage

skin spot on back; |rregular bord3rs and uneven dark color variegation; no fever, no pus

dark skin mole on shoulder; BleedingLesion after shower; no itching, no discharge, not tender

blood pressure 120/80; heart rate regular; patient ambulatory",malignant
PAT2406,"Patient: Sarah Lee, DOB: 1979-06-24, MRN: MRN7739461 patient noticed a red spot on skin; SevereItching with flaking scales; no infection, no fever pruritic red skin rash; SevereItching not responding to lotion; denies pus discharge follow-up telemedicine consultation scheduled for next month http://telehealth.example.com",inflammatory
PAT2447,"Name: Carlos Singh | Email: nsdoci@hospital.org | Phone: +91-8926166970 
 red itchy skin spot; intense burning sensation and SevereItching; no bleeding, not oozing 
 flaking red skin spot; SevereItching at night; no fever, denies wound breakdown 
 blood pressure 120/80; heart rate regular; patient ambulatory",inflammatory
PAT2003,"Referred by Dr. Amit Garcia; patient ID MRN3506068

pruritic red skin rash; SevereItching not responding to lotion; denies pus discharge

red itchy skin spot; intense burning sensation and SevereItching; no bleeding, not oozing

red skin rash with SevereItching; denies bleeding, no purulent drainage, not infected

follow-up telemedicine consultation scheduled for next month http://telehealth.example.com",inflammatory
PAT1816,"Patient: Meera Smith, DOB: 1962-08-06, MRN: MRN0264681 
 RapidlyEnlarging skin spot with notched borders; no infection, denies purulent drainage 
 new dark spot on forearm; |rregular bord3rs; no purulent drainage, not painful 
 skin spot on back; |rregular bord3rs and uneven dark color variegation; no fever, no pus 
 reviewed lab results; hemoglobin and renal function within normal limits",malignant
PAT1890,"Referred by Dr. David Singh; patient ID MRN2566258 	 dark skin mole on shoulder; BleedingLesion after shower; no itching, no discharge, not tender 	 skin spot on back; |rregular bord3rs and uneven dark color variegation; no fever, no pus 	 RapidlyEnlarging skin spot with notched borders; no infection, denies purulent drainage 	 reviewed lab results; hemoglobin and renal function within normal limits",malignant
PAT2492,"Patient: Carlos Smith, DOB: 1954-04-19, MRN: MRN3810198 patient noticed a red spot on skin; SevereItching with flaking scales; no infection, no fever red itchy skin spot; intense burning sensation and SevereItching; no bleeding, not oozing patient advised on proper hydration and daily sunscreen application",inflammatory
PAT2017,"Name: Elena Sharma | Email: gfmxoi@hospital.org | Phone: +91-4793539729 red skin rash with SevereItching; denies bleeding, no purulent drainage, not infected red itchy skin spot; intense burning sensation and SevereItching; no bleeding, not oozing patient advised on proper hydration and daily sunscreen application",inflammatory
PAT2427,"Patient: David Singh, DOB: 1995-03-16, MRN: MRN9059759 	 flaking red skin spot; SevereItching at night; no fever, denies wound breakdown 	 red itchy skin spot; intense burning sensation and SevereItching; no bleeding, not oozing 	 patient advised on proper hydration and daily sunscreen application",inflammatory
PAT1117,"Referred by Dr. Elena Singh; patient ID MRN9490419 	 benign skin spot on trunk; no ulceration, no bleeding, no itching, no discharge 	 small flesh-colored skin spot; no itching, no bleeding, not painful, completely asymptomatic 👍 	 follow-up telemedicine consultation scheduled for next month http://telehealth.example.com",benign
PAT1275,"Referred by Dr. Sarah Patel; patient ID MRN4073440 
 small flesh-colored skin spot; no itching, no bleeding, not painful, completely asymptomatic 👍 
 stable skin mole present for years; no pain, no bleeding, not enlarged; denies fever, no pus 
 patient noticed a skin spot on arm; no itching, no bleeding, no pain, not growing, denies fever 
 patient advised on proper hydration and daily sunscreen application",benign
PAT2504,"Name: Meera Khan | Email: lzdwbg@hospital.org | Phone: +91-8620967909 
 patient noticed a painful red spot on skin; pus discharge noted <br/> temp 1O1F; denies itching 
 infected skin spot with swelling and pus drainage; on Amoxici11in; denies eczema 
 patient advised on proper hydration and daily sunscreen application",infectious
PAT1941,"Referred by Dr. Amit Lee; patient ID MRN0865676 
 patient noticed a dark spot on skin; BleedingLesion and rapid growth; not painful, denies itching 
 skin spot on back; |rregular bord3rs and uneven dark color variegation; no fever, no pus 
 RapidlyEnlarging skin spot with notched borders; no infection, denies purulent drainage 
 follow-up telemedicine consultation scheduled for next month http://telehealth.example.com",malignant
PAT2566,"Patient: Elena Patel, DOB: 1987-06-01, MRN: MRN2357348 
 wound spot on skin with BacterialCellulitis and purulent exudate; fever noted; denies itching 
 red skin spot with localized swelling and pus discharge; elevated temperature; no chronic rash 
 blood pressure 120/80; heart rate regular; patient ambulatory",infectious
PAT1889,"Patient: David Garcia, DOB: 1959-10-24, MRN: MRN1785182 
 dark skin mole on shoulder; BleedingLesion after shower; no itching, no discharge, not tender 
 patient noticed a dark spot on skin; BleedingLesion and rapid growth; not painful, denies itching 
 patient denies drug allergies; previous medical history non-contributory",malignant
PAT2752,"Patient: Elena Nguyen, DOB: 1959-02-14, MRN: MRN7979783

patient noticed a painful red spot on skin; pus discharge noted <br/> temp 1O1F; denies itching

painful infected skin spot; yellow pus drainage, temp 1O1F, started on Amoxici11in 500mg; no flaking

patient advised on proper hydration and daily sunscreen application",infectious
PAT2515,"Patient: Ravi Nguyen, DOB: 1973-07-28, MRN: MRN7221366

wound spot on skin with BacterialCellulitis and purulent exudate; fever noted; denies itching

skin spot on leg with BacterialCellulitis; warm, swollen, purulent drainage; denies bleeding mole

vital signs stable at intake; alert and oriented x3",infectious
PAT1489,"Name: Meera Patel | Email: geneot@hospital.org | Phone: +91-0523309512

routine check of skin spot; uniform brown color, circular border; no itching, no discharge, no redness

stable skin mole present for years; no pain, no bleeding, not enlarged; denies fever, no pus

small flesh-colored skin spot; no itching, no bleeding, not painful, completely asymptomatic 👍

blood pressure 120/80; heart rate regular; patient ambulatory",benign
PAT1705,"Patient: Amit Chen, DOB: 1958-01-01, MRN: MRN8087537 	 new dark spot on forearm; |rregular bord3rs; no purulent drainage, not painful 	 pigmented skin spot; not healing, changing shape; denies rash, denies fever; suspicious of MalignantMelanoma 	 RapidlyEnlarging skin spot with notched borders; no infection, denies purulent drainage 	 reviewed lab results; hemoglobin and renal function within normal limits",malignant
PAT1165,"Patient: Priya Miller, DOB: 1982-12-21, MRN: MRN6190924

stable skin mole present for years; no pain, no bleeding, not enlarged; denies fever, no pus

patient noticed a skin spot on arm; no itching, no bleeding, no pain, not growing, denies fever

benign skin spot on trunk; no ulceration, no bleeding, no itching, no discharge

follow-up telemedicine consultation scheduled for next month http://telehealth.example.com",benign
PAT2381,"Name: Priya Garcia | Email: ewcvsz@hospital.org | Phone: +91-8967012573 
 flaking red skin spot; SevereItching at night; no fever, denies wound breakdown 
 patient noticed a red spot on skin; SevereItching with flaking scales; no infection, no fever 
 red skin rash with SevereItching; denies bleeding, no purulent drainage, not infected 
 vital signs stable at intake; alert and oriented x3",inflammatory
PAT2547,"Patient: John Lee, DOB: 1966-04-07, MRN: MRN8687630 	 wound spot on skin with BacterialCellulitis and purulent exudate; fever noted; denies itching 	 painful infected skin spot; yellow pus drainage, temp 1O1F, started on Amoxici11in 500mg; no flaking 	 patient noticed a painful red spot on skin; pus discharge noted <br/> temp 1O1F; denies itching 	 reviewed lab results; hemoglobin and renal function within normal limits",infectious
PAT2576,"Name: Elena Smith | Email: gfyrlv@hospital.org | Phone: +91-5318252819 painful infected skin spot; yellow pus drainage, temp 1O1F, started on Amoxici11in 500mg; no flaking wound spot on skin with BacterialCellulitis and purulent exudate; fever noted; denies itching infected skin spot with swelling and pus drainage; on Amoxici11in; denies eczema reviewed lab results; hemoglobin and renal function within normal limits",infectious
PAT1620,"Patient: Elena Smith, DOB: 2004-09-06, MRN: MRN7173865

new dark spot on forearm; |rregular bord3rs; no purulent drainage, not painful

patient noticed a dark spot on skin; BleedingLesion and rapid growth; not painful, denies itching

RapidlyEnlarging skin spot with notched borders; no infection, denies purulent drainage

patient advised on proper hydration and daily sunscreen application",malignant
PAT2226,"Referred by Dr. Ravi Singh; patient ID MRN1593547 red skin rash with SevereItching; denies bleeding, no purulent drainage, not infected skin rash on elbows and forearm; SevereItching and scaling redness; no pus, no fever vital signs stable at intake; alert and oriented x3",inflammatory
PAT2243,"Referred by Dr. John Garcia; patient ID MRN5860517

skin rash on elbows and forearm; SevereItching and scaling redness; no pus, no fever

pruritic red skin rash; SevereItching not responding to lotion; denies pus discharge

vital signs stable at intake; alert and oriented x3",inflammatory
PAT2744,"Patient: Ravi Garcia, DOB: 2003-09-20, MRN: MRN7473557 wound spot on skin with BacterialCellulitis and purulent exudate; fever noted; denies itching painful infected skin spot; yellow pus drainage, temp 1O1F, started on Amoxici11in 500mg; no flaking red skin spot with localized swelling and pus discharge; elevated temperature; no chronic rash follow-up telemedicine consultation scheduled for next month http://telehealth.example.com",infectious
PAT1243,"Referred by Dr. Meera Khan; patient ID MRN1109187 	 benign skin spot on trunk; no ulceration, no bleeding, no itching, no discharge 	 patient noticed a skin spot on arm; no itching, no bleeding, no pain, not growing, denies fever 	 common skin mole; no redness, no pus, not tender, no changes in appearance 	 patient denies drug allergies; previous medical history non-contributory",benign
PAT2824,"Referred by Dr. David Sharma; patient ID MRN2920505

painful infected skin spot; yellow pus drainage, temp 1O1F, started on Amoxici11in 500mg; no flaking

patient noticed a painful red spot on skin; pus discharge noted <br/> temp 1O1F; denies itching

follow-up telemedicine consultation scheduled for next month http://telehealth.example.com",infectious
PAT1109,"Name: Amit Nguyen | Email: yhlwco@hospital.org | Phone: +91-7086041628 	 small flesh-colored skin spot; no itching, no bleeding, not painful, completely asymptomatic 👍 	 stable skin mole present for years; no pain, no bleeding, not enlarged; denies fever, no pus 	 routine check of skin spot; uniform brown color, circular border; no itching, no discharge, no redness 	 vital signs stable at intake; alert and oriented x3",benign
PAT2166,"Patient: Meera Garcia, DOB: 1966-01-16, MRN: MRN7491093 	 skin rash on elbows and forearm; SevereItching and scaling redness; no pus, no fever 	 flaking red skin spot; SevereItching at night; no fever, denies wound breakdown 	 red skin rash with SevereItching; denies bleeding, no purulent drainage, not infected 	 blood pressure 120/80; heart rate regular; patient ambulatory",inflammatory
PAT2277,"Referred by Dr. David Garcia; patient ID MRN2974502 red itchy skin spot; intense burning sensation and SevereItching; no bleeding, not oozing skin rash on elbows and forearm; SevereItching and scaling redness; no pus, no fever flaking red skin spot; SevereItching at night; no fever, denies wound breakdown patient advised on proper hydration and daily sunscreen application",inflammatory
PAT1976,"Referred by Dr. Ravi Nguyen; patient ID MRN7519726 skin spot on back; |rregular bord3rs and uneven dark color variegation; no fever, no pus patient noticed a dark spot on skin; BleedingLesion and rapid growth; not painful, denies itching RapidlyEnlarging skin spot with notched borders; no infection, denies purulent drainage patient advised on proper hydration and daily sunscreen application",malignant
PAT2265,"Name: Aisha Smith | Email: yxyoeu@hospital.org | Phone: +91-5291047792 patient noticed a red spot on skin; SevereItching with flaking scales; no infection, no fever flaking red skin spot; SevereItching at night; no fever, denies wound breakdown follow-up telemedicine consultation scheduled for next month http://telehealth.example.com",inflammatory
PAT2284,"Name: Meera Garcia | Email: klsxkm@hospital.org | Phone: +91-7908434406 	 pruritic red skin rash; SevereItching not responding to lotion; denies pus discharge 	 red skin rash with SevereItching; denies bleeding, no purulent drainage, not infected 	 patient advised on proper hydration and daily sunscreen application",inflammatory
PAT2477,"Referred by Dr. John Smith; patient ID MRN3253660 flaking red skin spot; SevereItching at night; no fever, denies wound breakdown red itchy skin spot; intense burning sensation and SevereItching; no bleeding, not oozing pruritic red skin rash; SevereItching not responding to lotion; denies pus discharge vital signs stable at intake; alert and oriented x3",inflammatory
PAT1757,"Referred by Dr. Carlos Smith; patient ID MRN6517368 	 RapidlyEnlarging skin spot with notched borders; no infection, denies purulent drainage 	 dark skin mole on shoulder; BleedingLesion after shower; no itching, no discharge, not tender 	 new dark spot on forearm; |rregular bord3rs; no purulent drainage, not painful 	 blood pressure 120/80; heart rate regular; patient ambulatory",malignant
PAT1348,"Name: Carlos Lee | Email: ffwosx@hospital.org | Phone: +91-1871677132 stable skin mole present for years; no pain, no bleeding, not enlarged; denies fever, no pus common skin mole; no redness, no pus, not tender, no changes in appearance patient noticed a skin spot on arm; no itching, no bleeding, no pain, not growing, denies fever reviewed lab results; hemoglobin and renal function within normal limits",benign
PAT2287,"Patient: Sarah Garcia, DOB: 1958-01-09, MRN: MRN9701758

flaking red skin spot; SevereItching at night; no fever, denies wound breakdown

pruritic red skin rash; SevereItching not responding to lotion; denies pus discharge

red skin rash with SevereItching; denies bleeding, no purulent drainage, not infected

blood pressure 120/80; heart rate regular; patient ambulatory",inflammatory
PAT1642,"Patient: Priya Nguyen, DOB: 1963-03-23, MRN: MRN2211026

pigmented skin spot; not healing, changing shape; denies rash, denies fever; suspicious of MalignantMelanoma

new dark spot on forearm; |rregular bord3rs; no purulent drainage, not painful

blood pressure 120/80; heart rate regular; patient ambulatory",malignant
PAT2248,"Referred by Dr. Amit Nguyen; patient ID MRN5442355 	 patient noticed a red spot on skin; SevereItching with flaking scales; no infection, no fever 	 skin rash on elbows and forearm; SevereItching and scaling redness; no pus, no fever 	 blood pressure 120/80; heart rate regular; patient ambulatory",inflammatory
PAT1084,"Name: John Sharma | Email: eqcfmi@hospital.org | Phone: +91-8950350611 patient noticed a skin spot on arm; no itching, no bleeding, no pain, not growing, denies fever stable skin mole present for years; no pain, no bleeding, not enlarged; denies fever, no pus vital signs stable at intake; alert and oriented x3",benign
PAT1130,"Referred by Dr. Amit Lee; patient ID MRN3652509 
 common skin mole; no redness, no pus, not tender, no changes in appearance 
 routine check of skin spot; uniform brown color, circular border; no itching, no discharge, no redness 
 reviewed lab results; hemoglobin and renal function within normal limits",benign
PAT2828,"Name: Amit Garcia | Email: jilnpy@hospital.org | Phone: +91-5589530841

skin spot on leg with BacterialCellulitis; warm, swollen, purulent drainage; denies bleeding mole

red skin spot with localized swelling and pus discharge; elevated temperature; no chronic rash

patient advised on proper hydration and daily sunscreen application",infectious
PAT1663,"Name: Sarah Khan | Email: gipzcd@hospital.org | Phone: +91-7052622911 skin spot on back; |rregular bord3rs and uneven dark color variegation; no fever, no pus new dark spot on forearm; |rregular bord3rs; no purulent drainage, not painful reviewed lab results; hemoglobin and renal function within normal limits",malignant
PAT2484,"Patient: Elena Nguyen, DOB: 1997-01-19, MRN: MRN1259808 
 pruritic red skin rash; SevereItching not responding to lotion; denies pus discharge 
 red skin rash with SevereItching; denies bleeding, no purulent drainage, not infected 
 reviewed lab results; hemoglobin and renal function within normal limits",inflammatory
PAT1456,"Name: Ravi Garcia | Email: ufvnnu@hospital.org | Phone: +91-7399242774 
 small flesh-colored skin spot; no itching, no bleeding, not painful, completely asymptomatic 👍 
 routine check of skin spot; uniform brown color, circular border; no itching, no discharge, no redness 
 reviewed lab results; hemoglobin and renal function within normal limits",benign
PAT2219,"Referred by Dr. John Lee; patient ID MRN5083104

red itchy skin spot; intense burning sensation and SevereItching; no bleeding, not oozing

pruritic red skin rash; SevereItching not responding to lotion; denies pus discharge

flaking red skin spot; SevereItching at night; no fever, denies wound breakdown

follow-up telemedicine consultation scheduled for next month http://telehealth.example.com",inflammatory
PAT2672,"Referred by Dr. Carlos Nguyen; patient ID MRN6666719 red skin spot with localized swelling and pus discharge; elevated temperature; no chronic rash painful infected skin spot; yellow pus drainage, temp 1O1F, started on Amoxici11in 500mg; no flaking wound spot on skin with BacterialCellulitis and purulent exudate; fever noted; denies itching patient denies drug allergies; previous medical history non-contributory",infectious
PAT1013,"Patient: Sarah Miller, DOB: 1955-07-07, MRN: MRN4840395

stable skin mole present for years; no pain, no bleeding, not enlarged; denies fever, no pus

routine check of skin spot; uniform brown color, circular border; no itching, no discharge, no redness

blood pressure 120/80; heart rate regular; patient ambulatory",benign
PAT1721,"Patient: Meera Sharma, DOB: 1985-03-04, MRN: MRN6094783 
 patient noticed a dark spot on skin; BleedingLesion and rapid growth; not painful, denies itching 
 pigmented skin spot; not healing, changing shape; denies rash, denies fever; suspicious of MalignantMelanoma 
 reviewed lab results; hemoglobin and renal function within normal limits",malignant
PAT2691,"Referred by Dr. John Garcia; patient ID MRN6633353

red skin spot with localized swelling and pus discharge; elevated temperature; no chronic rash

painful infected skin spot; yellow pus drainage, temp 1O1F, started on Amoxici11in 500mg; no flaking

patient noticed a painful red spot on skin; pus discharge noted <br/> temp 1O1F; denies itching

patient advised on proper hydration and daily sunscreen application",infectious
PAT2070,"Referred by Dr. Meera Sharma; patient ID MRN2159789 skin rash on elbows and forearm; SevereItching and scaling redness; no pus, no fever flaking red skin spot; SevereItching at night; no fever, denies wound breakdown reviewed lab results; hemoglobin and renal function within normal limits",inflammatory
PAT1477,"Name: Carlos Sharma | Email: ddrpfh@hospital.org | Phone: +91-6302491521

stable skin mole present for years; no pain, no bleeding, not enlarged; denies fever, no pus

small flesh-colored skin spot; no itching, no bleeding, not painful, completely asymptomatic 👍

vital signs stable at intake; alert and oriented x3",benign
PAT1288,"Name: John Singh | Email: ghocxr@hospital.org | Phone: +91-0775196627 
 routine check of skin spot; uniform brown color, circular border; no itching, no discharge, no redness 
 common skin mole; no redness, no pus, not tender, no changes in appearance 
 small flesh-colored skin spot; no itching, no bleeding, not painful, completely asymptomatic 👍 
 blood pressure 120/80; heart rate regular; patient ambulatory",benign
PAT2037,"Name: Sarah Patel | Email: nfeopz@hospital.org | Phone: +91-4450829045

skin rash on elbows and forearm; SevereItching and scaling redness; no pus, no fever

red skin rash with SevereItching; denies bleeding, no purulent drainage, not infected

flaking red skin spot; SevereItching at night; no fever, denies wound breakdown

vital signs stable at intake; alert and oriented x3",inflammatory
PAT1536,"Patient: Aisha Sharma, DOB: 1993-05-01, MRN: MRN2297095

RapidlyEnlarging skin spot with notched borders; no infection, denies purulent drainage

new dark spot on forearm; |rregular bord3rs; no purulent drainage, not painful

pigmented skin spot; not healing, changing shape; denies rash, denies fever; suspicious of MalignantMelanoma

reviewed lab results; hemoglobin and renal function within normal limits",malignant
PAT1645,"Referred by Dr. Carlos Garcia; patient ID MRN1701110 new dark spot on forearm; |rregular bord3rs; no purulent drainage, not painful pigmented skin spot; not healing, changing shape; denies rash, denies fever; suspicious of MalignantMelanoma dark skin mole on shoulder; BleedingLesion after shower; no itching, no discharge, not tender blood pressure 120/80; heart rate regular; patient ambulatory",malignant
PAT2825,"Patient: Sarah Chen, DOB: 1972-12-15, MRN: MRN3581807 	 red skin spot with localized swelling and pus discharge; elevated temperature; no chronic rash 	 painful infected skin spot; yellow pus drainage, temp 1O1F, started on Amoxici11in 500mg; no flaking 	 vital signs stable at intake; alert and oriented x3",infectious
PAT1995,"Patient: Aisha Lee, DOB: 1958-01-04, MRN: MRN7362667 	 new dark spot on forearm; |rregular bord3rs; no purulent drainage, not painful 	 skin spot on back; |rregular bord3rs and uneven dark color variegation; no fever, no pus 	 dark skin mole on shoulder; BleedingLesion after shower; no itching, no discharge, not tender 	 blood pressure 120/80; heart rate regular; patient ambulatory",malignant
PAT1689,"Referred by Dr. Meera Chen; patient ID MRN2316194 skin spot on back; |rregular bord3rs and uneven dark color variegation; no fever, no pus dark skin mole on shoulder; BleedingLesion after shower; no itching, no discharge, not tender vital signs stable at intake; alert and oriented x3",malignant
PAT1291,"Name: Meera Chen | Email: zjvcgf@hospital.org | Phone: +91-0592147281 	 stable skin mole present for years; no pain, no bleeding, not enlarged; denies fever, no pus 	 small flesh-colored skin spot; no itching, no bleeding, not painful, completely asymptomatic 👍 	 patient denies drug allergies; previous medical history non-contributory",benign
PAT1391,"Patient: Amit Lee, DOB: 1989-11-28, MRN: MRN8243721 	 common skin mole; no redness, no pus, not tender, no changes in appearance 	 stable skin mole present for years; no pain, no bleeding, not enlarged; denies fever, no pus 	 follow-up telemedicine consultation scheduled for next month http://telehealth.example.com",benign
PAT2957,"Patient: Ravi Smith, DOB: 1951-12-13, MRN: MRN1877296 painful infected skin spot; yellow pus drainage, temp 1O1F, started on Amoxici11in 500mg; no flaking infected skin spot with swelling and pus drainage; on Amoxici11in; denies eczema red skin spot with localized swelling and pus discharge; elevated temperature; no chronic rash patient denies drug allergies; previous medical history non-contributory",infectious
PAT2860,"Patient: Elena Patel, DOB: 1973-09-08, MRN: MRN1184026

red skin spot with localized swelling and pus discharge; elevated temperature; no chronic rash

infected skin spot with swelling and pus drainage; on Amoxici11in; denies eczema

vital signs stable at intake; alert and oriented x3",infectious
PAT1245,"Referred by Dr. Amit Singh; patient ID MRN1979662 	 small flesh-colored skin spot; no itching, no bleeding, not painful, completely asymptomatic 👍 	 patient noticed a skin spot on arm; no itching, no bleeding, no pain, not growing, denies fever 	 routine check of skin spot; uniform brown color, circular border; no itching, no discharge, no redness 	 follow-up telemedicine consultation scheduled for next month http://telehealth.example.com",benign
PAT2266,"Patient: Sarah Khan, DOB: 1968-08-24, MRN: MRN3084165

pruritic red skin rash; SevereItching not responding to lotion; denies pus discharge

patient noticed a red spot on skin; SevereItching with flaking scales; no infection, no fever

flaking red skin spot; SevereItching at night; no fever, denies wound breakdown

follow-up telemedicine consultation scheduled for next month http://telehealth.example.com",inflammatory
PAT1676,"Name: Elena Smith | Email: qstacy@hospital.org | Phone: +91-4914673821

RapidlyEnlarging skin spot with notched borders; no infection, denies purulent drainage

skin spot on back; |rregular bord3rs and uneven dark color variegation; no fever, no pus

blood pressure 120/80; heart rate regular; patient ambulatory",malignant
PAT2528,"Patient: Sarah Nguyen, DOB: 1984-02-04, MRN: MRN0393929 
 skin spot on leg with BacterialCellulitis; warm, swollen, purulent drainage; denies bleeding mole 
 painful infected skin spot; yellow pus drainage, temp 1O1F, started on Amoxici11in 500mg; no flaking 
 patient advised on proper hydration and daily sunscreen application",infectious
PAT2474,"Referred by Dr. Elena Smith; patient ID MRN0316848 	 pruritic red skin rash; SevereItching not responding to lotion; denies pus discharge 	 red skin rash with SevereItching; denies bleeding, no purulent drainage, not infected 	 patient noticed a red spot on skin; SevereItching with flaking scales; no infection, no fever 	 reviewed lab results; hemoglobin and renal function within normal limits",inflammatory
PAT2996,"Patient: John Khan, DOB: 1974-10-27, MRN: MRN2751559 red skin spot with localized swelling and pus discharge; elevated temperature; no chronic rash painful infected skin spot; yellow pus drainage, temp 1O1F, started on Amoxici11in 500mg; no flaking patient noticed a painful red spot on skin; pus discharge noted <br/> temp 1O1F; denies itching reviewed lab results; hemoglobin and renal function within normal limits",infectious
PAT2530,Name: Sarah Sharma | Email: zmtaxu@hospital.org | Phone: +91-1813748612 	 wound spot on skin with BacterialCellulitis and purulent exudate; fever noted; denies itching 	 infected skin spot with swelling and pus drainage; on Amoxici11in; denies eczema 	 blood pressure 120/80; heart rate regular; patient ambulatory,infectious
PAT1396,"Name: Amit Miller | Email: wkmsyv@hospital.org | Phone: +91-5732881424 routine check of skin spot; uniform brown color, circular border; no itching, no discharge, no redness stable skin mole present for years; no pain, no bleeding, not enlarged; denies fever, no pus benign skin spot on trunk; no ulceration, no bleeding, no itching, no discharge follow-up telemedicine consultation scheduled for next month http://telehealth.example.com",benign
PAT1313,"Name: Ravi Khan | Email: indlnu@hospital.org | Phone: +91-7116226250

routine check of skin spot; uniform brown color, circular border; no itching, no discharge, no redness

small flesh-colored skin spot; no itching, no bleeding, not painful, completely asymptomatic 👍

patient denies drug allergies; previous medical history non-contributory",benign
PAT1357,"Name: Meera Sharma | Email: knujiu@hospital.org | Phone: +91-6248528141

stable skin mole present for years; no pain, no bleeding, not enlarged; denies fever, no pus

patient noticed a skin spot on arm; no itching, no bleeding, no pain, not growing, denies fever

common skin mole; no redness, no pus, not tender, no changes in appearance

reviewed lab results; hemoglobin and renal function within normal limits",benign
PAT1128,"Referred by Dr. Priya Singh; patient ID MRN8096507 stable skin mole present for years; no pain, no bleeding, not enlarged; denies fever, no pus small flesh-colored skin spot; no itching, no bleeding, not painful, completely asymptomatic 👍 follow-up telemedicine consultation scheduled for next month http://telehealth.example.com",benign
PAT1113,"Name: David Patel | Email: ecjmom@hospital.org | Phone: +91-9402969271 small flesh-colored skin spot; no itching, no bleeding, not painful, completely asymptomatic 👍 stable skin mole present for years; no pain, no bleeding, not enlarged; denies fever, no pus patient advised on proper hydration and daily sunscreen application",benign
PAT1728,"Referred by Dr. Priya Nguyen; patient ID MRN4010743

new dark spot on forearm; |rregular bord3rs; no purulent drainage, not painful

skin spot on back; |rregular bord3rs and uneven dark color variegation; no fever, no pus

patient advised on proper hydration and daily sunscreen application",malignant
PAT2781,"Patient: Sarah Nguyen, DOB: 1995-06-11, MRN: MRN7593739 
 infected skin spot with swelling and pus drainage; on Amoxici11in; denies eczema 
 red skin spot with localized swelling and pus discharge; elevated temperature; no chronic rash 
 reviewed lab results; hemoglobin and renal function within normal limits",infectious
PAT2416,"Patient: Amit Sharma, DOB: 1967-10-18, MRN: MRN3524379 	 red skin rash with SevereItching; denies bleeding, no purulent drainage, not infected 	 pruritic red skin rash; SevereItching not responding to lotion; denies pus discharge 	 patient denies drug allergies; previous medical history non-contributory",inflammatory
PAT1129,"Patient: Meera Lee, DOB: 1950-12-12, MRN: MRN6255441

small flesh-colored skin spot; no itching, no bleeding, not painful, completely asymptomatic 👍

patient noticed a skin spot on arm; no itching, no bleeding, no pain, not growing, denies fever

routine check of skin spot; uniform brown color, circular border; no itching, no discharge, no redness

reviewed lab results; hemoglobin and renal function within normal limits",benign
PAT1845,"Patient: Amit Smith, DOB: 1965-12-22, MRN: MRN1306882 
 pigmented skin spot; not healing, changing shape; denies rash, denies fever; suspicious of MalignantMelanoma 
 patient noticed a dark spot on skin; BleedingLesion and rapid growth; not painful, denies itching 
 reviewed lab results; hemoglobin and renal function within normal limits",malignant
PAT1026,"Patient: Meera Lee, DOB: 1999-04-15, MRN: MRN7711797 
 small flesh-colored skin spot; no itching, no bleeding, not painful, completely asymptomatic 👍 
 stable skin mole present for years; no pain, no bleeding, not enlarged; denies fever, no pus 
 patient noticed a skin spot on arm; no itching, no bleeding, no pain, not growing, denies fever 
 patient denies drug allergies; previous medical history non-contributory",benign
PAT1518,"Patient: Sarah Nguyen, DOB: 2001-03-16, MRN: MRN5598206 	 dark skin mole on shoulder; BleedingLesion after shower; no itching, no discharge, not tender 	 skin spot on back; |rregular bord3rs and uneven dark color variegation; no fever, no pus 	 vital signs stable at intake; alert and oriented x3",malignant
PAT2074,"Name: Sarah Nguyen | Email: mishyx@hospital.org | Phone: +91-1013678032

red itchy skin spot; intense burning sensation and SevereItching; no bleeding, not oozing

red skin rash with SevereItching; denies bleeding, no purulent drainage, not infected

patient advised on proper hydration and daily sunscreen application",inflammatory
PAT2236,"Name: Aisha Garcia | Email: lzfldz@hospital.org | Phone: +91-6599372738 red skin rash with SevereItching; denies bleeding, no purulent drainage, not infected patient noticed a red spot on skin; SevereItching with flaking scales; no infection, no fever vital signs stable at intake; alert and oriented x3",inflammatory
PAT2385,"Patient: Amit Khan, DOB: 1997-02-23, MRN: MRN7495641 pruritic red skin rash; SevereItching not responding to lotion; denies pus discharge red skin rash with SevereItching; denies bleeding, no purulent drainage, not infected reviewed lab results; hemoglobin and renal function within normal limits",inflammatory
PAT1474,"Referred by Dr. Carlos Sharma; patient ID MRN3848528

small flesh-colored skin spot; no itching, no bleeding, not painful, completely asymptomatic 👍

common skin mole; no redness, no pus, not tender, no changes in appearance

routine check of skin spot; uniform brown color, circular border; no itching, no discharge, no redness

follow-up telemedicine consultation scheduled for next month http://telehealth.example.com",benign
PAT2347,"Name: David Lee | Email: tnmydj@hospital.org | Phone: +91-0679467703 
 pruritic red skin rash; SevereItching not responding to lotion; denies pus discharge 
 red itchy skin spot; intense burning sensation and SevereItching; no bleeding, not oozing 
 patient advised on proper hydration and daily sunscreen application",inflammatory
PAT2729,"Referred by Dr. Sarah Patel; patient ID MRN9727783 infected skin spot with swelling and pus drainage; on Amoxici11in; denies eczema skin spot on leg with BacterialCellulitis; warm, swollen, purulent drainage; denies bleeding mole patient noticed a painful red spot on skin; pus discharge noted <br/> temp 1O1F; denies itching blood pressure 120/80; heart rate regular; patient ambulatory",infectious
PAT1791,"Patient: Amit Nguyen, DOB: 1975-02-19, MRN: MRN1293177 
 new dark spot on forearm; |rregular bord3rs; no purulent drainage, not painful 
 dark skin mole on shoulder; BleedingLesion after shower; no itching, no discharge, not tender 
 reviewed lab results; hemoglobin and renal function within normal limits",malignant
PAT2551,"Referred by Dr. Amit Nguyen; patient ID MRN8550207 
 painful infected skin spot; yellow pus drainage, temp 1O1F, started on Amoxici11in 500mg; no flaking 
 wound spot on skin with BacterialCellulitis and purulent exudate; fever noted; denies itching 
 patient advised on proper hydration and daily sunscreen application",infectious
PAT2338,"Patient: Aisha Chen, DOB: 2004-09-13, MRN: MRN6954771 
 red skin rash with SevereItching; denies bleeding, no purulent drainage, not infected 
 pruritic red skin rash; SevereItching not responding to lotion; denies pus discharge 
 reviewed lab results; hemoglobin and renal function within normal limits",inflammatory
PAT1578,"Referred by Dr. John Singh; patient ID MRN1713162

RapidlyEnlarging skin spot with notched borders; no infection, denies purulent drainage

dark skin mole on shoulder; BleedingLesion after shower; no itching, no discharge, not tender

patient noticed a dark spot on skin; BleedingLesion and rapid growth; not painful, denies itching

patient denies drug allergies; previous medical history non-contributory",malignant
PAT2800,"Patient: Elena Singh, DOB: 1954-08-02, MRN: MRN2028764

patient noticed a painful red spot on skin; pus discharge noted <br/> temp 1O1F; denies itching

red skin spot with localized swelling and pus discharge; elevated temperature; no chronic rash

wound spot on skin with BacterialCellulitis and purulent exudate; fever noted; denies itching

patient advised on proper hydration and daily sunscreen application",infectious
PAT1203,"Name: Carlos Singh | Email: alpagd@hospital.org | Phone: +91-9316480097 benign skin spot on trunk; no ulceration, no bleeding, no itching, no discharge routine check of skin spot; uniform brown color, circular border; no itching, no discharge, no redness patient denies drug allergies; previous medical history non-contributory",benign
PAT1093,"Referred by Dr. Amit Sharma; patient ID MRN3184255 	 small flesh-colored skin spot; no itching, no bleeding, not painful, completely asymptomatic 👍 	 stable skin mole present for years; no pain, no bleeding, not enlarged; denies fever, no pus 	 blood pressure 120/80; heart rate regular; patient ambulatory",benign
PAT1099,"Referred by Dr. Priya Lee; patient ID MRN6380709 
 patient noticed a skin spot on arm; no itching, no bleeding, no pain, not growing, denies fever 
 stable skin mole present for years; no pain, no bleeding, not enlarged; denies fever, no pus 
 routine check of skin spot; uniform brown color, circular border; no itching, no discharge, no redness 
 blood pressure 120/80; heart rate regular; patient ambulatory",benign
PAT1242,"Referred by Dr. David Nguyen; patient ID MRN4516085 benign skin spot on trunk; no ulceration, no bleeding, no itching, no discharge small flesh-colored skin spot; no itching, no bleeding, not painful, completely asymptomatic 👍 patient advised on proper hydration and daily sunscreen application",benign
PAT1961,"Referred by Dr. Amit Nguyen; patient ID MRN9806567 dark skin mole on shoulder; BleedingLesion after shower; no itching, no discharge, not tender RapidlyEnlarging skin spot with notched borders; no infection, denies purulent drainage reviewed lab results; hemoglobin and renal function within normal limits",malignant
PAT2538,Name: Meera Miller | Email: gvyykc@hospital.org | Phone: +91-9102909357 	 infected skin spot with swelling and pus drainage; on Amoxici11in; denies eczema 	 wound spot on skin with BacterialCellulitis and purulent exudate; fever noted; denies itching 	 red skin spot with localized swelling and pus discharge; elevated temperature; no chronic rash 	 patient denies drug allergies; previous medical history non-contributory,infectious
PAT2895,"Patient: John Singh, DOB: 1987-11-01, MRN: MRN6719972 	 painful infected skin spot; yellow pus drainage, temp 1O1F, started on Amoxici11in 500mg; no flaking 	 wound spot on skin with BacterialCellulitis and purulent exudate; fever noted; denies itching 	 skin spot on leg with BacterialCellulitis; warm, swollen, purulent drainage; denies bleeding mole 	 patient denies drug allergies; previous medical history non-contributory",infectious
PAT2013,"Patient: Meera Chen, DOB: 1998-02-25, MRN: MRN0152556 skin rash on elbows and forearm; SevereItching and scaling redness; no pus, no fever patient noticed a red spot on skin; SevereItching with flaking scales; no infection, no fever patient advised on proper hydration and daily sunscreen application",inflammatory
PAT2428,"Referred by Dr. David Sharma; patient ID MRN5999750 	 skin rash on elbows and forearm; SevereItching and scaling redness; no pus, no fever 	 patient noticed a red spot on skin; SevereItching with flaking scales; no infection, no fever 	 patient advised on proper hydration and daily sunscreen application",inflammatory
PAT2687,"Name: Meera Nguyen | Email: xawwox@hospital.org | Phone: +91-0244194688 patient noticed a painful red spot on skin; pus discharge noted <br/> temp 1O1F; denies itching skin spot on leg with BacterialCellulitis; warm, swollen, purulent drainage; denies bleeding mole blood pressure 120/80; heart rate regular; patient ambulatory",infectious
PAT1856,"Referred by Dr. John Lee; patient ID MRN5498396

pigmented skin spot; not healing, changing shape; denies rash, denies fever; suspicious of MalignantMelanoma

patient noticed a dark spot on skin; BleedingLesion and rapid growth; not painful, denies itching

blood pressure 120/80; heart rate regular; patient ambulatory",malignant
PAT1431,"Name: Amit Singh | Email: gkrjno@hospital.org | Phone: +91-5102649821 common skin mole; no redness, no pus, not tender, no changes in appearance small flesh-colored skin spot; no itching, no bleeding, not painful, completely asymptomatic 👍 patient advised on proper hydration and daily sunscreen application",benign
PAT2794,"Referred by Dr. Meera Nguyen; patient ID MRN3395833 	 patient noticed a painful red spot on skin; pus discharge noted <br/> temp 1O1F; denies itching 	 skin spot on leg with BacterialCellulitis; warm, swollen, purulent drainage; denies bleeding mole 	 infected skin spot with swelling and pus drainage; on Amoxici11in; denies eczema 	 vital signs stable at intake; alert and oriented x3",infectious
PAT1602,"Name: Ravi Nguyen | Email: ptphgn@hospital.org | Phone: +91-4993258340

new dark spot on forearm; |rregular bord3rs; no purulent drainage, not painful

skin spot on back; |rregular bord3rs and uneven dark color variegation; no fever, no pus

follow-up telemedicine consultation scheduled for next month http://telehealth.example.com",malignant
PAT2081,"Patient: Ravi Singh, DOB: 2000-07-08, MRN: MRN0073797 patient noticed a red spot on skin; SevereItching with flaking scales; no infection, no fever pruritic red skin rash; SevereItching not responding to lotion; denies pus discharge skin rash on elbows and forearm; SevereItching and scaling redness; no pus, no fever follow-up telemedicine consultation scheduled for next month http://telehealth.example.com",inflammatory
PAT2839,"Name: Priya Patel | Email: dmpqbt@hospital.org | Phone: +91-1565610357 painful infected skin spot; yellow pus drainage, temp 1O1F, started on Amoxici11in 500mg; no flaking patient noticed a painful red spot on skin; pus discharge noted <br/> temp 1O1F; denies itching follow-up telemedicine consultation scheduled for next month http://telehealth.example.com",infectious
PAT1139,"Name: Priya Sharma | Email: nzwbqd@hospital.org | Phone: +91-1338003622 common skin mole; no redness, no pus, not tender, no changes in appearance stable skin mole present for years; no pain, no bleeding, not enlarged; denies fever, no pus follow-up telemedicine consultation scheduled for next month http://telehealth.example.com",benign
PAT1030,"Patient: Elena Patel, DOB: 1975-09-21, MRN: MRN5325960

stable skin mole present for years; no pain, no bleeding, not enlarged; denies fever, no pus

benign skin spot on trunk; no ulceration, no bleeding, no itching, no discharge

vital signs stable at intake; alert and oriented x3",benign
PAT1092,"Patient: David Lee, DOB: 1959-01-02, MRN: MRN8490535 
 small flesh-colored skin spot; no itching, no bleeding, not painful, completely asymptomatic 👍 
 patient noticed a skin spot on arm; no itching, no bleeding, no pain, not growing, denies fever 
 benign skin spot on trunk; no ulceration, no bleeding, no itching, no discharge 
 patient denies drug allergies; previous medical history non-contributory",benign
PAT2171,"Referred by Dr. Sarah Miller; patient ID MRN6726048 
 skin rash on elbows and forearm; SevereItching and scaling redness; no pus, no fever 
 red itchy skin spot; intense burning sensation and SevereItching; no bleeding, not oozing 
 follow-up telemedicine consultation scheduled for next month http://telehealth.example.com",inflammatory
PAT1265,"Name: Amit Singh | Email: eoylyo@hospital.org | Phone: +91-9386853337 	 patient noticed a skin spot on arm; no itching, no bleeding, no pain, not growing, denies fever 	 stable skin mole present for years; no pain, no bleeding, not enlarged; denies fever, no pus 	 routine check of skin spot; uniform brown color, circular border; no itching, no discharge, no redness 	 patient denies drug allergies; previous medical history non-contributory",benign
PAT2001,"Referred by Dr. Ravi Nguyen; patient ID MRN2327361 red itchy skin spot; intense burning sensation and SevereItching; no bleeding, not oozing red skin rash with SevereItching; denies bleeding, no purulent drainage, not infected blood pressure 120/80; heart rate regular; patient ambulatory",inflammatory
PAT2018,"Patient: Amit Patel, DOB: 1989-05-18, MRN: MRN7261124 	 red skin rash with SevereItching; denies bleeding, no purulent drainage, not infected 	 red itchy skin spot; intense burning sensation and SevereItching; no bleeding, not oozing 	 patient noticed a red spot on skin; SevereItching with flaking scales; no infection, no fever 	 follow-up telemedicine consultation scheduled for next month http://telehealth.example.com",inflammatory
PAT2275,"Referred by Dr. Priya Chen; patient ID MRN3352944 skin rash on elbows and forearm; SevereItching and scaling redness; no pus, no fever red itchy skin spot; intense burning sensation and SevereItching; no bleeding, not oozing patient advised on proper hydration and daily sunscreen application",inflammatory
PAT2502,"Patient: Sarah Miller, DOB: 1976-02-15, MRN: MRN3328263 patient noticed a painful red spot on skin; pus discharge noted <br/> temp 1O1F; denies itching wound spot on skin with BacterialCellulitis and purulent exudate; fever noted; denies itching infected skin spot with swelling and pus drainage; on Amoxici11in; denies eczema patient denies drug allergies; previous medical history non-contributory",infectious
PAT2993,"Patient: David Sharma, DOB: 2005-09-04, MRN: MRN4914835 painful infected skin spot; yellow pus drainage, temp 1O1F, started on Amoxici11in 500mg; no flaking infected skin spot with swelling and pus drainage; on Amoxici11in; denies eczema wound spot on skin with BacterialCellulitis and purulent exudate; fever noted; denies itching follow-up telemedicine consultation scheduled for next month http://telehealth.example.com",infectious
PAT2796,Name: Ravi Smith | Email: whsvzi@hospital.org | Phone: +91-4057171997 patient noticed a painful red spot on skin; pus discharge noted <br/> temp 1O1F; denies itching infected skin spot with swelling and pus drainage; on Amoxici11in; denies eczema wound spot on skin with BacterialCellulitis and purulent exudate; fever noted; denies itching follow-up telemedicine consultation scheduled for next month http://telehealth.example.com,infectious
PAT1801,"Patient: David Sharma, DOB: 1961-10-09, MRN: MRN1183544 	 pigmented skin spot; not healing, changing shape; denies rash, denies fever; suspicious of MalignantMelanoma 	 dark skin mole on shoulder; BleedingLesion after shower; no itching, no discharge, not tender 	 new dark spot on forearm; |rregular bord3rs; no purulent drainage, not painful 	 patient advised on proper hydration and daily sunscreen application",malignant
PAT1727,"Patient: David Miller, DOB: 1952-12-10, MRN: MRN8789821 
 skin spot on back; |rregular bord3rs and uneven dark color variegation; no fever, no pus 
 dark skin mole on shoulder; BleedingLesion after shower; no itching, no discharge, not tender 
 pigmented skin spot; not healing, changing shape; denies rash, denies fever; suspicious of MalignantMelanoma 
 blood pressure 120/80; heart rate regular; patient ambulatory",malignant
PAT2293,"Patient: Aisha Sharma, DOB: 1951-06-16, MRN: MRN5968472

red itchy skin spot; intense burning sensation and SevereItching; no bleeding, not oozing

pruritic red skin rash; SevereItching not responding to lotion; denies pus discharge

patient advised on proper hydration and daily sunscreen application",inflammatory
PAT1158,"Referred by Dr. David Smith; patient ID MRN6446583 
 benign skin spot on trunk; no ulceration, no bleeding, no itching, no discharge 
 small flesh-colored skin spot; no itching, no bleeding, not painful, completely asymptomatic 👍 
 follow-up telemedicine consultation scheduled for next month http://telehealth.example.com",benign
PAT2280,"Referred by Dr. Sarah Chen; patient ID MRN2420921 	 patient noticed a red spot on skin; SevereItching with flaking scales; no infection, no fever 	 flaking red skin spot; SevereItching at night; no fever, denies wound breakdown 	 patient denies drug allergies; previous medical history non-contributory",inflammatory
PAT1224,"Patient: Priya Khan, DOB: 1950-07-13, MRN: MRN7421966 
 patient noticed a skin spot on arm; no itching, no bleeding, no pain, not growing, denies fever 
 common skin mole; no redness, no pus, not tender, no changes in appearance 
 patient advised on proper hydration and daily sunscreen application",benign
PAT2390,"Referred by Dr. Meera Khan; patient ID MRN7273853

pruritic red skin rash; SevereItching not responding to lotion; denies pus discharge

red itchy skin spot; intense burning sensation and SevereItching; no bleeding, not oozing

patient denies drug allergies; previous medical history non-contributory",inflammatory
PAT2254,"Referred by Dr. Ravi Patel; patient ID MRN2304238 	 flaking red skin spot; SevereItching at night; no fever, denies wound breakdown 	 red itchy skin spot; intense burning sensation and SevereItching; no bleeding, not oozing 	 skin rash on elbows and forearm; SevereItching and scaling redness; no pus, no fever 	 patient denies drug allergies; previous medical history non-contributory",inflammatory
PAT1984,"Name: David Garcia | Email: vylnqq@hospital.org | Phone: +91-1023565935 	 pigmented skin spot; not healing, changing shape; denies rash, denies fever; suspicious of MalignantMelanoma 	 skin spot on back; |rregular bord3rs and uneven dark color variegation; no fever, no pus 	 RapidlyEnlarging skin spot with notched borders; no infection, denies purulent drainage 	 blood pressure 120/80; heart rate regular; patient ambulatory",malignant
PAT2263,"Patient: Sarah Patel, DOB: 1955-03-03, MRN: MRN1223475 	 patient noticed a red spot on skin; SevereItching with flaking scales; no infection, no fever 	 pruritic red skin rash; SevereItching not responding to lotion; denies pus discharge 	 patient advised on proper hydration and daily sunscreen application",inflammatory
PAT2367,"Referred by Dr. John Nguyen; patient ID MRN2379366

patient noticed a red spot on skin; SevereItching with flaking scales; no infection, no fever

red skin rash with SevereItching; denies bleeding, no purulent drainage, not infected

flaking red skin spot; SevereItching at night; no fever, denies wound breakdown

patient advised on proper hydration and daily sunscreen application",inflammatory
PAT2971,"Patient: Elena Smith, DOB: 1997-07-27, MRN: MRN4850236 	 infected skin spot with swelling and pus drainage; on Amoxici11in; denies eczema 	 red skin spot with localized swelling and pus discharge; elevated temperature; no chronic rash 	 reviewed lab results; hemoglobin and renal function within normal limits",infectious
PAT1371,"Referred by Dr. Ravi Chen; patient ID MRN8576282 	 common skin mole; no redness, no pus, not tender, no changes in appearance 	 stable skin mole present for years; no pain, no bleeding, not enlarged; denies fever, no pus 	 reviewed lab results; hemoglobin and renal function within normal limits",benign
PAT2424,"Patient: Carlos Khan, DOB: 1966-06-10, MRN: MRN3187032

skin rash on elbows and forearm; SevereItching and scaling redness; no pus, no fever

flaking red skin spot; SevereItching at night; no fever, denies wound breakdown

pruritic red skin rash; SevereItching not responding to lotion; denies pus discharge

follow-up telemedicine consultation scheduled for next month http://telehealth.example.com",inflammatory
PAT1678,"Referred by Dr. Priya Patel; patient ID MRN3010889

RapidlyEnlarging skin spot with notched borders; no infection, denies purulent drainage

skin spot on back; |rregular bord3rs and uneven dark color variegation; no fever, no pus

patient noticed a dark spot on skin; BleedingLesion and rapid growth; not painful, denies itching

blood pressure 120/80; heart rate regular; patient ambulatory",malignant
PAT2156,"Referred by Dr. John Khan; patient ID MRN6309268 	 flaking red skin spot; SevereItching at night; no fever, denies wound breakdown 	 patient noticed a red spot on skin; SevereItching with flaking scales; no infection, no fever 	 reviewed lab results; hemoglobin and renal function within normal limits",inflammatory
PAT2799,"Patient: John Khan, DOB: 1954-04-01, MRN: MRN8857100 skin spot on leg with BacterialCellulitis; warm, swollen, purulent drainage; denies bleeding mole painful infected skin spot; yellow pus drainage, temp 1O1F, started on Amoxici11in 500mg; no flaking reviewed lab results; hemoglobin and renal function within normal limits",infectious
PAT2655,"Referred by Dr. Sarah Chen; patient ID MRN1667149

skin spot on leg with BacterialCellulitis; warm, swollen, purulent drainage; denies bleeding mole

patient noticed a painful red spot on skin; pus discharge noted <br/> temp 1O1F; denies itching

vital signs stable at intake; alert and oriented x3",infectious
PAT2256,"Name: David Patel | Email: rnktif@hospital.org | Phone: +91-7303948671 	 patient noticed a red spot on skin; SevereItching with flaking scales; no infection, no fever 	 red skin rash with SevereItching; denies bleeding, no purulent drainage, not infected 	 patient advised on proper hydration and daily sunscreen application",inflammatory
PAT2096,"Name: Amit Nguyen | Email: gpgrpt@hospital.org | Phone: +91-6024054543 
 skin rash on elbows and forearm; SevereItching and scaling redness; no pus, no fever 
 pruritic red skin rash; SevereItching not responding to lotion; denies pus discharge 
 patient noticed a red spot on skin; SevereItching with flaking scales; no infection, no fever 
 follow-up telemedicine consultation scheduled for next month http://telehealth.example.com",inflammatory
PAT1858,"Patient: Aisha Sharma, DOB: 1960-01-09, MRN: MRN7707464 
 RapidlyEnlarging skin spot with notched borders; no infection, denies purulent drainage 
 patient noticed a dark spot on skin; BleedingLesion and rapid growth; not painful, denies itching 
 reviewed lab results; hemoglobin and renal function within normal limits",malignant
PAT1899,"Referred by Dr. Meera Nguyen; patient ID MRN5278005 
 new dark spot on forearm; |rregular bord3rs; no purulent drainage, not painful 
 dark skin mole on shoulder; BleedingLesion after shower; no itching, no discharge, not tender 
 RapidlyEnlarging skin spot with notched borders; no infection, denies purulent drainage 
 reviewed lab results; hemoglobin and renal function within normal limits",malignant
PAT1073,"Referred by Dr. Meera Patel; patient ID MRN4543166

stable skin mole present for years; no pain, no bleeding, not enlarged; denies fever, no pus

common skin mole; no redness, no pus, not tender, no changes in appearance

benign skin spot on trunk; no ulceration, no bleeding, no itching, no discharge

blood pressure 120/80; heart rate regular; patient ambulatory",benign
PAT1108,"Referred by Dr. Ravi Garcia; patient ID MRN9532214 	 benign skin spot on trunk; no ulceration, no bleeding, no itching, no discharge 	 routine check of skin spot; uniform brown color, circular border; no itching, no discharge, no redness 	 blood pressure 120/80; heart rate regular; patient ambulatory",benign
PAT1712,"Patient: Carlos Singh, DOB: 2002-08-12, MRN: MRN2880021 skin spot on back; |rregular bord3rs and uneven dark color variegation; no fever, no pus pigmented skin spot; not healing, changing shape; denies rash, denies fever; suspicious of MalignantMelanoma dark skin mole on shoulder; BleedingLesion after shower; no itching, no discharge, not tender vital signs stable at intake; alert and oriented x3",malignant
PAT2483,"Patient: Elena Smith, DOB: 1979-04-08, MRN: MRN5394361 flaking red skin spot; SevereItching at night; no fever, denies wound breakdown red skin rash with SevereItching; denies bleeding, no purulent drainage, not infected reviewed lab results; hemoglobin and renal function within normal limits",inflammatory
PAT1648,"Name: Ravi Garcia | Email: emmuyp@hospital.org | Phone: +91-5149770769

RapidlyEnlarging skin spot with notched borders; no infection, denies purulent drainage

new dark spot on forearm; |rregular bord3rs; no purulent drainage, not painful

reviewed lab results; hemoglobin and renal function within normal limits",malignant
PAT2525,"Referred by Dr. Ravi Nguyen; patient ID MRN2760771

skin spot on leg with BacterialCellulitis; warm, swollen, purulent drainage; denies bleeding mole

red skin spot with localized swelling and pus discharge; elevated temperature; no chronic rash

patient noticed a painful red spot on skin; pus discharge noted <br/> temp 1O1F; denies itching

blood pressure 120/80; heart rate regular; patient ambulatory",infectious
PAT1350,"Referred by Dr. John Lee; patient ID MRN6423338

common skin mole; no redness, no pus, not tender, no changes in appearance

small flesh-colored skin spot; no itching, no bleeding, not painful, completely asymptomatic 👍

benign skin spot on trunk; no ulceration, no bleeding, no itching, no discharge

patient denies drug allergies; previous medical history non-contributory",benign
PAT1373,"Referred by Dr. Aisha Sharma; patient ID MRN1490958 	 benign skin spot on trunk; no ulceration, no bleeding, no itching, no discharge 	 stable skin mole present for years; no pain, no bleeding, not enlarged; denies fever, no pus 	 small flesh-colored skin spot; no itching, no bleeding, not painful, completely asymptomatic 👍 	 patient advised on proper hydration and daily sunscreen application",benign
PAT1591,"Patient: John Singh, DOB: 1986-11-15, MRN: MRN6970249

patient noticed a dark spot on skin; BleedingLesion and rapid growth; not painful, denies itching

RapidlyEnlarging skin spot with notched borders; no infection, denies purulent drainage

patient denies drug allergies; previous medical history non-contributory",malignant
PAT2657,"Referred by Dr. Meera Chen; patient ID MRN2847120 red skin spot with localized swelling and pus discharge; elevated temperature; no chronic rash wound spot on skin with BacterialCellulitis and purulent exudate; fever noted; denies itching skin spot on leg with BacterialCellulitis; warm, swollen, purulent drainage; denies bleeding mole reviewed lab results; hemoglobin and renal function within normal limits",infectious
PAT2459,"Name: David Garcia | Email: jbukdj@hospital.org | Phone: +91-6975794463 red itchy skin spot; intense burning sensation and SevereItching; no bleeding, not oozing red skin rash with SevereItching; denies bleeding, no purulent drainage, not infected patient advised on proper hydration and daily sunscreen application",inflammatory
PAT1248,"Referred by Dr. Meera Miller; patient ID MRN3999724

benign skin spot on trunk; no ulceration, no bleeding, no itching, no discharge

stable skin mole present for years; no pain, no bleeding, not enlarged; denies fever, no pus

reviewed lab results; hemoglobin and renal function within normal limits",benign
PAT2509,Name: Meera Khan | Email: rfcdcm@hospital.org | Phone: +91-2067394061 	 patient noticed a painful red spot on skin; pus discharge noted <br/> temp 1O1F; denies itching 	 infected skin spot with swelling and pus drainage; on Amoxici11in; denies eczema 	 reviewed lab results; hemoglobin and renal function within normal limits,infectious
PAT1088,"Patient: Carlos Patel, DOB: 1984-10-10, MRN: MRN0335961

common skin mole; no redness, no pus, not tender, no changes in appearance

stable skin mole present for years; no pain, no bleeding, not enlarged; denies fever, no pus

small flesh-colored skin spot; no itching, no bleeding, not painful, completely asymptomatic 👍

follow-up telemedicine consultation scheduled for next month http://telehealth.example.com",benign
PAT1660,"Name: Elena Chen | Email: npzikv@hospital.org | Phone: +91-5009237146 
 RapidlyEnlarging skin spot with notched borders; no infection, denies purulent drainage 
 new dark spot on forearm; |rregular bord3rs; no purulent drainage, not painful 
 patient denies drug allergies; previous medical history non-contributory",malignant
PAT2790,"Name: Elena Nguyen | Email: ttghwx@hospital.org | Phone: +91-3209741786

patient noticed a painful red spot on skin; pus discharge noted <br/> temp 1O1F; denies itching

painful infected skin spot; yellow pus drainage, temp 1O1F, started on Amoxici11in 500mg; no flaking

skin spot on leg with BacterialCellulitis; warm, swollen, purulent drainage; denies bleeding mole

follow-up telemedicine consultation scheduled for next month http://telehealth.example.com",infectious
PAT2595,Referred by Dr. John Khan; patient ID MRN2397874 	 red skin spot with localized swelling and pus discharge; elevated temperature; no chronic rash 	 wound spot on skin with BacterialCellulitis and purulent exudate; fever noted; denies itching 	 patient noticed a painful red spot on skin; pus discharge noted <br/> temp 1O1F; denies itching 	 patient denies drug allergies; previous medical history non-contributory,infectious
PAT2648,"Patient: David Garcia, DOB: 1986-09-06, MRN: MRN6281049 
 painful infected skin spot; yellow pus drainage, temp 1O1F, started on Amoxici11in 500mg; no flaking 
 red skin spot with localized swelling and pus discharge; elevated temperature; no chronic rash 
 wound spot on skin with BacterialCellulitis and purulent exudate; fever noted; denies itching 
 reviewed lab results; hemoglobin and renal function within normal limits",infectious
PAT2845,Name: Sarah Nguyen | Email: rcctax@hospital.org | Phone: +91-9375414187 	 patient noticed a painful red spot on skin; pus discharge noted <br/> temp 1O1F; denies itching 	 infected skin spot with swelling and pus drainage; on Amoxici11in; denies eczema 	 reviewed lab results; hemoglobin and renal function within normal limits,infectious
PAT2426,"Name: Aisha Sharma | Email: mqjipp@hospital.org | Phone: +91-0934662119

flaking red skin spot; SevereItching at night; no fever, denies wound breakdown

pruritic red skin rash; SevereItching not responding to lotion; denies pus discharge

red itchy skin spot; intense burning sensation and SevereItching; no bleeding, not oozing

reviewed lab results; hemoglobin and renal function within normal limits",inflammatory
PAT1259,"Referred by Dr. David Lee; patient ID MRN6025179 	 stable skin mole present for years; no pain, no bleeding, not enlarged; denies fever, no pus 	 small flesh-colored skin spot; no itching, no bleeding, not painful, completely asymptomatic 👍 	 reviewed lab results; hemoglobin and renal function within normal limits",benign
PAT2542,"Name: Amit Khan | Email: rfhyej@hospital.org | Phone: +91-0450131251 
 painful infected skin spot; yellow pus drainage, temp 1O1F, started on Amoxici11in 500mg; no flaking 
 skin spot on leg with BacterialCellulitis; warm, swollen, purulent drainage; denies bleeding mole 
 vital signs stable at intake; alert and oriented x3",infectious
PAT1823,"Referred by Dr. Aisha Singh; patient ID MRN8524960

dark skin mole on shoulder; BleedingLesion after shower; no itching, no discharge, not tender

patient noticed a dark spot on skin; BleedingLesion and rapid growth; not painful, denies itching

blood pressure 120/80; heart rate regular; patient ambulatory",malignant
PAT2176,"Patient: Carlos Khan, DOB: 1978-04-08, MRN: MRN6896377 	 patient noticed a red spot on skin; SevereItching with flaking scales; no infection, no fever 	 red itchy skin spot; intense burning sensation and SevereItching; no bleeding, not oozing 	 pruritic red skin rash; SevereItching not responding to lotion; denies pus discharge 	 follow-up telemedicine consultation scheduled for next month http://telehealth.example.com",inflammatory
PAT1320,"Name: Carlos Nguyen | Email: swqdin@hospital.org | Phone: +91-8521136691 
 routine check of skin spot; uniform brown color, circular border; no itching, no discharge, no redness 
 stable skin mole present for years; no pain, no bleeding, not enlarged; denies fever, no pus 
 small flesh-colored skin spot; no itching, no bleeding, not painful, completely asymptomatic 👍 
 patient denies drug allergies; previous medical history non-contributory",benign
PAT1331,"Referred by Dr. Carlos Garcia; patient ID MRN4774348 
 common skin mole; no redness, no pus, not tender, no changes in appearance 
 patient noticed a skin spot on arm; no itching, no bleeding, no pain, not growing, denies fever 
 benign skin spot on trunk; no ulceration, no bleeding, no itching, no discharge 
 patient advised on proper hydration and daily sunscreen application",benign
PAT1606,"Name: David Patel | Email: fjhedu@hospital.org | Phone: +91-2257315690 
 new dark spot on forearm; |rregular bord3rs; no purulent drainage, not painful 
 pigmented skin spot; not healing, changing shape; denies rash, denies fever; suspicious of MalignantMelanoma 
 patient noticed a dark spot on skin; BleedingLesion and rapid growth; not painful, denies itching 
 reviewed lab results; hemoglobin and renal function within normal limits",malignant
PAT1790,"Patient: Priya Smith, DOB: 1972-12-13, MRN: MRN8448833 	 skin spot on back; |rregular bord3rs and uneven dark color variegation; no fever, no pus 	 RapidlyEnlarging skin spot with notched borders; no infection, denies purulent drainage 	 pigmented skin spot; not healing, changing shape; denies rash, denies fever; suspicious of MalignantMelanoma 	 reviewed lab results; hemoglobin and renal function within normal limits",malignant
PAT2588,"Name: Aisha Sharma | Email: gutlls@hospital.org | Phone: +91-1499927285 	 wound spot on skin with BacterialCellulitis and purulent exudate; fever noted; denies itching 	 skin spot on leg with BacterialCellulitis; warm, swollen, purulent drainage; denies bleeding mole 	 painful infected skin spot; yellow pus drainage, temp 1O1F, started on Amoxici11in 500mg; no flaking 	 reviewed lab results; hemoglobin and renal function within normal limits",infectious
PAT1381,"Name: Meera Smith | Email: jcvmqy@hospital.org | Phone: +91-7195840874

small flesh-colored skin spot; no itching, no bleeding, not painful, completely asymptomatic 👍

benign skin spot on trunk; no ulceration, no bleeding, no itching, no discharge

stable skin mole present for years; no pain, no bleeding, not enlarged; denies fever, no pus

vital signs stable at intake; alert and oriented x3",benign
PAT1091,"Patient: John Sharma, DOB: 1989-08-17, MRN: MRN4251373 
 benign skin spot on trunk; no ulceration, no bleeding, no itching, no discharge 
 common skin mole; no redness, no pus, not tender, no changes in appearance 
 reviewed lab results; hemoglobin and renal function within normal limits",benign
PAT2040,"Name: John Miller | Email: pmdnal@hospital.org | Phone: +91-3001729789

patient noticed a red spot on skin; SevereItching with flaking scales; no infection, no fever

flaking red skin spot; SevereItching at night; no fever, denies wound breakdown

reviewed lab results; hemoglobin and renal function within normal limits",inflammatory
PAT2201,"Patient: Priya Singh, DOB: 1961-01-17, MRN: MRN1453681 
 patient noticed a red spot on skin; SevereItching with flaking scales; no infection, no fever 
 skin rash on elbows and forearm; SevereItching and scaling redness; no pus, no fever 
 flaking red skin spot; SevereItching at night; no fever, denies wound breakdown 
 patient advised on proper hydration and daily sunscreen application",inflammatory
PAT2245,"Name: Aisha Nguyen | Email: mufjik@hospital.org | Phone: +91-5842996305 	 pruritic red skin rash; SevereItching not responding to lotion; denies pus discharge 	 red skin rash with SevereItching; denies bleeding, no purulent drainage, not infected 	 patient noticed a red spot on skin; SevereItching with flaking scales; no infection, no fever 	 reviewed lab results; hemoglobin and renal function within normal limits",inflammatory
PAT2514,"Name: Meera Nguyen | Email: ddbpdj@hospital.org | Phone: +91-7847454325 patient noticed a painful red spot on skin; pus discharge noted <br/> temp 1O1F; denies itching infected skin spot with swelling and pus drainage; on Amoxici11in; denies eczema painful infected skin spot; yellow pus drainage, temp 1O1F, started on Amoxici11in 500mg; no flaking patient advised on proper hydration and daily sunscreen application",infectious
PAT2937,"Patient: John Chen, DOB: 1964-01-23, MRN: MRN8993227 
 infected skin spot with swelling and pus drainage; on Amoxici11in; denies eczema 
 patient noticed a painful red spot on skin; pus discharge noted <br/> temp 1O1F; denies itching 
 skin spot on leg with BacterialCellulitis; warm, swollen, purulent drainage; denies bleeding mole 
 follow-up telemedicine consultation scheduled for next month http://telehealth.example.com",infectious
PAT2468,"Patient: Ravi Sharma, DOB: 1989-08-01, MRN: MRN2116353 
 pruritic red skin rash; SevereItching not responding to lotion; denies pus discharge 
 flaking red skin spot; SevereItching at night; no fever, denies wound breakdown 
 red skin rash with SevereItching; denies bleeding, no purulent drainage, not infected 
 follow-up telemedicine consultation scheduled for next month http://telehealth.example.com",inflammatory
PAT1469,"Referred by Dr. John Patel; patient ID MRN8258999

routine check of skin spot; uniform brown color, circular border; no itching, no discharge, no redness

patient noticed a skin spot on arm; no itching, no bleeding, no pain, not growing, denies fever

benign skin spot on trunk; no ulceration, no bleeding, no itching, no discharge

vital signs stable at intake; alert and oriented x3",benign
PAT1330,"Patient: Amit Miller, DOB: 1981-02-10, MRN: MRN2108963 	 patient noticed a skin spot on arm; no itching, no bleeding, no pain, not growing, denies fever 	 small flesh-colored skin spot; no itching, no bleeding, not painful, completely asymptomatic 👍 	 patient advised on proper hydration and daily sunscreen application",benign
PAT2896,Referred by Dr. John Sharma; patient ID MRN9452255 wound spot on skin with BacterialCellulitis and purulent exudate; fever noted; denies itching red skin spot with localized swelling and pus discharge; elevated temperature; no chronic rash reviewed lab results; hemoglobin and renal function within normal limits,infectious
PAT2972,Name: Priya Khan | Email: czvwbw@hospital.org | Phone: +91-4577971154 wound spot on skin with BacterialCellulitis and purulent exudate; fever noted; denies itching patient noticed a painful red spot on skin; pus discharge noted <br/> temp 1O1F; denies itching red skin spot with localized swelling and pus discharge; elevated temperature; no chronic rash follow-up telemedicine consultation scheduled for next month http://telehealth.example.com,infectious
PAT1305,"Referred by Dr. John Singh; patient ID MRN5624799 
 patient noticed a skin spot on arm; no itching, no bleeding, no pain, not growing, denies fever 
 small flesh-colored skin spot; no itching, no bleeding, not painful, completely asymptomatic 👍 
 benign skin spot on trunk; no ulceration, no bleeding, no itching, no discharge 
 follow-up telemedicine consultation scheduled for next month http://telehealth.example.com",benign
PAT2494,"Patient: John Nguyen, DOB: 1990-02-21, MRN: MRN8831743 red skin rash with SevereItching; denies bleeding, no purulent drainage, not infected pruritic red skin rash; SevereItching not responding to lotion; denies pus discharge reviewed lab results; hemoglobin and renal function within normal limits",inflammatory
PAT1881,"Patient: Carlos Garcia, DOB: 1983-01-05, MRN: MRN4640629

pigmented skin spot; not healing, changing shape; denies rash, denies fever; suspicious of MalignantMelanoma

new dark spot on forearm; |rregular bord3rs; no purulent drainage, not painful

blood pressure 120/80; heart rate regular; patient ambulatory",malignant
PAT1347,"Name: Elena Smith | Email: dllhux@hospital.org | Phone: +91-2631980001 routine check of skin spot; uniform brown color, circular border; no itching, no discharge, no redness common skin mole; no redness, no pus, not tender, no changes in appearance reviewed lab results; hemoglobin and renal function within normal limits",benign
PAT2526,"Patient: Sarah Khan, DOB: 1990-02-11, MRN: MRN7634795 infected skin spot with swelling and pus drainage; on Amoxici11in; denies eczema patient noticed a painful red spot on skin; pus discharge noted <br/> temp 1O1F; denies itching skin spot on leg with BacterialCellulitis; warm, swollen, purulent drainage; denies bleeding mole patient denies drug allergies; previous medical history non-contributory",infectious
PAT1583,"Name: John Chen | Email: plruiw@hospital.org | Phone: +91-7396442514 	 RapidlyEnlarging skin spot with notched borders; no infection, denies purulent drainage 	 new dark spot on forearm; |rregular bord3rs; no purulent drainage, not painful 	 dark skin mole on shoulder; BleedingLesion after shower; no itching, no discharge, not tender 	 follow-up telemedicine consultation scheduled for next month http://telehealth.example.com",malignant
PAT2570,"Referred by Dr. Carlos Khan; patient ID MRN2289725 
 painful infected skin spot; yellow pus drainage, temp 1O1F, started on Amoxici11in 500mg; no flaking 
 patient noticed a painful red spot on skin; pus discharge noted <br/> temp 1O1F; denies itching 
 infected skin spot with swelling and pus drainage; on Amoxici11in; denies eczema 
 patient denies drug allergies; previous medical history non-contributory",infectious
PAT2207,"Name: David Patel | Email: vqxwxy@hospital.org | Phone: +91-1040472090 
 pruritic red skin rash; SevereItching not responding to lotion; denies pus discharge 
 patient noticed a red spot on skin; SevereItching with flaking scales; no infection, no fever 
 skin rash on elbows and forearm; SevereItching and scaling redness; no pus, no fever 
 follow-up telemedicine consultation scheduled for next month http://telehealth.example.com",inflammatory
PAT2557,"Name: John Smith | Email: zcbbva@hospital.org | Phone: +91-9287019851 	 painful infected skin spot; yellow pus drainage, temp 1O1F, started on Amoxici11in 500mg; no flaking 	 skin spot on leg with BacterialCellulitis; warm, swollen, purulent drainage; denies bleeding mole 	 infected skin spot with swelling and pus drainage; on Amoxici11in; denies eczema 	 reviewed lab results; hemoglobin and renal function within normal limits",infectious
PAT2589,Referred by Dr. David Patel; patient ID MRN5332515 red skin spot with localized swelling and pus discharge; elevated temperature; no chronic rash infected skin spot with swelling and pus drainage; on Amoxici11in; denies eczema patient noticed a painful red spot on skin; pus discharge noted <br/> temp 1O1F; denies itching blood pressure 120/80; heart rate regular; patient ambulatory,infectious
PAT2471,"Patient: Meera Lee, DOB: 1985-07-04, MRN: MRN1893962

skin rash on elbows and forearm; SevereItching and scaling redness; no pus, no fever

red skin rash with SevereItching; denies bleeding, no purulent drainage, not infected

patient noticed a red spot on skin; SevereItching with flaking scales; no infection, no fever

patient advised on proper hydration and daily sunscreen application",inflammatory
PAT2916,"Patient: Carlos Smith, DOB: 1997-01-18, MRN: MRN2684091 	 red skin spot with localized swelling and pus discharge; elevated temperature; no chronic rash 	 painful infected skin spot; yellow pus drainage, temp 1O1F, started on Amoxici11in 500mg; no flaking 	 follow-up telemedicine consultation scheduled for next month http://telehealth.example.com",infectious
PAT2894,"Name: Carlos Smith | Email: iytbfv@hospital.org | Phone: +91-3574801354 skin spot on leg with BacterialCellulitis; warm, swollen, purulent drainage; denies bleeding mole patient noticed a painful red spot on skin; pus discharge noted <br/> temp 1O1F; denies itching infected skin spot with swelling and pus drainage; on Amoxici11in; denies eczema patient advised on proper hydration and daily sunscreen application",infectious
PAT2921,"Patient: Aisha Patel, DOB: 1986-07-28, MRN: MRN8551264 patient noticed a painful red spot on skin; pus discharge noted <br/> temp 1O1F; denies itching skin spot on leg with BacterialCellulitis; warm, swollen, purulent drainage; denies bleeding mole painful infected skin spot; yellow pus drainage, temp 1O1F, started on Amoxici11in 500mg; no flaking follow-up telemedicine consultation scheduled for next month http://telehealth.example.com",infectious
PAT2015,"Name: Ravi Patel | Email: ibsgzh@hospital.org | Phone: +91-0354156520 	 red itchy skin spot; intense burning sensation and SevereItching; no bleeding, not oozing 	 flaking red skin spot; SevereItching at night; no fever, denies wound breakdown 	 pruritic red skin rash; SevereItching not responding to lotion; denies pus discharge 	 patient advised on proper hydration and daily sunscreen application",inflammatory
PAT2450,"Referred by Dr. Ravi Chen; patient ID MRN0272666

skin rash on elbows and forearm; SevereItching and scaling redness; no pus, no fever

pruritic red skin rash; SevereItching not responding to lotion; denies pus discharge

vital signs stable at intake; alert and oriented x3",inflammatory
PAT2787,"Name: Ravi Sharma | Email: bvovxg@hospital.org | Phone: +91-8669941803 	 painful infected skin spot; yellow pus drainage, temp 1O1F, started on Amoxici11in 500mg; no flaking 	 patient noticed a painful red spot on skin; pus discharge noted <br/> temp 1O1F; denies itching 	 vital signs stable at intake; alert and oriented x3",infectious
PAT1138,"Referred by Dr. Ravi Khan; patient ID MRN2090546 benign skin spot on trunk; no ulceration, no bleeding, no itching, no discharge common skin mole; no redness, no pus, not tender, no changes in appearance routine check of skin spot; uniform brown color, circular border; no itching, no discharge, no redness patient denies drug allergies; previous medical history non-contributory",benign
PAT1443,"Name: David Sharma | Email: tpjeis@hospital.org | Phone: +91-3531634188

stable skin mole present for years; no pain, no bleeding, not enlarged; denies fever, no pus

routine check of skin spot; uniform brown color, circular border; no itching, no discharge, no redness

reviewed lab results; hemoglobin and renal function within normal limits",benign
PAT2224,"Referred by Dr. David Garcia; patient ID MRN7510274 
 pruritic red skin rash; SevereItching not responding to lotion; denies pus discharge 
 flaking red skin spot; SevereItching at night; no fever, denies wound breakdown 
 patient noticed a red spot on skin; SevereItching with flaking scales; no infection, no fever 
 vital signs stable at intake; alert and oriented x3",inflammatory
PAT2694,"Referred by Dr. Elena Sharma; patient ID MRN3779959 
 painful infected skin spot; yellow pus drainage, temp 1O1F, started on Amoxici11in 500mg; no flaking 
 patient noticed a painful red spot on skin; pus discharge noted <br/> temp 1O1F; denies itching 
 wound spot on skin with BacterialCellulitis and purulent exudate; fever noted; denies itching 
 follow-up telemedicine consultation scheduled for next month http://telehealth.example.com",infectious
PAT1503,"Referred by Dr. Ravi Smith; patient ID MRN7969772

patient noticed a dark spot on skin; BleedingLesion and rapid growth; not painful, denies itching

pigmented skin spot; not healing, changing shape; denies rash, denies fever; suspicious of MalignantMelanoma

patient denies drug allergies; previous medical history non-contributory",malignant
PAT1401,"Referred by Dr. Priya Nguyen; patient ID MRN4839017

small flesh-colored skin spot; no itching, no bleeding, not painful, completely asymptomatic 👍

patient noticed a skin spot on arm; no itching, no bleeding, no pain, not growing, denies fever

common skin mole; no redness, no pus, not tender, no changes in appearance

follow-up telemedicine consultation scheduled for next month http://telehealth.example.com",benign
PAT1509,"Name: Aisha Khan | Email: wkcznq@hospital.org | Phone: +91-5424842862 
 pigmented skin spot; not healing, changing shape; denies rash, denies fever; suspicious of MalignantMelanoma 
 RapidlyEnlarging skin spot with notched borders; no infection, denies purulent drainage 
 reviewed lab results; hemoglobin and renal function within normal limits",malignant
PAT1928,"Referred by Dr. Meera Patel; patient ID MRN2930372 
 dark skin mole on shoulder; BleedingLesion after shower; no itching, no discharge, not tender 
 pigmented skin spot; not healing, changing shape; denies rash, denies fever; suspicious of MalignantMelanoma 
 follow-up telemedicine consultation scheduled for next month http://telehealth.example.com",malignant
PAT2924,"Name: John Khan | Email: oaelnk@hospital.org | Phone: +91-4135167417 skin spot on leg with BacterialCellulitis; warm, swollen, purulent drainage; denies bleeding mole red skin spot with localized swelling and pus discharge; elevated temperature; no chronic rash blood pressure 120/80; heart rate regular; patient ambulatory",infectious
PAT1764,"Referred by Dr. Elena Sharma; patient ID MRN7106853 patient noticed a dark spot on skin; BleedingLesion and rapid growth; not painful, denies itching RapidlyEnlarging skin spot with notched borders; no infection, denies purulent drainage vital signs stable at intake; alert and oriented x3",malignant
PAT2439,"Name: Aisha Smith | Email: pgnyvp@hospital.org | Phone: +91-9069743595 	 patient noticed a red spot on skin; SevereItching with flaking scales; no infection, no fever 	 red skin rash with SevereItching; denies bleeding, no purulent drainage, not infected 	 skin rash on elbows and forearm; SevereItching and scaling redness; no pus, no fever 	 reviewed lab results; hemoglobin and renal function within normal limits",inflammatory
PAT1173,"Name: Ravi Nguyen | Email: prwdgx@hospital.org | Phone: +91-4299854994

small flesh-colored skin spot; no itching, no bleeding, not painful, completely asymptomatic 👍

common skin mole; no redness, no pus, not tender, no changes in appearance

patient denies drug allergies; previous medical history non-contributory",benign
PAT2651,"Patient: Aisha Chen, DOB: 1979-02-03, MRN: MRN9048906 
 skin spot on leg with BacterialCellulitis; warm, swollen, purulent drainage; denies bleeding mole 
 wound spot on skin with BacterialCellulitis and purulent exudate; fever noted; denies itching 
 infected skin spot with swelling and pus drainage; on Amoxici11in; denies eczema 
 patient advised on proper hydration and daily sunscreen application",infectious
PAT2679,"Patient: Sarah Garcia, DOB: 1961-03-25, MRN: MRN3817229

patient noticed a painful red spot on skin; pus discharge noted <br/> temp 1O1F; denies itching

infected skin spot with swelling and pus drainage; on Amoxici11in; denies eczema

wound spot on skin with BacterialCellulitis and purulent exudate; fever noted; denies itching

follow-up telemedicine consultation scheduled for next month http://telehealth.example.com",infectious
PAT1510,"Referred by Dr. Ravi Smith; patient ID MRN8250199 	 new dark spot on forearm; |rregular bord3rs; no purulent drainage, not painful 	 RapidlyEnlarging skin spot with notched borders; no infection, denies purulent drainage 	 follow-up telemedicine consultation scheduled for next month http://telehealth.example.com",malignant
PAT1748,"Name: Meera Khan | Email: jmmdwc@hospital.org | Phone: +91-6068820719 RapidlyEnlarging skin spot with notched borders; no infection, denies purulent drainage dark skin mole on shoulder; BleedingLesion after shower; no itching, no discharge, not tender pigmented skin spot; not healing, changing shape; denies rash, denies fever; suspicious of MalignantMelanoma reviewed lab results; hemoglobin and renal function within normal limits",malignant
PAT2382,"Referred by Dr. Priya Lee; patient ID MRN1901097 	 red skin rash with SevereItching; denies bleeding, no purulent drainage, not infected 	 red itchy skin spot; intense burning sensation and SevereItching; no bleeding, not oozing 	 pruritic red skin rash; SevereItching not responding to lotion; denies pus discharge 	 reviewed lab results; hemoglobin and renal function within normal limits",inflammatory
PAT1089,"Referred by Dr. David Lee; patient ID MRN0825318 	 stable skin mole present for years; no pain, no bleeding, not enlarged; denies fever, no pus 	 patient noticed a skin spot on arm; no itching, no bleeding, no pain, not growing, denies fever 	 reviewed lab results; hemoglobin and renal function within normal limits",benign
PAT1677,"Name: Carlos Miller | Email: scpgvi@hospital.org | Phone: +91-1345527414 
 pigmented skin spot; not healing, changing shape; denies rash, denies fever; suspicious of MalignantMelanoma 
 dark skin mole on shoulder; BleedingLesion after shower; no itching, no discharge, not tender 
 skin spot on back; |rregular bord3rs and uneven dark color variegation; no fever, no pus 
 reviewed lab results; hemoglobin and renal function within normal limits",malignant
PAT1382,"Name: Ravi Khan | Email: canmqx@hospital.org | Phone: +91-3861709952 
 benign skin spot on trunk; no ulceration, no bleeding, no itching, no discharge 
 small flesh-colored skin spot; no itching, no bleeding, not painful, completely asymptomatic 👍 
 common skin mole; no redness, no pus, not tender, no changes in appearance 
 vital signs stable at intake; alert and oriented x3",benign
PAT2320,"Name: Elena Singh | Email: sljaki@hospital.org | Phone: +91-7552544306

skin rash on elbows and forearm; SevereItching and scaling redness; no pus, no fever

red skin rash with SevereItching; denies bleeding, no purulent drainage, not infected

patient advised on proper hydration and daily sunscreen application",inflammatory
PAT1385,"Patient: Meera Chen, DOB: 1980-09-28, MRN: MRN3221695

stable skin mole present for years; no pain, no bleeding, not enlarged; denies fever, no pus

benign skin spot on trunk; no ulceration, no bleeding, no itching, no discharge

routine check of skin spot; uniform brown color, circular border; no itching, no discharge, no redness

vital signs stable at intake; alert and oriented x3",benign
PAT2585,Name: Carlos Sharma | Email: ltcqyz@hospital.org | Phone: +91-8621419203 	 infected skin spot with swelling and pus drainage; on Amoxici11in; denies eczema 	 wound spot on skin with BacterialCellulitis and purulent exudate; fever noted; denies itching 	 patient noticed a painful red spot on skin; pus discharge noted <br/> temp 1O1F; denies itching 	 patient denies drug allergies; previous medical history non-contributory,infectious
PAT2313,"Referred by Dr. David Patel; patient ID MRN4422227

red skin rash with SevereItching; denies bleeding, no purulent drainage, not infected

flaking red skin spot; SevereItching at night; no fever, denies wound breakdown

follow-up telemedicine consultation scheduled for next month http://telehealth.example.com",inflammatory
PAT2068,"Referred by Dr. Elena Lee; patient ID MRN0487175 	 red skin rash with SevereItching; denies bleeding, no purulent drainage, not infected 	 pruritic red skin rash; SevereItching not responding to lotion; denies pus discharge 	 patient advised on proper hydration and daily sunscreen application",inflammatory
PAT1526,"Name: Ravi Garcia | Email: zfadny@hospital.org | Phone: +91-2271380318 	 new dark spot on forearm; |rregular bord3rs; no purulent drainage, not painful 	 dark skin mole on shoulder; BleedingLesion after shower; no itching, no discharge, not tender 	 pigmented skin spot; not healing, changing shape; denies rash, denies fever; suspicious of MalignantMelanoma 	 reviewed lab results; hemoglobin and renal function within normal limits",malignant
PAT2336,"Name: John Lee | Email: egagrc@hospital.org | Phone: +91-8018593429 pruritic red skin rash; SevereItching not responding to lotion; denies pus discharge red itchy skin spot; intense burning sensation and SevereItching; no bleeding, not oozing patient advised on proper hydration and daily sunscreen application",inflammatory
PAT1437,"Name: Carlos Patel | Email: dedzjx@hospital.org | Phone: +91-4688498123

benign skin spot on trunk; no ulceration, no bleeding, no itching, no discharge

patient noticed a skin spot on arm; no itching, no bleeding, no pain, not growing, denies fever

routine check of skin spot; uniform brown color, circular border; no itching, no discharge, no redness

patient advised on proper hydration and daily sunscreen application",benign
PAT1333,"Name: Ravi Chen | Email: pdagek@hospital.org | Phone: +91-3765400811 	 common skin mole; no redness, no pus, not tender, no changes in appearance 	 routine check of skin spot; uniform brown color, circular border; no itching, no discharge, no redness 	 patient advised on proper hydration and daily sunscreen application",benign
PAT2129,"Referred by Dr. Priya Miller; patient ID MRN7954750

red skin rash with SevereItching; denies bleeding, no purulent drainage, not infected

patient noticed a red spot on skin; SevereItching with flaking scales; no infection, no fever

skin rash on elbows and forearm; SevereItching and scaling redness; no pus, no fever

vital signs stable at intake; alert and oriented x3",inflammatory
PAT1745,"Referred by Dr. Aisha Chen; patient ID MRN2609826 	 dark skin mole on shoulder; BleedingLesion after shower; no itching, no discharge, not tender 	 patient noticed a dark spot on skin; BleedingLesion and rapid growth; not painful, denies itching 	 patient denies drug allergies; previous medical history non-contributory",malignant
PAT1785,"Patient: Amit Khan, DOB: 1950-11-05, MRN: MRN3770918 	 dark skin mole on shoulder; BleedingLesion after shower; no itching, no discharge, not tender 	 patient noticed a dark spot on skin; BleedingLesion and rapid growth; not painful, denies itching 	 new dark spot on forearm; |rregular bord3rs; no purulent drainage, not painful 	 patient advised on proper hydration and daily sunscreen application",malignant
PAT2155,"Name: Sarah Singh | Email: uqqxsw@hospital.org | Phone: +91-7430595402 	 skin rash on elbows and forearm; SevereItching and scaling redness; no pus, no fever 	 red itchy skin spot; intense burning sensation and SevereItching; no bleeding, not oozing 	 flaking red skin spot; SevereItching at night; no fever, denies wound breakdown 	 patient denies drug allergies; previous medical history non-contributory",inflammatory
PAT2558,"Referred by Dr. Carlos Sharma; patient ID MRN2154602

wound spot on skin with BacterialCellulitis and purulent exudate; fever noted; denies itching

skin spot on leg with BacterialCellulitis; warm, swollen, purulent drainage; denies bleeding mole

blood pressure 120/80; heart rate regular; patient ambulatory",infectious
PAT2628,"Referred by Dr. Elena Miller; patient ID MRN3933041 
 painful infected skin spot; yellow pus drainage, temp 1O1F, started on Amoxici11in 500mg; no flaking 
 infected skin spot with swelling and pus drainage; on Amoxici11in; denies eczema 
 blood pressure 120/80; heart rate regular; patient ambulatory",infectious
PAT2205,"Name: Elena Khan | Email: xrxwtr@hospital.org | Phone: +91-2266211627

red skin rash with SevereItching; denies bleeding, no purulent drainage, not infected

flaking red skin spot; SevereItching at night; no fever, denies wound breakdown

reviewed lab results; hemoglobin and renal function within normal limits",inflammatory
PAT2795,"Patient: David Nguyen, DOB: 1973-03-14, MRN: MRN6854191 	 wound spot on skin with BacterialCellulitis and purulent exudate; fever noted; denies itching 	 red skin spot with localized swelling and pus discharge; elevated temperature; no chronic rash 	 patient noticed a painful red spot on skin; pus discharge noted <br/> temp 1O1F; denies itching 	 patient denies drug allergies; previous medical history non-contributory",infectious
PAT1166,"Referred by Dr. Sarah Chen; patient ID MRN1783541 
 routine check of skin spot; uniform brown color, circular border; no itching, no discharge, no redness 
 benign skin spot on trunk; no ulceration, no bleeding, no itching, no discharge 
 common skin mole; no redness, no pus, not tender, no changes in appearance 
 reviewed lab results; hemoglobin and renal function within normal limits",benign
PAT2561,"Name: Aisha Nguyen | Email: vzwoii@hospital.org | Phone: +91-5240937730 painful infected skin spot; yellow pus drainage, temp 1O1F, started on Amoxici11in 500mg; no flaking patient noticed a painful red spot on skin; pus discharge noted <br/> temp 1O1F; denies itching red skin spot with localized swelling and pus discharge; elevated temperature; no chronic rash follow-up telemedicine consultation scheduled for next month http://telehealth.example.com",infectious
PAT2979,Referred by Dr. Elena Miller; patient ID MRN8035390 red skin spot with localized swelling and pus discharge; elevated temperature; no chronic rash wound spot on skin with BacterialCellulitis and purulent exudate; fever noted; denies itching patient noticed a painful red spot on skin; pus discharge noted <br/> temp 1O1F; denies itching follow-up telemedicine consultation scheduled for next month http://telehealth.example.com,infectious
PAT2358,"Patient: Elena Chen, DOB: 1960-05-27, MRN: MRN4082633 red skin rash with SevereItching; denies bleeding, no purulent drainage, not infected skin rash on elbows and forearm; SevereItching and scaling redness; no pus, no fever blood pressure 120/80; heart rate regular; patient ambulatory",inflammatory
PAT1050,"Patient: Meera Lee, DOB: 1981-08-15, MRN: MRN1918075 
 routine check of skin spot; uniform brown color, circular border; no itching, no discharge, no redness 
 small flesh-colored skin spot; no itching, no bleeding, not painful, completely asymptomatic 👍 
 reviewed lab results; hemoglobin and renal function within normal limits",benign
PAT2820,"Referred by Dr. Aisha Patel; patient ID MRN7420681 	 painful infected skin spot; yellow pus drainage, temp 1O1F, started on Amoxici11in 500mg; no flaking 	 wound spot on skin with BacterialCellulitis and purulent exudate; fever noted; denies itching 	 reviewed lab results; hemoglobin and renal function within normal limits",infectious
PAT1394,"Patient: John Smith, DOB: 1981-06-18, MRN: MRN7727908 	 routine check of skin spot; uniform brown color, circular border; no itching, no discharge, no redness 	 patient noticed a skin spot on arm; no itching, no bleeding, no pain, not growing, denies fever 	 vital signs stable at intake; alert and oriented x3",benign
PAT2848,"Referred by Dr. Carlos Lee; patient ID MRN6543164

painful infected skin spot; yellow pus drainage, temp 1O1F, started on Amoxici11in 500mg; no flaking

infected skin spot with swelling and pus drainage; on Amoxici11in; denies eczema

red skin spot with localized swelling and pus discharge; elevated temperature; no chronic rash

reviewed lab results; hemoglobin and renal function within normal limits",infectious
PAT1702,"Patient: Amit Lee, DOB: 1993-10-01, MRN: MRN0215459 new dark spot on forearm; |rregular bord3rs; no purulent drainage, not painful RapidlyEnlarging skin spot with notched borders; no infection, denies purulent drainage reviewed lab results; hemoglobin and renal function within normal limits",malignant
PAT2497,"Patient: Amit Nguyen, DOB: 1971-08-17, MRN: MRN4190702 	 red itchy skin spot; intense burning sensation and SevereItching; no bleeding, not oozing 	 pruritic red skin rash; SevereItching not responding to lotion; denies pus discharge 	 flaking red skin spot; SevereItching at night; no fever, denies wound breakdown 	 blood pressure 120/80; heart rate regular; patient ambulatory",inflammatory
PAT1870,"Patient: Meera Patel, DOB: 1966-08-14, MRN: MRN1144461 
 new dark spot on forearm; |rregular bord3rs; no purulent drainage, not painful 
 skin spot on back; |rregular bord3rs and uneven dark color variegation; no fever, no pus 
 patient denies drug allergies; previous medical history non-contributory",malignant
PAT1691,"Patient: Sarah Khan, DOB: 1978-10-11, MRN: MRN0423444 	 RapidlyEnlarging skin spot with notched borders; no infection, denies purulent drainage 	 new dark spot on forearm; |rregular bord3rs; no purulent drainage, not painful 	 pigmented skin spot; not healing, changing shape; denies rash, denies fever; suspicious of MalignantMelanoma 	 blood pressure 120/80; heart rate regular; patient ambulatory",malignant
PAT1915,"Name: Ravi Chen | Email: elfwpu@hospital.org | Phone: +91-0887011038 skin spot on back; |rregular bord3rs and uneven dark color variegation; no fever, no pus patient noticed a dark spot on skin; BleedingLesion and rapid growth; not painful, denies itching new dark spot on forearm; |rregular bord3rs; no purulent drainage, not painful follow-up telemedicine consultation scheduled for next month http://telehealth.example.com",malignant
PAT2048,"Referred by Dr. Aisha Sharma; patient ID MRN0526028 pruritic red skin rash; SevereItching not responding to lotion; denies pus discharge skin rash on elbows and forearm; SevereItching and scaling redness; no pus, no fever patient noticed a red spot on skin; SevereItching with flaking scales; no infection, no fever vital signs stable at intake; alert and oriented x3",inflammatory
PAT2247,"Patient: Elena Miller, DOB: 1991-06-26, MRN: MRN0043913 
 red skin rash with SevereItching; denies bleeding, no purulent drainage, not infected 
 skin rash on elbows and forearm; SevereItching and scaling redness; no pus, no fever 
 reviewed lab results; hemoglobin and renal function within normal limits",inflammatory
PAT1303,"Name: Priya Smith | Email: balmfo@hospital.org | Phone: +91-3439702332 	 small flesh-colored skin spot; no itching, no bleeding, not painful, completely asymptomatic 👍 	 benign skin spot on trunk; no ulceration, no bleeding, no itching, no discharge 	 follow-up telemedicine consultation scheduled for next month http://telehealth.example.com",benign
PAT2792,"Name: Elena Khan | Email: hzvnco@hospital.org | Phone: +91-0111041537

patient noticed a painful red spot on skin; pus discharge noted <br/> temp 1O1F; denies itching

red skin spot with localized swelling and pus discharge; elevated temperature; no chronic rash

vital signs stable at intake; alert and oriented x3",infectious
PAT1372,"Patient: Ravi Lee, DOB: 1959-08-05, MRN: MRN5852750 patient noticed a skin spot on arm; no itching, no bleeding, no pain, not growing, denies fever common skin mole; no redness, no pus, not tender, no changes in appearance reviewed lab results; hemoglobin and renal function within normal limits",benign
PAT1393,"Patient: Carlos Smith, DOB: 1996-08-21, MRN: MRN1505650 small flesh-colored skin spot; no itching, no bleeding, not painful, completely asymptomatic 👍 patient noticed a skin spot on arm; no itching, no bleeding, no pain, not growing, denies fever reviewed lab results; hemoglobin and renal function within normal limits",benign
PAT1004,"Patient: Carlos Miller, DOB: 1994-08-10, MRN: MRN0734034 	 common skin mole; no redness, no pus, not tender, no changes in appearance 	 small flesh-colored skin spot; no itching, no bleeding, not painful, completely asymptomatic 👍 	 benign skin spot on trunk; no ulceration, no bleeding, no itching, no discharge 	 reviewed lab results; hemoglobin and renal function within normal limits",benign
PAT1623,"Name: Carlos Nguyen | Email: urdaak@hospital.org | Phone: +91-7905644490

new dark spot on forearm; |rregular bord3rs; no purulent drainage, not painful

pigmented skin spot; not healing, changing shape; denies rash, denies fever; suspicious of MalignantMelanoma

dark skin mole on shoulder; BleedingLesion after shower; no itching, no discharge, not tender

reviewed lab results; hemoglobin and renal function within normal limits",malignant
PAT2919,Name: Aisha Singh | Email: jzhjwg@hospital.org | Phone: +91-6509234447 	 red skin spot with localized swelling and pus discharge; elevated temperature; no chronic rash 	 wound spot on skin with BacterialCellulitis and purulent exudate; fever noted; denies itching 	 follow-up telemedicine consultation scheduled for next month http://telehealth.example.com,infectious
PAT2527,"Referred by Dr. David Sharma; patient ID MRN1439711

patient noticed a painful red spot on skin; pus discharge noted <br/> temp 1O1F; denies itching

painful infected skin spot; yellow pus drainage, temp 1O1F, started on Amoxici11in 500mg; no flaking

reviewed lab results; hemoglobin and renal function within normal limits",infectious
PAT2460,"Name: Elena Miller | Email: aukcrv@hospital.org | Phone: +91-8763540307 
 skin rash on elbows and forearm; SevereItching and scaling redness; no pus, no fever 
 patient noticed a red spot on skin; SevereItching with flaking scales; no infection, no fever 
 red skin rash with SevereItching; denies bleeding, no purulent drainage, not infected 
 patient advised on proper hydration and daily sunscreen application",inflammatory
PAT1164,"Name: Meera Khan | Email: qghqef@hospital.org | Phone: +91-8035949750 common skin mole; no redness, no pus, not tender, no changes in appearance stable skin mole present for years; no pain, no bleeding, not enlarged; denies fever, no pus routine check of skin spot; uniform brown color, circular border; no itching, no discharge, no redness vital signs stable at intake; alert and oriented x3",benign
PAT1452,"Name: John Khan | Email: zlpcno@hospital.org | Phone: +91-6939045857 routine check of skin spot; uniform brown color, circular border; no itching, no discharge, no redness benign skin spot on trunk; no ulceration, no bleeding, no itching, no discharge patient advised on proper hydration and daily sunscreen application",benign
PAT1888,"Name: Meera Garcia | Email: ryansy@hospital.org | Phone: +91-1246127254 	 pigmented skin spot; not healing, changing shape; denies rash, denies fever; suspicious of MalignantMelanoma 	 new dark spot on forearm; |rregular bord3rs; no purulent drainage, not painful 	 vital signs stable at intake; alert and oriented x3",malignant
PAT2686,"Name: Priya Lee | Email: yuqvze@hospital.org | Phone: +91-6770687195 	 skin spot on leg with BacterialCellulitis; warm, swollen, purulent drainage; denies bleeding mole 	 wound spot on skin with BacterialCellulitis and purulent exudate; fever noted; denies itching 	 follow-up telemedicine consultation scheduled for next month http://telehealth.example.com",infectious
PAT1184,"Patient: Sarah Garcia, DOB: 1975-02-19, MRN: MRN0012329 common skin mole; no redness, no pus, not tender, no changes in appearance routine check of skin spot; uniform brown color, circular border; no itching, no discharge, no redness benign skin spot on trunk; no ulceration, no bleeding, no itching, no discharge reviewed lab results; hemoglobin and renal function within normal limits",benign
PAT2378,"Referred by Dr. David Lee; patient ID MRN8679615 	 patient noticed a red spot on skin; SevereItching with flaking scales; no infection, no fever 	 pruritic red skin rash; SevereItching not responding to lotion; denies pus discharge 	 red itchy skin spot; intense burning sensation and SevereItching; no bleeding, not oozing 	 patient denies drug allergies; previous medical history non-contributory",inflammatory
PAT2373,"Referred by Dr. Meera Garcia; patient ID MRN3348013 skin rash on elbows and forearm; SevereItching and scaling redness; no pus, no fever pruritic red skin rash; SevereItching not responding to lotion; denies pus discharge flaking red skin spot; SevereItching at night; no fever, denies wound breakdown follow-up telemedicine consultation scheduled for next month http://telehealth.example.com",inflammatory
PAT2116,"Referred by Dr. Sarah Lee; patient ID MRN8207728 skin rash on elbows and forearm; SevereItching and scaling redness; no pus, no fever red itchy skin spot; intense burning sensation and SevereItching; no bleeding, not oozing patient denies drug allergies; previous medical history non-contributory",inflammatory
PAT1840,"Patient: Elena Patel, DOB: 1980-04-25, MRN: MRN7131933 pigmented skin spot; not healing, changing shape; denies rash, denies fever; suspicious of MalignantMelanoma new dark spot on forearm; |rregular bord3rs; no purulent drainage, not painful reviewed lab results; hemoglobin and renal function within normal limits",malignant
PAT2632,Name: Meera Sharma | Email: dwaubn@hospital.org | Phone: +91-9141850150 	 red skin spot with localized swelling and pus discharge; elevated temperature; no chronic rash 	 wound spot on skin with BacterialCellulitis and purulent exudate; fever noted; denies itching 	 patient denies drug allergies; previous medical history non-contributory,infectious
PAT2363,"Patient: John Khan, DOB: 1990-12-16, MRN: MRN3015068 	 patient noticed a red spot on skin; SevereItching with flaking scales; no infection, no fever 	 pruritic red skin rash; SevereItching not responding to lotion; denies pus discharge 	 red itchy skin spot; intense burning sensation and SevereItching; no bleeding, not oozing 	 vital signs stable at intake; alert and oriented x3",inflammatory
PAT2449,"Referred by Dr. Priya Smith; patient ID MRN7621254 
 pruritic red skin rash; SevereItching not responding to lotion; denies pus discharge 
 patient noticed a red spot on skin; SevereItching with flaking scales; no infection, no fever 
 patient denies drug allergies; previous medical history non-contributory",inflammatory
PAT1114,"Referred by Dr. David Singh; patient ID MRN5566048

small flesh-colored skin spot; no itching, no bleeding, not painful, completely asymptomatic 👍

stable skin mole present for years; no pain, no bleeding, not enlarged; denies fever, no pus

follow-up telemedicine consultation scheduled for next month http://telehealth.example.com",benign
PAT2927,"Patient: Meera Singh, DOB: 1954-07-22, MRN: MRN0110349 
 skin spot on leg with BacterialCellulitis; warm, swollen, purulent drainage; denies bleeding mole 
 red skin spot with localized swelling and pus discharge; elevated temperature; no chronic rash 
 patient noticed a painful red spot on skin; pus discharge noted <br/> temp 1O1F; denies itching 
 patient advised on proper hydration and daily sunscreen application",infectious
PAT2341,"Name: John Garcia | Email: rppwqn@hospital.org | Phone: +91-0704014787 
 pruritic red skin rash; SevereItching not responding to lotion; denies pus discharge 
 patient noticed a red spot on skin; SevereItching with flaking scales; no infection, no fever 
 red itchy skin spot; intense burning sensation and SevereItching; no bleeding, not oozing 
 follow-up telemedicine consultation scheduled for next month http://telehealth.example.com",inflammatory
PAT2969,"Referred by Dr. John Chen; patient ID MRN8537196 	 wound spot on skin with BacterialCellulitis and purulent exudate; fever noted; denies itching 	 red skin spot with localized swelling and pus discharge; elevated temperature; no chronic rash 	 skin spot on leg with BacterialCellulitis; warm, swollen, purulent drainage; denies bleeding mole 	 reviewed lab results; hemoglobin and renal function within normal limits",infectious
PAT2597,"Referred by Dr. Ravi Chen; patient ID MRN5008862

patient noticed a painful red spot on skin; pus discharge noted <br/> temp 1O1F; denies itching

skin spot on leg with BacterialCellulitis; warm, swollen, purulent drainage; denies bleeding mole

patient advised on proper hydration and daily sunscreen application",infectious
PAT2788,"Referred by Dr. Elena Smith; patient ID MRN6322130

wound spot on skin with BacterialCellulitis and purulent exudate; fever noted; denies itching

patient noticed a painful red spot on skin; pus discharge noted <br/> temp 1O1F; denies itching

blood pressure 120/80; heart rate regular; patient ambulatory",infectious
PAT1742,"Referred by Dr. Amit Khan; patient ID MRN7301037 pigmented skin spot; not healing, changing shape; denies rash, denies fever; suspicious of MalignantMelanoma skin spot on back; |rregular bord3rs and uneven dark color variegation; no fever, no pus dark skin mole on shoulder; BleedingLesion after shower; no itching, no discharge, not tender vital signs stable at intake; alert and oriented x3",malignant
PAT2480,"Patient: Sarah Smith, DOB: 1979-09-20, MRN: MRN8338142 pruritic red skin rash; SevereItching not responding to lotion; denies pus discharge red skin rash with SevereItching; denies bleeding, no purulent drainage, not infected patient denies drug allergies; previous medical history non-contributory",inflammatory
PAT2610,"Patient: David Sharma, DOB: 1987-06-15, MRN: MRN7509829 	 painful infected skin spot; yellow pus drainage, temp 1O1F, started on Amoxici11in 500mg; no flaking 	 patient noticed a painful red spot on skin; pus discharge noted <br/> temp 1O1F; denies itching 	 red skin spot with localized swelling and pus discharge; elevated temperature; no chronic rash 	 vital signs stable at intake; alert and oriented x3",infectious
PAT1018,"Name: Carlos Miller | Email: knoutz@hospital.org | Phone: +91-2999194162

stable skin mole present for years; no pain, no bleeding, not enlarged; denies fever, no pus

routine check of skin spot; uniform brown color, circular border; no itching, no discharge, no redness

common skin mole; no redness, no pus, not tender, no changes in appearance

reviewed lab results; hemoglobin and renal function within normal limits",benign
PAT2181,"Name: Meera Garcia | Email: inhhhk@hospital.org | Phone: +91-6959743418 	 patient noticed a red spot on skin; SevereItching with flaking scales; no infection, no fever 	 red skin rash with SevereItching; denies bleeding, no purulent drainage, not infected 	 patient advised on proper hydration and daily sunscreen application",inflammatory
PAT2534,"Referred by Dr. Sarah Nguyen; patient ID MRN7745400 painful infected skin spot; yellow pus drainage, temp 1O1F, started on Amoxici11in 500mg; no flaking wound spot on skin with BacterialCellulitis and purulent exudate; fever noted; denies itching patient advised on proper hydration and daily sunscreen application",infectious
PAT1811,"Name: Amit Patel | Email: oajabx@hospital.org | Phone: +91-2149055625 
 dark skin mole on shoulder; BleedingLesion after shower; no itching, no discharge, not tender 
 new dark spot on forearm; |rregular bord3rs; no purulent drainage, not painful 
 RapidlyEnlarging skin spot with notched borders; no infection, denies purulent drainage 
 reviewed lab results; hemoglobin and renal function within normal limits",malignant
PAT1020,"Patient: Meera Sharma, DOB: 2000-01-17, MRN: MRN7944607

small flesh-colored skin spot; no itching, no bleeding, not painful, completely asymptomatic 👍

routine check of skin spot; uniform brown color, circular border; no itching, no discharge, no redness

stable skin mole present for years; no pain, no bleeding, not enlarged; denies fever, no pus

vital signs stable at intake; alert and oriented x3",benign
PAT1490,"Name: Carlos Khan | Email: tdytmg@hospital.org | Phone: +91-7390478023

routine check of skin spot; uniform brown color, circular border; no itching, no discharge, no redness

benign skin spot on trunk; no ulceration, no bleeding, no itching, no discharge

small flesh-colored skin spot; no itching, no bleeding, not painful, completely asymptomatic 👍

patient denies drug allergies; previous medical history non-contributory",benign
PAT1472,"Referred by Dr. Sarah Miller; patient ID MRN7101966 benign skin spot on trunk; no ulceration, no bleeding, no itching, no discharge small flesh-colored skin spot; no itching, no bleeding, not painful, completely asymptomatic 👍 vital signs stable at intake; alert and oriented x3",benign
PAT2778,"Patient: Elena Patel, DOB: 1964-04-27, MRN: MRN1172784 
 patient noticed a painful red spot on skin; pus discharge noted <br/> temp 1O1F; denies itching 
 painful infected skin spot; yellow pus drainage, temp 1O1F, started on Amoxici11in 500mg; no flaking 
 blood pressure 120/80; heart rate regular; patient ambulatory",infectious
PAT2466,"Name: Carlos Nguyen | Email: yqfsgr@hospital.org | Phone: +91-4785755601 	 flaking red skin spot; SevereItching at night; no fever, denies wound breakdown 	 patient noticed a red spot on skin; SevereItching with flaking scales; no infection, no fever 	 vital signs stable at intake; alert and oriented x3",inflammatory
PAT2317,"Referred by Dr. Carlos Sharma; patient ID MRN8937139 skin rash on elbows and forearm; SevereItching and scaling redness; no pus, no fever red skin rash with SevereItching; denies bleeding, no purulent drainage, not infected blood pressure 120/80; heart rate regular; patient ambulatory",inflammatory
PAT1940,"Name: Sarah Khan | Email: vcwzwi@hospital.org | Phone: +91-2273711935 skin spot on back; |rregular bord3rs and uneven dark color variegation; no fever, no pus RapidlyEnlarging skin spot with notched borders; no infection, denies purulent drainage pigmented skin spot; not healing, changing shape; denies rash, denies fever; suspicious of MalignantMelanoma follow-up telemedicine consultation scheduled for next month http://telehealth.example.com",malignant
PAT2909,"Patient: Amit Khan, DOB: 1960-07-09, MRN: MRN3177299 	 patient noticed a painful red spot on skin; pus discharge noted <br/> temp 1O1F; denies itching 	 painful infected skin spot; yellow pus drainage, temp 1O1F, started on Amoxici11in 500mg; no flaking 	 red skin spot with localized swelling and pus discharge; elevated temperature; no chronic rash 	 reviewed lab results; hemoglobin and renal function within normal limits",infectious
PAT2760,"Referred by Dr. Elena Singh; patient ID MRN2027275 	 patient noticed a painful red spot on skin; pus discharge noted <br/> temp 1O1F; denies itching 	 skin spot on leg with BacterialCellulitis; warm, swollen, purulent drainage; denies bleeding mole 	 follow-up telemedicine consultation scheduled for next month http://telehealth.example.com",infectious
PAT2876,"Patient: Ravi Patel, DOB: 2005-06-06, MRN: MRN9813797

patient noticed a painful red spot on skin; pus discharge noted <br/> temp 1O1F; denies itching

painful infected skin spot; yellow pus drainage, temp 1O1F, started on Amoxici11in 500mg; no flaking

follow-up telemedicine consultation scheduled for next month http://telehealth.example.com",infectious
PAT1729,"Patient: John Nguyen, DOB: 1997-02-07, MRN: MRN0157629 
 skin spot on back; |rregular bord3rs and uneven dark color variegation; no fever, no pus 
 patient noticed a dark spot on skin; BleedingLesion and rapid growth; not painful, denies itching 
 RapidlyEnlarging skin spot with notched borders; no infection, denies purulent drainage 
 vital signs stable at intake; alert and oriented x3",malignant
PAT1301,"Name: David Lee | Email: eethom@hospital.org | Phone: +91-2146526542 	 small flesh-colored skin spot; no itching, no bleeding, not painful, completely asymptomatic 👍 	 patient noticed a skin spot on arm; no itching, no bleeding, no pain, not growing, denies fever 	 patient denies drug allergies; previous medical history non-contributory",benign
PAT2934,"Referred by Dr. Aisha Sharma; patient ID MRN2571721 	 wound spot on skin with BacterialCellulitis and purulent exudate; fever noted; denies itching 	 red skin spot with localized swelling and pus discharge; elevated temperature; no chronic rash 	 skin spot on leg with BacterialCellulitis; warm, swollen, purulent drainage; denies bleeding mole 	 vital signs stable at intake; alert and oriented x3",infectious
PAT2600,"Referred by Dr. Elena Nguyen; patient ID MRN4173675 
 painful infected skin spot; yellow pus drainage, temp 1O1F, started on Amoxici11in 500mg; no flaking 
 patient noticed a painful red spot on skin; pus discharge noted <br/> temp 1O1F; denies itching 
 skin spot on leg with BacterialCellulitis; warm, swollen, purulent drainage; denies bleeding mole 
 patient denies drug allergies; previous medical history non-contributory",infectious
PAT1906,"Patient: Meera Khan, DOB: 1967-05-21, MRN: MRN5488673

new dark spot on forearm; |rregular bord3rs; no purulent drainage, not painful

skin spot on back; |rregular bord3rs and uneven dark color variegation; no fever, no pus

RapidlyEnlarging skin spot with notched borders; no infection, denies purulent drainage

patient advised on proper hydration and daily sunscreen application",malignant
PAT2286,"Patient: John Patel, DOB: 1966-01-09, MRN: MRN7390047 	 flaking red skin spot; SevereItching at night; no fever, denies wound breakdown 	 pruritic red skin rash; SevereItching not responding to lotion; denies pus discharge 	 patient denies drug allergies; previous medical history non-contributory",inflammatory
PAT1262,"Patient: David Singh, DOB: 1964-04-09, MRN: MRN8929625 
 routine check of skin spot; uniform brown color, circular border; no itching, no discharge, no redness 
 small flesh-colored skin spot; no itching, no bleeding, not painful, completely asymptomatic 👍 
 patient noticed a skin spot on arm; no itching, no bleeding, no pain, not growing, denies fever 
 blood pressure 120/80; heart rate regular; patient ambulatory",benign
PAT2806,"Referred by Dr. Carlos Miller; patient ID MRN1190966 infected skin spot with swelling and pus drainage; on Amoxici11in; denies eczema skin spot on leg with BacterialCellulitis; warm, swollen, purulent drainage; denies bleeding mole patient advised on proper hydration and daily sunscreen application",infectious
PAT2510,"Patient: Meera Khan, DOB: 2005-07-18, MRN: MRN0621990 	 skin spot on leg with BacterialCellulitis; warm, swollen, purulent drainage; denies bleeding mole 	 patient noticed a painful red spot on skin; pus discharge noted <br/> temp 1O1F; denies itching 	 infected skin spot with swelling and pus drainage; on Amoxici11in; denies eczema 	 patient advised on proper hydration and daily sunscreen application",infectious
PAT1544,"Referred by Dr. Amit Nguyen; patient ID MRN4238766 skin spot on back; |rregular bord3rs and uneven dark color variegation; no fever, no pus dark skin mole on shoulder; BleedingLesion after shower; no itching, no discharge, not tender patient noticed a dark spot on skin; BleedingLesion and rapid growth; not painful, denies itching reviewed lab results; hemoglobin and renal function within normal limits",malignant
PAT1223,"Patient: Sarah Smith, DOB: 1960-06-17, MRN: MRN2344431 stable skin mole present for years; no pain, no bleeding, not enlarged; denies fever, no pus small flesh-colored skin spot; no itching, no bleeding, not painful, completely asymptomatic 👍 vital signs stable at intake; alert and oriented x3",benign
PAT1195,"Referred by Dr. Priya Nguyen; patient ID MRN0720043 routine check of skin spot; uniform brown color, circular border; no itching, no discharge, no redness small flesh-colored skin spot; no itching, no bleeding, not painful, completely asymptomatic 👍 patient advised on proper hydration and daily sunscreen application",benign
PAT1225,"Patient: Carlos Garcia, DOB: 1994-04-02, MRN: MRN8143685 	 routine check of skin spot; uniform brown color, circular border; no itching, no discharge, no redness 	 patient noticed a skin spot on arm; no itching, no bleeding, no pain, not growing, denies fever 	 vital signs stable at intake; alert and oriented x3",benign
PAT2020,"Referred by Dr. Ravi Nguyen; patient ID MRN3321336

patient noticed a red spot on skin; SevereItching with flaking scales; no infection, no fever

flaking red skin spot; SevereItching at night; no fever, denies wound breakdown

patient denies drug allergies; previous medical history non-contributory",inflammatory
PAT1659,"Patient: David Nguyen, DOB: 1982-06-06, MRN: MRN2101202

new dark spot on forearm; |rregular bord3rs; no purulent drainage, not painful

dark skin mole on shoulder; BleedingLesion after shower; no itching, no discharge, not tender

patient denies drug allergies; previous medical history non-contributory",malignant
PAT1581,"Name: Aisha Sharma | Email: sxbrgo@hospital.org | Phone: +91-6572490225 pigmented skin spot; not healing, changing shape; denies rash, denies fever; suspicious of MalignantMelanoma RapidlyEnlarging skin spot with notched borders; no infection, denies purulent drainage new dark spot on forearm; |rregular bord3rs; no purulent drainage, not painful reviewed lab results; hemoglobin and renal function within normal limits",malignant
PAT2804,Referred by Dr. Meera Patel; patient ID MRN5314966 patient noticed a painful red spot on skin; pus discharge noted <br/> temp 1O1F; denies itching wound spot on skin with BacterialCellulitis and purulent exudate; fever noted; denies itching vital signs stable at intake; alert and oriented x3,infectious
PAT1185,"Referred by Dr. John Khan; patient ID MRN3890926 	 small flesh-colored skin spot; no itching, no bleeding, not painful, completely asymptomatic 👍 	 common skin mole; no redness, no pus, not tender, no changes in appearance 	 routine check of skin spot; uniform brown color, circular border; no itching, no discharge, no redness 	 patient denies drug allergies; previous medical history non-contributory",benign
PAT2172,"Patient: Carlos Smith, DOB: 1950-07-13, MRN: MRN6594451 
 red itchy skin spot; intense burning sensation and SevereItching; no bleeding, not oozing 
 patient noticed a red spot on skin; SevereItching with flaking scales; no infection, no fever 
 blood pressure 120/80; heart rate regular; patient ambulatory",inflammatory
PAT2230,"Name: Sarah Garcia | Email: lkvsbv@hospital.org | Phone: +91-0064719887 
 flaking red skin spot; SevereItching at night; no fever, denies wound breakdown 
 skin rash on elbows and forearm; SevereItching and scaling redness; no pus, no fever 
 red itchy skin spot; intense burning sensation and SevereItching; no bleeding, not oozing 
 patient denies drug allergies; previous medical history non-contributory",inflammatory
PAT1250,"Name: Carlos Singh | Email: qqzuxn@hospital.org | Phone: +91-9720264852 	 common skin mole; no redness, no pus, not tender, no changes in appearance 	 small flesh-colored skin spot; no itching, no bleeding, not painful, completely asymptomatic 👍 	 stable skin mole present for years; no pain, no bleeding, not enlarged; denies fever, no pus 	 follow-up telemedicine consultation scheduled for next month http://telehealth.example.com",benign
PAT2168,"Name: John Chen | Email: eybhky@hospital.org | Phone: +91-1092307738

pruritic red skin rash; SevereItching not responding to lotion; denies pus discharge

flaking red skin spot; SevereItching at night; no fever, denies wound breakdown

patient denies drug allergies; previous medical history non-contributory",inflammatory
PAT2596,Referred by Dr. Aisha Lee; patient ID MRN1163069 	 red skin spot with localized swelling and pus discharge; elevated temperature; no chronic rash 	 wound spot on skin with BacterialCellulitis and purulent exudate; fever noted; denies itching 	 blood pressure 120/80; heart rate regular; patient ambulatory,infectious
PAT2613,"Patient: David Nguyen, DOB: 2005-06-26, MRN: MRN1485064 	 skin spot on leg with BacterialCellulitis; warm, swollen, purulent drainage; denies bleeding mole 	 red skin spot with localized swelling and pus discharge; elevated temperature; no chronic rash 	 painful infected skin spot; yellow pus drainage, temp 1O1F, started on Amoxici11in 500mg; no flaking 	 blood pressure 120/80; heart rate regular; patient ambulatory",infectious
PAT1053,"Referred by Dr. John Sharma; patient ID MRN0025558 	 common skin mole; no redness, no pus, not tender, no changes in appearance 	 patient noticed a skin spot on arm; no itching, no bleeding, no pain, not growing, denies fever 	 patient advised on proper hydration and daily sunscreen application",benign
PAT1572,"Name: Priya Garcia | Email: llotgu@hospital.org | Phone: +91-3796699428 
 dark skin mole on shoulder; BleedingLesion after shower; no itching, no discharge, not tender 
 patient noticed a dark spot on skin; BleedingLesion and rapid growth; not painful, denies itching 
 pigmented skin spot; not healing, changing shape; denies rash, denies fever; suspicious of MalignantMelanoma 
 vital signs stable at intake; alert and oriented x3",malignant
PAT2496,"Name: Aisha Khan | Email: briotc@hospital.org | Phone: +91-4570742011

flaking red skin spot; SevereItching at night; no fever, denies wound breakdown

red skin rash with SevereItching; denies bleeding, no purulent drainage, not infected

patient noticed a red spot on skin; SevereItching with flaking scales; no infection, no fever

follow-up telemedicine consultation scheduled for next month http://telehealth.example.com",inflammatory
PAT2958,Referred by Dr. Elena Garcia; patient ID MRN0728509 	 red skin spot with localized swelling and pus discharge; elevated temperature; no chronic rash 	 infected skin spot with swelling and pus drainage; on Amoxici11in; denies eczema 	 patient denies drug allergies; previous medical history non-contributory,infectious
PAT1850,"Name: Aisha Singh | Email: jikrwe@hospital.org | Phone: +91-0975932454 	 pigmented skin spot; not healing, changing shape; denies rash, denies fever; suspicious of MalignantMelanoma 	 patient noticed a dark spot on skin; BleedingLesion and rapid growth; not painful, denies itching 	 reviewed lab results; hemoglobin and renal function within normal limits",malignant
PAT1946,"Name: Carlos Lee | Email: lynujm@hospital.org | Phone: +91-5650782651

dark skin mole on shoulder; BleedingLesion after shower; no itching, no discharge, not tender

RapidlyEnlarging skin spot with notched borders; no infection, denies purulent drainage

skin spot on back; |rregular bord3rs and uneven dark color variegation; no fever, no pus

reviewed lab results; hemoglobin and renal function within normal limits",malignant
PAT1198,"Referred by Dr. Amit Miller; patient ID MRN7435218 	 common skin mole; no redness, no pus, not tender, no changes in appearance 	 benign skin spot on trunk; no ulceration, no bleeding, no itching, no discharge 	 stable skin mole present for years; no pain, no bleeding, not enlarged; denies fever, no pus 	 vital signs stable at intake; alert and oriented x3",benign
PAT1036,"Referred by Dr. Sarah Khan; patient ID MRN6266383 	 benign skin spot on trunk; no ulceration, no bleeding, no itching, no discharge 	 small flesh-colored skin spot; no itching, no bleeding, not painful, completely asymptomatic 👍 	 common skin mole; no redness, no pus, not tender, no changes in appearance 	 patient denies drug allergies; previous medical history non-contributory",benign
PAT2950,Name: Meera Smith | Email: pkhhtg@hospital.org | Phone: +91-9598149661 	 wound spot on skin with BacterialCellulitis and purulent exudate; fever noted; denies itching 	 patient noticed a painful red spot on skin; pus discharge noted <br/> temp 1O1F; denies itching 	 reviewed lab results; hemoglobin and renal function within normal limits,infectious
PAT2376,"Patient: Meera Miller, DOB: 1977-11-04, MRN: MRN5802534 	 red itchy skin spot; intense burning sensation and SevereItching; no bleeding, not oozing 	 patient noticed a red spot on skin; SevereItching with flaking scales; no infection, no fever 	 blood pressure 120/80; heart rate regular; patient ambulatory",inflammatory
PAT1777,"Name: Elena Lee | Email: wcaekh@hospital.org | Phone: +91-5581516242 	 skin spot on back; |rregular bord3rs and uneven dark color variegation; no fever, no pus 	 new dark spot on forearm; |rregular bord3rs; no purulent drainage, not painful 	 pigmented skin spot; not healing, changing shape; denies rash, denies fever; suspicious of MalignantMelanoma 	 patient advised on proper hydration and daily sunscreen application",malignant
PAT2331,"Patient: Sarah Garcia, DOB: 1952-01-28, MRN: MRN9559933

red itchy skin spot; intense burning sensation and SevereItching; no bleeding, not oozing

skin rash on elbows and forearm; SevereItching and scaling redness; no pus, no fever

vital signs stable at intake; alert and oriented x3",inflammatory
PAT1260,"Name: Amit Singh | Email: nxgust@hospital.org | Phone: +91-0635280123

benign skin spot on trunk; no ulceration, no bleeding, no itching, no discharge

common skin mole; no redness, no pus, not tender, no changes in appearance

patient noticed a skin spot on arm; no itching, no bleeding, no pain, not growing, denies fever

patient advised on proper hydration and daily sunscreen application",benign
PAT2713,Name: Meera Patel | Email: siuvkf@hospital.org | Phone: +91-7982107000 patient noticed a painful red spot on skin; pus discharge noted <br/> temp 1O1F; denies itching red skin spot with localized swelling and pus discharge; elevated temperature; no chronic rash reviewed lab results; hemoglobin and renal function within normal limits,infectious
PAT1708,"Name: Aisha Garcia | Email: guqdgc@hospital.org | Phone: +91-7553340894

dark skin mole on shoulder; BleedingLesion after shower; no itching, no discharge, not tender

patient noticed a dark spot on skin; BleedingLesion and rapid growth; not painful, denies itching

blood pressure 120/80; heart rate regular; patient ambulatory",malignant
PAT1339,"Referred by Dr. Sarah Chen; patient ID MRN3218900 
 stable skin mole present for years; no pain, no bleeding, not enlarged; denies fever, no pus 
 common skin mole; no redness, no pus, not tender, no changes in appearance 
 small flesh-colored skin spot; no itching, no bleeding, not painful, completely asymptomatic 👍 
 patient denies drug allergies; previous medical history non-contributory",benign
PAT1767,"Patient: Priya Patel, DOB: 1956-07-02, MRN: MRN4460187 pigmented skin spot; not healing, changing shape; denies rash, denies fever; suspicious of MalignantMelanoma dark skin mole on shoulder; BleedingLesion after shower; no itching, no discharge, not tender patient noticed a dark spot on skin; BleedingLesion and rapid growth; not painful, denies itching follow-up telemedicine consultation scheduled for next month http://telehealth.example.com",malignant
PAT2832,"Referred by Dr. Priya Nguyen; patient ID MRN6500378 	 wound spot on skin with BacterialCellulitis and purulent exudate; fever noted; denies itching 	 painful infected skin spot; yellow pus drainage, temp 1O1F, started on Amoxici11in 500mg; no flaking 	 blood pressure 120/80; heart rate regular; patient ambulatory",infectious
PAT1655,"Patient: Priya Miller, DOB: 2001-04-19, MRN: MRN4065851 	 RapidlyEnlarging skin spot with notched borders; no infection, denies purulent drainage 	 new dark spot on forearm; |rregular bord3rs; no purulent drainage, not painful 	 reviewed lab results; hemoglobin and renal function within normal limits",malignant
PAT1662,"Patient: John Lee, DOB: 1997-07-22, MRN: MRN7154445 pigmented skin spot; not healing, changing shape; denies rash, denies fever; suspicious of MalignantMelanoma dark skin mole on shoulder; BleedingLesion after shower; no itching, no discharge, not tender skin spot on back; |rregular bord3rs and uneven dark color variegation; no fever, no pus patient denies drug allergies; previous medical history non-contributory",malignant
PAT1409,"Referred by Dr. David Sharma; patient ID MRN8625259 
 small flesh-colored skin spot; no itching, no bleeding, not painful, completely asymptomatic 👍 
 common skin mole; no redness, no pus, not tender, no changes in appearance 
 patient noticed a skin spot on arm; no itching, no bleeding, no pain, not growing, denies fever 
 reviewed lab results; hemoglobin and renal function within normal limits",benign
PAT2964,"Patient: John Patel, DOB: 1998-10-23, MRN: MRN2637587 	 skin spot on leg with BacterialCellulitis; warm, swollen, purulent drainage; denies bleeding mole 	 patient noticed a painful red spot on skin; pus discharge noted <br/> temp 1O1F; denies itching 	 patient advised on proper hydration and daily sunscreen application",infectious
PAT2394,"Patient: Amit Patel, DOB: 1952-12-06, MRN: MRN7243036 red skin rash with SevereItching; denies bleeding, no purulent drainage, not infected pruritic red skin rash; SevereItching not responding to lotion; denies pus discharge patient denies drug allergies; previous medical history non-contributory",inflammatory
PAT2391,"Patient: Elena Chen, DOB: 1980-07-02, MRN: MRN8287854 	 red itchy skin spot; intense burning sensation and SevereItching; no bleeding, not oozing 	 pruritic red skin rash; SevereItching not responding to lotion; denies pus discharge 	 blood pressure 120/80; heart rate regular; patient ambulatory",inflammatory
PAT1524,"Referred by Dr. Aisha Sharma; patient ID MRN9224109 skin spot on back; |rregular bord3rs and uneven dark color variegation; no fever, no pus dark skin mole on shoulder; BleedingLesion after shower; no itching, no discharge, not tender new dark spot on forearm; |rregular bord3rs; no purulent drainage, not painful reviewed lab results; hemoglobin and renal function within normal limits",malignant
PAT2007,"Name: Carlos Garcia | Email: rcbjdq@hospital.org | Phone: +91-1063734238 
 patient noticed a red spot on skin; SevereItching with flaking scales; no infection, no fever 
 flaking red skin spot; SevereItching at night; no fever, denies wound breakdown 
 pruritic red skin rash; SevereItching not responding to lotion; denies pus discharge 
 patient advised on proper hydration and daily sunscreen application",inflammatory
PAT1496,"Patient: Aisha Khan, DOB: 1968-05-12, MRN: MRN9951323 	 benign skin spot on trunk; no ulceration, no bleeding, no itching, no discharge 	 small flesh-colored skin spot; no itching, no bleeding, not painful, completely asymptomatic 👍 	 vital signs stable at intake; alert and oriented x3",benign
PAT1047,"Referred by Dr. Sarah Sharma; patient ID MRN3691773 stable skin mole present for years; no pain, no bleeding, not enlarged; denies fever, no pus benign skin spot on trunk; no ulceration, no bleeding, no itching, no discharge patient noticed a skin spot on arm; no itching, no bleeding, no pain, not growing, denies fever patient advised on proper hydration and daily sunscreen application",benign
PAT2452,"Referred by Dr. David Singh; patient ID MRN8057791

red skin rash with SevereItching; denies bleeding, no purulent drainage, not infected

pruritic red skin rash; SevereItching not responding to lotion; denies pus discharge

reviewed lab results; hemoglobin and renal function within normal limits",inflammatory
PAT2365,"Referred by Dr. Priya Lee; patient ID MRN5286096

skin rash on elbows and forearm; SevereItching and scaling redness; no pus, no fever

flaking red skin spot; SevereItching at night; no fever, denies wound breakdown

pruritic red skin rash; SevereItching not responding to lotion; denies pus discharge

vital signs stable at intake; alert and oriented x3",inflammatory
PAT2676,Referred by Dr. John Singh; patient ID MRN8135662 red skin spot with localized swelling and pus discharge; elevated temperature; no chronic rash wound spot on skin with BacterialCellulitis and purulent exudate; fever noted; denies itching vital signs stable at intake; alert and oriented x3,infectious
PAT1403,"Patient: David Patel, DOB: 2001-07-20, MRN: MRN9610296 benign skin spot on trunk; no ulceration, no bleeding, no itching, no discharge routine check of skin spot; uniform brown color, circular border; no itching, no discharge, no redness common skin mole; no redness, no pus, not tender, no changes in appearance patient advised on proper hydration and daily sunscreen application",benign
PAT1314,"Patient: Priya Singh, DOB: 1980-04-15, MRN: MRN1780349 patient noticed a skin spot on arm; no itching, no bleeding, no pain, not growing, denies fever common skin mole; no redness, no pus, not tender, no changes in appearance stable skin mole present for years; no pain, no bleeding, not enlarged; denies fever, no pus blood pressure 120/80; heart rate regular; patient ambulatory",benign
PAT1369,"Patient: John Sharma, DOB: 2000-04-03, MRN: MRN6701403

small flesh-colored skin spot; no itching, no bleeding, not painful, completely asymptomatic 👍

patient noticed a skin spot on arm; no itching, no bleeding, no pain, not growing, denies fever

follow-up telemedicine consultation scheduled for next month http://telehealth.example.com",benign
PAT1780,"Referred by Dr. David Chen; patient ID MRN1451264 
 new dark spot on forearm; |rregular bord3rs; no purulent drainage, not painful 
 skin spot on back; |rregular bord3rs and uneven dark color variegation; no fever, no pus 
 follow-up telemedicine consultation scheduled for next month http://telehealth.example.com",malignant
PAT2258,"Patient: Priya Garcia, DOB: 1997-05-01, MRN: MRN6122697 
 red itchy skin spot; intense burning sensation and SevereItching; no bleeding, not oozing 
 red skin rash with SevereItching; denies bleeding, no purulent drainage, not infected 
 flaking red skin spot; SevereItching at night; no fever, denies wound breakdown 
 patient advised on proper hydration and daily sunscreen application",inflammatory
PAT1101,"Patient: John Khan, DOB: 1976-04-09, MRN: MRN9444445 benign skin spot on trunk; no ulceration, no bleeding, no itching, no discharge routine check of skin spot; uniform brown color, circular border; no itching, no discharge, no redness patient advised on proper hydration and daily sunscreen application",benign
PAT1686,"Name: Carlos Singh | Email: sgzluz@hospital.org | Phone: +91-8142585016

pigmented skin spot; not healing, changing shape; denies rash, denies fever; suspicious of MalignantMelanoma

new dark spot on forearm; |rregular bord3rs; no purulent drainage, not painful

blood pressure 120/80; heart rate regular; patient ambulatory",malignant
PAT1611,"Referred by Dr. Elena Lee; patient ID MRN7888511 skin spot on back; |rregular bord3rs and uneven dark color variegation; no fever, no pus new dark spot on forearm; |rregular bord3rs; no purulent drainage, not painful blood pressure 120/80; heart rate regular; patient ambulatory",malignant
PAT2140,"Referred by Dr. Elena Lee; patient ID MRN8168059 	 red skin rash with SevereItching; denies bleeding, no purulent drainage, not infected 	 patient noticed a red spot on skin; SevereItching with flaking scales; no infection, no fever 	 reviewed lab results; hemoglobin and renal function within normal limits",inflammatory
PAT2349,"Name: John Chen | Email: yoyyhb@hospital.org | Phone: +91-2576813739 
 red skin rash with SevereItching; denies bleeding, no purulent drainage, not infected 
 red itchy skin spot; intense burning sensation and SevereItching; no bleeding, not oozing 
 patient advised on proper hydration and daily sunscreen application",inflammatory
PAT1766,"Referred by Dr. Priya Lee; patient ID MRN7833108 	 dark skin mole on shoulder; BleedingLesion after shower; no itching, no discharge, not tender 	 new dark spot on forearm; |rregular bord3rs; no purulent drainage, not painful 	 follow-up telemedicine consultation scheduled for next month http://telehealth.example.com",malignant
PAT1925,"Name: Aisha Chen | Email: dtmayj@hospital.org | Phone: +91-9187984099 skin spot on back; |rregular bord3rs and uneven dark color variegation; no fever, no pus dark skin mole on shoulder; BleedingLesion after shower; no itching, no discharge, not tender reviewed lab results; hemoglobin and renal function within normal limits",malignant
PAT2689,"Patient: Elena Miller, DOB: 1983-01-01, MRN: MRN4181122

skin spot on leg with BacterialCellulitis; warm, swollen, purulent drainage; denies bleeding mole

patient noticed a painful red spot on skin; pus discharge noted <br/> temp 1O1F; denies itching

painful infected skin spot; yellow pus drainage, temp 1O1F, started on Amoxici11in 500mg; no flaking

vital signs stable at intake; alert and oriented x3",infectious
PAT2251,"Referred by Dr. David Nguyen; patient ID MRN9008005

flaking red skin spot; SevereItching at night; no fever, denies wound breakdown

patient noticed a red spot on skin; SevereItching with flaking scales; no infection, no fever

red skin rash with SevereItching; denies bleeding, no purulent drainage, not infected

patient denies drug allergies; previous medical history non-contributory",inflammatory
PAT2907,Name: Meera Patel | Email: sktsqg@hospital.org | Phone: +91-8175625742 	 infected skin spot with swelling and pus drainage; on Amoxici11in; denies eczema 	 wound spot on skin with BacterialCellulitis and purulent exudate; fever noted; denies itching 	 follow-up telemedicine consultation scheduled for next month http://telehealth.example.com,infectious
PAT2831,"Name: David Sharma | Email: decjgy@hospital.org | Phone: +91-4624506458

wound spot on skin with BacterialCellulitis and purulent exudate; fever noted; denies itching

painful infected skin spot; yellow pus drainage, temp 1O1F, started on Amoxici11in 500mg; no flaking

vital signs stable at intake; alert and oriented x3",infectious
PAT1522,"Referred by Dr. Sarah Miller; patient ID MRN5670140 dark skin mole on shoulder; BleedingLesion after shower; no itching, no discharge, not tender pigmented skin spot; not healing, changing shape; denies rash, denies fever; suspicious of MalignantMelanoma skin spot on back; |rregular bord3rs and uneven dark color variegation; no fever, no pus vital signs stable at intake; alert and oriented x3",malignant
PAT2225,"Patient: Priya Garcia, DOB: 1976-01-05, MRN: MRN1738821 	 flaking red skin spot; SevereItching at night; no fever, denies wound breakdown 	 pruritic red skin rash; SevereItching not responding to lotion; denies pus discharge 	 red skin rash with SevereItching; denies bleeding, no purulent drainage, not infected 	 patient advised on proper hydration and daily sunscreen application",inflammatory
PAT1494,"Referred by Dr. Elena Miller; patient ID MRN2695460 	 benign skin spot on trunk; no ulceration, no bleeding, no itching, no discharge 	 routine check of skin spot; uniform brown color, circular border; no itching, no discharge, no redness 	 reviewed lab results; hemoglobin and renal function within normal limits",benign
PAT2733,"Patient: Carlos Khan, DOB: 2002-10-25, MRN: MRN7623175 
 infected skin spot with swelling and pus drainage; on Amoxici11in; denies eczema 
 red skin spot with localized swelling and pus discharge; elevated temperature; no chronic rash 
 blood pressure 120/80; heart rate regular; patient ambulatory",infectious
PAT1797,"Name: Priya Patel | Email: nwbojt@hospital.org | Phone: +91-2733012367 	 new dark spot on forearm; |rregular bord3rs; no purulent drainage, not painful 	 RapidlyEnlarging skin spot with notched borders; no infection, denies purulent drainage 	 reviewed lab results; hemoglobin and renal function within normal limits",malignant
PAT2436,"Referred by Dr. Carlos Patel; patient ID MRN1494531

red itchy skin spot; intense burning sensation and SevereItching; no bleeding, not oozing

flaking red skin spot; SevereItching at night; no fever, denies wound breakdown

red skin rash with SevereItching; denies bleeding, no purulent drainage, not infected

patient denies drug allergies; previous medical history non-contributory",inflammatory
PAT1993,"Referred by Dr. Meera Patel; patient ID MRN8372508

dark skin mole on shoulder; BleedingLesion after shower; no itching, no discharge, not tender

new dark spot on forearm; |rregular bord3rs; no purulent drainage, not painful

patient denies drug allergies; previous medical history non-contributory",malignant
PAT1460,"Referred by Dr. Carlos Smith; patient ID MRN7804445

patient noticed a skin spot on arm; no itching, no bleeding, no pain, not growing, denies fever

stable skin mole present for years; no pain, no bleeding, not enlarged; denies fever, no pus

small flesh-colored skin spot; no itching, no bleeding, not painful, completely asymptomatic 👍

blood pressure 120/80; heart rate regular; patient ambulatory",benign
PAT1958,"Name: Ravi Chen | Email: asjfle@hospital.org | Phone: +91-1482961656 skin spot on back; |rregular bord3rs and uneven dark color variegation; no fever, no pus dark skin mole on shoulder; BleedingLesion after shower; no itching, no discharge, not tender RapidlyEnlarging skin spot with notched borders; no infection, denies purulent drainage follow-up telemedicine consultation scheduled for next month http://telehealth.example.com",malignant
PAT2645,"Patient: Ravi Garcia, DOB: 1978-05-03, MRN: MRN4432838 
 skin spot on leg with BacterialCellulitis; warm, swollen, purulent drainage; denies bleeding mole 
 red skin spot with localized swelling and pus discharge; elevated temperature; no chronic rash 
 infected skin spot with swelling and pus drainage; on Amoxici11in; denies eczema 
 patient advised on proper hydration and daily sunscreen application",infectious
PAT2768,"Referred by Dr. Meera Nguyen; patient ID MRN8401429 
 red skin spot with localized swelling and pus discharge; elevated temperature; no chronic rash 
 patient noticed a painful red spot on skin; pus discharge noted <br/> temp 1O1F; denies itching 
 infected skin spot with swelling and pus drainage; on Amoxici11in; denies eczema 
 reviewed lab results; hemoglobin and renal function within normal limits",infectious
PAT2932,"Name: Elena Garcia | Email: bvsrwl@hospital.org | Phone: +91-4039834098 
 infected skin spot with swelling and pus drainage; on Amoxici11in; denies eczema 
 painful infected skin spot; yellow pus drainage, temp 1O1F, started on Amoxici11in 500mg; no flaking 
 patient noticed a painful red spot on skin; pus discharge noted <br/> temp 1O1F; denies itching 
 patient denies drug allergies; previous medical history non-contributory",infectious
PAT2431,"Name: Ravi Patel | Email: unmuna@hospital.org | Phone: +91-4889640509

flaking red skin spot; SevereItching at night; no fever, denies wound breakdown

pruritic red skin rash; SevereItching not responding to lotion; denies pus discharge

blood pressure 120/80; heart rate regular; patient ambulatory",inflammatory
PAT2274,"Patient: David Patel, DOB: 1994-05-08, MRN: MRN1269954 pruritic red skin rash; SevereItching not responding to lotion; denies pus discharge patient noticed a red spot on skin; SevereItching with flaking scales; no infection, no fever patient advised on proper hydration and daily sunscreen application",inflammatory
PAT2757,"Referred by Dr. John Miller; patient ID MRN5784394

red skin spot with localized swelling and pus discharge; elevated temperature; no chronic rash

wound spot on skin with BacterialCellulitis and purulent exudate; fever noted; denies itching

painful infected skin spot; yellow pus drainage, temp 1O1F, started on Amoxici11in 500mg; no flaking

follow-up telemedicine consultation scheduled for next month http://telehealth.example.com",infectious
PAT1892,"Referred by Dr. Amit Miller; patient ID MRN2611019 
 patient noticed a dark spot on skin; BleedingLesion and rapid growth; not painful, denies itching 
 skin spot on back; |rregular bord3rs and uneven dark color variegation; no fever, no pus 
 follow-up telemedicine consultation scheduled for next month http://telehealth.example.com",malignant
PAT1710,"Name: Amit Singh | Email: bofncf@hospital.org | Phone: +91-6946311698 patient noticed a dark spot on skin; BleedingLesion and rapid growth; not painful, denies itching skin spot on back; |rregular bord3rs and uneven dark color variegation; no fever, no pus pigmented skin spot; not healing, changing shape; denies rash, denies fever; suspicious of MalignantMelanoma reviewed lab results; hemoglobin and renal function within normal limits",malignant
PAT1379,"Referred by Dr. Aisha Khan; patient ID MRN7863253 benign skin spot on trunk; no ulceration, no bleeding, no itching, no discharge small flesh-colored skin spot; no itching, no bleeding, not painful, completely asymptomatic 👍 patient advised on proper hydration and daily sunscreen application",benign
PAT2495,"Name: Meera Patel | Email: wshjqg@hospital.org | Phone: +91-9065246159 
 red itchy skin spot; intense burning sensation and SevereItching; no bleeding, not oozing 
 patient noticed a red spot on skin; SevereItching with flaking scales; no infection, no fever 
 vital signs stable at intake; alert and oriented x3",inflammatory
PAT1439,"Name: Meera Nguyen | Email: cnkygy@hospital.org | Phone: +91-1802186347 
 benign skin spot on trunk; no ulceration, no bleeding, no itching, no discharge 
 stable skin mole present for years; no pain, no bleeding, not enlarged; denies fever, no pus 
 patient noticed a skin spot on arm; no itching, no bleeding, no pain, not growing, denies fever 
 follow-up telemedicine consultation scheduled for next month http://telehealth.example.com",benign
PAT1630,"Name: Carlos Lee | Email: mutvkg@hospital.org | Phone: +91-8923777079 new dark spot on forearm; |rregular bord3rs; no purulent drainage, not painful RapidlyEnlarging skin spot with notched borders; no infection, denies purulent drainage patient noticed a dark spot on skin; BleedingLesion and rapid growth; not painful, denies itching patient advised on proper hydration and daily sunscreen application",malignant
PAT2813,"Name: Elena Smith | Email: sbyalv@hospital.org | Phone: +91-1617453376 
 patient noticed a painful red spot on skin; pus discharge noted <br/> temp 1O1F; denies itching 
 skin spot on leg with BacterialCellulitis; warm, swollen, purulent drainage; denies bleeding mole 
 wound spot on skin with BacterialCellulitis and purulent exudate; fever noted; denies itching 
 patient denies drug allergies; previous medical history non-contributory",infectious
PAT1859,"Referred by Dr. John Garcia; patient ID MRN3963918 	 patient noticed a dark spot on skin; BleedingLesion and rapid growth; not painful, denies itching 	 RapidlyEnlarging skin spot with notched borders; no infection, denies purulent drainage 	 blood pressure 120/80; heart rate regular; patient ambulatory",malignant
PAT1172,"Name: Meera Patel | Email: jtutmy@hospital.org | Phone: +91-8405745218 	 benign skin spot on trunk; no ulceration, no bleeding, no itching, no discharge 	 routine check of skin spot; uniform brown color, circular border; no itching, no discharge, no redness 	 patient advised on proper hydration and daily sunscreen application",benign
PAT1621,"Name: Priya Miller | Email: ruslpv@hospital.org | Phone: +91-0009915257 RapidlyEnlarging skin spot with notched borders; no infection, denies purulent drainage patient noticed a dark spot on skin; BleedingLesion and rapid growth; not painful, denies itching blood pressure 120/80; heart rate regular; patient ambulatory",malignant
PAT2396,"Referred by Dr. Carlos Lee; patient ID MRN8289938 
 patient noticed a red spot on skin; SevereItching with flaking scales; no infection, no fever 
 pruritic red skin rash; SevereItching not responding to lotion; denies pus discharge 
 patient advised on proper hydration and daily sunscreen application",inflammatory
PAT2933,"Referred by Dr. Meera Khan; patient ID MRN8896782

wound spot on skin with BacterialCellulitis and purulent exudate; fever noted; denies itching

patient noticed a painful red spot on skin; pus discharge noted <br/> temp 1O1F; denies itching

red skin spot with localized swelling and pus discharge; elevated temperature; no chronic rash

patient advised on proper hydration and daily sunscreen application",infectious
PAT1200,"Referred by Dr. Aisha Sharma; patient ID MRN4677007 	 common skin mole; no redness, no pus, not tender, no changes in appearance 	 small flesh-colored skin spot; no itching, no bleeding, not painful, completely asymptomatic 👍 	 vital signs stable at intake; alert and oriented x3",benign
PAT2122,"Referred by Dr. Sarah Lee; patient ID MRN5462525 
 flaking red skin spot; SevereItching at night; no fever, denies wound breakdown 
 red itchy skin spot; intense burning sensation and SevereItching; no bleeding, not oozing 
 follow-up telemedicine consultation scheduled for next month http://telehealth.example.com",inflammatory
PAT2093,"Referred by Dr. Elena Miller; patient ID MRN1106254 pruritic red skin rash; SevereItching not responding to lotion; denies pus discharge red itchy skin spot; intense burning sensation and SevereItching; no bleeding, not oozing skin rash on elbows and forearm; SevereItching and scaling redness; no pus, no fever vital signs stable at intake; alert and oriented x3",inflammatory
PAT2429,"Referred by Dr. Priya Chen; patient ID MRN3229114

red itchy skin spot; intense burning sensation and SevereItching; no bleeding, not oozing

pruritic red skin rash; SevereItching not responding to lotion; denies pus discharge

red skin rash with SevereItching; denies bleeding, no purulent drainage, not infected

patient advised on proper hydration and daily sunscreen application",inflammatory
PAT2329,"Name: Amit Singh | Email: twdpns@hospital.org | Phone: +91-6196919031 
 red itchy skin spot; intense burning sensation and SevereItching; no bleeding, not oozing 
 flaking red skin spot; SevereItching at night; no fever, denies wound breakdown 
 patient denies drug allergies; previous medical history non-contributory",inflammatory
PAT2622,"Name: Amit Chen | Email: llivka@hospital.org | Phone: +91-2509444957

red skin spot with localized swelling and pus discharge; elevated temperature; no chronic rash

wound spot on skin with BacterialCellulitis and purulent exudate; fever noted; denies itching

skin spot on leg with BacterialCellulitis; warm, swollen, purulent drainage; denies bleeding mole

patient denies drug allergies; previous medical history non-contributory",infectious
PAT1956,"Name: Meera Garcia | Email: bpford@hospital.org | Phone: +91-4471625287 
 new dark spot on forearm; |rregular bord3rs; no purulent drainage, not painful 
 skin spot on back; |rregular bord3rs and uneven dark color variegation; no fever, no pus 
 pigmented skin spot; not healing, changing shape; denies rash, denies fever; suspicious of MalignantMelanoma 
 reviewed lab results; hemoglobin and renal function within normal limits",malignant
PAT2855,"Name: Amit Smith | Email: fwvirj@hospital.org | Phone: +91-3013522591 
 skin spot on leg with BacterialCellulitis; warm, swollen, purulent drainage; denies bleeding mole 
 infected skin spot with swelling and pus drainage; on Amoxici11in; denies eczema 
 red skin spot with localized swelling and pus discharge; elevated temperature; no chronic rash 
 vital signs stable at intake; alert and oriented x3",infectious
PAT2216,"Name: Meera Lee | Email: bqfvqx@hospital.org | Phone: +91-8458830509 pruritic red skin rash; SevereItching not responding to lotion; denies pus discharge flaking red skin spot; SevereItching at night; no fever, denies wound breakdown reviewed lab results; hemoglobin and renal function within normal limits",inflammatory
PAT2285,"Patient: Ravi Lee, DOB: 1955-09-25, MRN: MRN1118107

skin rash on elbows and forearm; SevereItching and scaling redness; no pus, no fever

pruritic red skin rash; SevereItching not responding to lotion; denies pus discharge

flaking red skin spot; SevereItching at night; no fever, denies wound breakdown

blood pressure 120/80; heart rate regular; patient ambulatory",inflammatory
PAT2562,"Name: Priya Sharma | Email: nfdkbb@hospital.org | Phone: +91-4936816583 painful infected skin spot; yellow pus drainage, temp 1O1F, started on Amoxici11in 500mg; no flaking wound spot on skin with BacterialCellulitis and purulent exudate; fever noted; denies itching vital signs stable at intake; alert and oriented x3",infectious
PAT1619,"Name: Elena Patel | Email: rqneor@hospital.org | Phone: +91-3343788682 
 pigmented skin spot; not healing, changing shape; denies rash, denies fever; suspicious of MalignantMelanoma 
 new dark spot on forearm; |rregular bord3rs; no purulent drainage, not painful 
 patient noticed a dark spot on skin; BleedingLesion and rapid growth; not painful, denies itching 
 patient advised on proper hydration and daily sunscreen application",malignant
PAT1541,"Patient: Sarah Garcia, DOB: 1993-04-23, MRN: MRN7935254 
 patient noticed a dark spot on skin; BleedingLesion and rapid growth; not painful, denies itching 
 dark skin mole on shoulder; BleedingLesion after shower; no itching, no discharge, not tender 
 RapidlyEnlarging skin spot with notched borders; no infection, denies purulent drainage 
 vital signs stable at intake; alert and oriented x3",malignant
PAT2223,"Name: Carlos Smith | Email: wptfhs@hospital.org | Phone: +91-6537183742 
 red itchy skin spot; intense burning sensation and SevereItching; no bleeding, not oozing 
 skin rash on elbows and forearm; SevereItching and scaling redness; no pus, no fever 
 red skin rash with SevereItching; denies bleeding, no purulent drainage, not infected 
 blood pressure 120/80; heart rate regular; patient ambulatory",inflammatory
PAT2405,"Patient: Amit Miller, DOB: 1996-11-18, MRN: MRN0330010 	 red itchy skin spot; intense burning sensation and SevereItching; no bleeding, not oozing 	 red skin rash with SevereItching; denies bleeding, no purulent drainage, not infected 	 vital signs stable at intake; alert and oriented x3",inflammatory
PAT1273,"Referred by Dr. John Chen; patient ID MRN9965662 routine check of skin spot; uniform brown color, circular border; no itching, no discharge, no redness small flesh-colored skin spot; no itching, no bleeding, not painful, completely asymptomatic 👍 vital signs stable at intake; alert and oriented x3",benign
PAT1643,"Referred by Dr. John Smith; patient ID MRN1289278

dark skin mole on shoulder; BleedingLesion after shower; no itching, no discharge, not tender

new dark spot on forearm; |rregular bord3rs; no purulent drainage, not painful

patient advised on proper hydration and daily sunscreen application",malignant
PAT1782,"Name: David Patel | Email: niffrd@hospital.org | Phone: +91-0553313119

skin spot on back; |rregular bord3rs and uneven dark color variegation; no fever, no pus

RapidlyEnlarging skin spot with notched borders; no infection, denies purulent drainage

vital signs stable at intake; alert and oriented x3",malignant
PAT2030,"Patient: Meera Lee, DOB: 1983-12-02, MRN: MRN5597060

flaking red skin spot; SevereItching at night; no fever, denies wound breakdown

patient noticed a red spot on skin; SevereItching with flaking scales; no infection, no fever

vital signs stable at intake; alert and oriented x3",inflammatory
PAT2854,"Patient: Aisha Sharma, DOB: 1970-04-26, MRN: MRN8570354 infected skin spot with swelling and pus drainage; on Amoxici11in; denies eczema skin spot on leg with BacterialCellulitis; warm, swollen, purulent drainage; denies bleeding mole patient noticed a painful red spot on skin; pus discharge noted <br/> temp 1O1F; denies itching follow-up telemedicine consultation scheduled for next month http://telehealth.example.com",infectious
PAT1434,"Referred by Dr. David Smith; patient ID MRN0741314 	 routine check of skin spot; uniform brown color, circular border; no itching, no discharge, no redness 	 common skin mole; no redness, no pus, not tender, no changes in appearance 	 benign skin spot on trunk; no ulceration, no bleeding, no itching, no discharge 	 reviewed lab results; hemoglobin and renal function within normal limits",benign
PAT1041,"Name: Elena Garcia | Email: exwgtd@hospital.org | Phone: +91-6390224218

common skin mole; no redness, no pus, not tender, no changes in appearance

patient noticed a skin spot on arm; no itching, no bleeding, no pain, not growing, denies fever

small flesh-colored skin spot; no itching, no bleeding, not painful, completely asymptomatic 👍

patient denies drug allergies; previous medical history non-contributory",benign
PAT1909,"Referred by Dr. Amit Singh; patient ID MRN6205039 
 skin spot on back; |rregular bord3rs and uneven dark color variegation; no fever, no pus 
 dark skin mole on shoulder; BleedingLesion after shower; no itching, no discharge, not tender 
 blood pressure 120/80; heart rate regular; patient ambulatory",malignant
PAT2357,"Referred by Dr. Ravi Miller; patient ID MRN8524422

red skin rash with SevereItching; denies bleeding, no purulent drainage, not infected

flaking red skin spot; SevereItching at night; no fever, denies wound breakdown

pruritic red skin rash; SevereItching not responding to lotion; denies pus discharge

patient advised on proper hydration and daily sunscreen application",inflammatory
PAT2734,"Patient: Elena Nguyen, DOB: 1984-11-04, MRN: MRN5565084 	 painful infected skin spot; yellow pus drainage, temp 1O1F, started on Amoxici11in 500mg; no flaking 	 infected skin spot with swelling and pus drainage; on Amoxici11in; denies eczema 	 patient advised on proper hydration and daily sunscreen application",infectious
PAT2951,"Referred by Dr. Meera Singh; patient ID MRN1548743

skin spot on leg with BacterialCellulitis; warm, swollen, purulent drainage; denies bleeding mole

patient noticed a painful red spot on skin; pus discharge noted <br/> temp 1O1F; denies itching

painful infected skin spot; yellow pus drainage, temp 1O1F, started on Amoxici11in 500mg; no flaking

vital signs stable at intake; alert and oriented x3",infectious
PAT1074,"Name: Ravi Nguyen | Email: juqtnl@hospital.org | Phone: +91-2392251107 	 benign skin spot on trunk; no ulceration, no bleeding, no itching, no discharge 	 common skin mole; no redness, no pus, not tender, no changes in appearance 	 blood pressure 120/80; heart rate regular; patient ambulatory",benign
PAT2102,"Referred by Dr. Elena Garcia; patient ID MRN5485032 	 skin rash on elbows and forearm; SevereItching and scaling redness; no pus, no fever 	 red skin rash with SevereItching; denies bleeding, no purulent drainage, not infected 	 red itchy skin spot; intense burning sensation and SevereItching; no bleeding, not oozing 	 reviewed lab results; hemoglobin and renal function within normal limits",inflammatory
PAT2103,"Name: Aisha Miller | Email: iclzlm@hospital.org | Phone: +91-1140512098

pruritic red skin rash; SevereItching not responding to lotion; denies pus discharge

flaking red skin spot; SevereItching at night; no fever, denies wound breakdown

red itchy skin spot; intense burning sensation and SevereItching; no bleeding, not oozing

vital signs stable at intake; alert and oriented x3",inflammatory
PAT2517,"Referred by Dr. Aisha Sharma; patient ID MRN9065033 	 skin spot on leg with BacterialCellulitis; warm, swollen, purulent drainage; denies bleeding mole 	 wound spot on skin with BacterialCellulitis and purulent exudate; fever noted; denies itching 	 vital signs stable at intake; alert and oriented x3",infectious
PAT1919,"Name: Ravi Garcia | Email: bkujru@hospital.org | Phone: +91-0923704998 	 new dark spot on forearm; |rregular bord3rs; no purulent drainage, not painful 	 dark skin mole on shoulder; BleedingLesion after shower; no itching, no discharge, not tender 	 patient denies drug allergies; previous medical history non-contributory",malignant
PAT1462,"Patient: Aisha Garcia, DOB: 2004-02-10, MRN: MRN9512809 stable skin mole present for years; no pain, no bleeding, not enlarged; denies fever, no pus small flesh-colored skin spot; no itching, no bleeding, not painful, completely asymptomatic 👍 benign skin spot on trunk; no ulceration, no bleeding, no itching, no discharge patient advised on proper hydration and daily sunscreen application",benign
PAT1519,"Name: Meera Khan | Email: jtchjn@hospital.org | Phone: +91-7761456574 
 new dark spot on forearm; |rregular bord3rs; no purulent drainage, not painful 
 skin spot on back; |rregular bord3rs and uneven dark color variegation; no fever, no pus 
 RapidlyEnlarging skin spot with notched borders; no infection, denies purulent drainage 
 patient denies drug allergies; previous medical history non-contributory",malignant
PAT1167,"Patient: Ravi Singh, DOB: 2004-02-10, MRN: MRN9242108 	 stable skin mole present for years; no pain, no bleeding, not enlarged; denies fever, no pus 	 small flesh-colored skin spot; no itching, no bleeding, not painful, completely asymptomatic 👍 	 common skin mole; no redness, no pus, not tender, no changes in appearance 	 follow-up telemedicine consultation scheduled for next month http://telehealth.example.com",benign
PAT1564,"Patient: John Miller, DOB: 1987-08-12, MRN: MRN0218127 	 new dark spot on forearm; |rregular bord3rs; no purulent drainage, not painful 	 dark skin mole on shoulder; BleedingLesion after shower; no itching, no discharge, not tender 	 pigmented skin spot; not healing, changing shape; denies rash, denies fever; suspicious of MalignantMelanoma 	 reviewed lab results; hemoglobin and renal function within normal limits",malignant
PAT2567,"Referred by Dr. David Singh; patient ID MRN1212110

wound spot on skin with BacterialCellulitis and purulent exudate; fever noted; denies itching

patient noticed a painful red spot on skin; pus discharge noted <br/> temp 1O1F; denies itching

infected skin spot with swelling and pus drainage; on Amoxici11in; denies eczema

patient denies drug allergies; previous medical history non-contributory",infectious
PAT2573,"Patient: Amit Singh, DOB: 1959-12-13, MRN: MRN1248896

patient noticed a painful red spot on skin; pus discharge noted <br/> temp 1O1F; denies itching

red skin spot with localized swelling and pus discharge; elevated temperature; no chronic rash

painful infected skin spot; yellow pus drainage, temp 1O1F, started on Amoxici11in 500mg; no flaking

patient denies drug allergies; previous medical history non-contributory",infectious
PAT1815,"Name: Meera Singh | Email: khkdzb@hospital.org | Phone: +91-9144617779 pigmented skin spot; not healing, changing shape; denies rash, denies fever; suspicious of MalignantMelanoma dark skin mole on shoulder; BleedingLesion after shower; no itching, no discharge, not tender reviewed lab results; hemoglobin and renal function within normal limits",malignant
PAT2183,"Patient: Meera Singh, DOB: 1991-01-27, MRN: MRN5688801 	 red skin rash with SevereItching; denies bleeding, no purulent drainage, not infected 	 patient noticed a red spot on skin; SevereItching with flaking scales; no infection, no fever 	 skin rash on elbows and forearm; SevereItching and scaling redness; no pus, no fever 	 reviewed lab results; hemoglobin and renal function within normal limits",inflammatory
PAT1784,"Patient: Amit Smith, DOB: 1975-09-12, MRN: MRN9351286

patient noticed a dark spot on skin; BleedingLesion and rapid growth; not painful, denies itching

pigmented skin spot; not healing, changing shape; denies rash, denies fever; suspicious of MalignantMelanoma

patient denies drug allergies; previous medical history non-contributory",malignant
PAT2305,"Patient: Ravi Miller, DOB: 1985-06-28, MRN: MRN4480444 
 skin rash on elbows and forearm; SevereItching and scaling redness; no pus, no fever 
 pruritic red skin rash; SevereItching not responding to lotion; denies pus discharge 
 red itchy skin spot; intense burning sensation and SevereItching; no bleeding, not oozing 
 vital signs stable at intake; alert and oriented x3",inflammatory
PAT2240,"Referred by Dr. Aisha Garcia; patient ID MRN4289525 	 flaking red skin spot; SevereItching at night; no fever, denies wound breakdown 	 red skin rash with SevereItching; denies bleeding, no purulent drainage, not infected 	 patient denies drug allergies; previous medical history non-contributory",inflammatory
PAT2662,"Patient: Sarah Patel, DOB: 1998-07-10, MRN: MRN2518998 wound spot on skin with BacterialCellulitis and purulent exudate; fever noted; denies itching painful infected skin spot; yellow pus drainage, temp 1O1F, started on Amoxici11in 500mg; no flaking patient noticed a painful red spot on skin; pus discharge noted <br/> temp 1O1F; denies itching follow-up telemedicine consultation scheduled for next month http://telehealth.example.com",infectious
PAT2217,"Referred by Dr. Sarah Smith; patient ID MRN4653608 patient noticed a red spot on skin; SevereItching with flaking scales; no infection, no fever skin rash on elbows and forearm; SevereItching and scaling redness; no pus, no fever follow-up telemedicine consultation scheduled for next month http://telehealth.example.com",inflammatory
PAT2965,"Patient: John Miller, DOB: 1997-12-18, MRN: MRN4220541 skin spot on leg with BacterialCellulitis; warm, swollen, purulent drainage; denies bleeding mole infected skin spot with swelling and pus drainage; on Amoxici11in; denies eczema patient advised on proper hydration and daily sunscreen application",infectious
PAT1873,"Referred by Dr. Amit Sharma; patient ID MRN7698274 	 patient noticed a dark spot on skin; BleedingLesion and rapid growth; not painful, denies itching 	 RapidlyEnlarging skin spot with notched borders; no infection, denies purulent drainage 	 dark skin mole on shoulder; BleedingLesion after shower; no itching, no discharge, not tender 	 patient advised on proper hydration and daily sunscreen application",malignant
PAT1886,"Name: Ravi Nguyen | Email: ajgziz@hospital.org | Phone: +91-4167527183 	 RapidlyEnlarging skin spot with notched borders; no infection, denies purulent drainage 	 skin spot on back; |rregular bord3rs and uneven dark color variegation; no fever, no pus 	 reviewed lab results; hemoglobin and renal function within normal limits",malignant
PAT1461,"Name: Meera Khan | Email: ejsmkg@hospital.org | Phone: +91-2473194303 routine check of skin spot; uniform brown color, circular border; no itching, no discharge, no redness common skin mole; no redness, no pus, not tender, no changes in appearance reviewed lab results; hemoglobin and renal function within normal limits",benign
PAT2126,"Name: Carlos Khan | Email: lqyypl@hospital.org | Phone: +91-7459886310 flaking red skin spot; SevereItching at night; no fever, denies wound breakdown skin rash on elbows and forearm; SevereItching and scaling redness; no pus, no fever red skin rash with SevereItching; denies bleeding, no purulent drainage, not infected follow-up telemedicine consultation scheduled for next month http://telehealth.example.com",inflammatory
PAT2564,"Referred by Dr. Sarah Patel; patient ID MRN5256220 	 painful infected skin spot; yellow pus drainage, temp 1O1F, started on Amoxici11in 500mg; no flaking 	 red skin spot with localized swelling and pus discharge; elevated temperature; no chronic rash 	 follow-up telemedicine consultation scheduled for next month http://telehealth.example.com",infectious
PAT1867,"Name: Priya Nguyen | Email: jawtsn@hospital.org | Phone: +91-1176749614 	 RapidlyEnlarging skin spot with notched borders; no infection, denies purulent drainage 	 skin spot on back; |rregular bord3rs and uneven dark color variegation; no fever, no pus 	 follow-up telemedicine consultation scheduled for next month http://telehealth.example.com",malignant
PAT1451,"Name: Sarah Chen | Email: oetbrk@hospital.org | Phone: +91-6702145235 stable skin mole present for years; no pain, no bleeding, not enlarged; denies fever, no pus patient noticed a skin spot on arm; no itching, no bleeding, no pain, not growing, denies fever vital signs stable at intake; alert and oriented x3",benign
PAT2769,Referred by Dr. John Lee; patient ID MRN1475132 infected skin spot with swelling and pus drainage; on Amoxici11in; denies eczema red skin spot with localized swelling and pus discharge; elevated temperature; no chronic rash wound spot on skin with BacterialCellulitis and purulent exudate; fever noted; denies itching vital signs stable at intake; alert and oriented x3,infectious
PAT2232,"Patient: Carlos Khan, DOB: 1973-06-05, MRN: MRN1417853

skin rash on elbows and forearm; SevereItching and scaling redness; no pus, no fever

red skin rash with SevereItching; denies bleeding, no purulent drainage, not infected

patient noticed a red spot on skin; SevereItching with flaking scales; no infection, no fever

vital signs stable at intake; alert and oriented x3",inflammatory
PAT2353,"Patient: David Nguyen, DOB: 1957-04-21, MRN: MRN3599684 
 red itchy skin spot; intense burning sensation and SevereItching; no bleeding, not oozing 
 patient noticed a red spot on skin; SevereItching with flaking scales; no infection, no fever 
 flaking red skin spot; SevereItching at night; no fever, denies wound breakdown 
 reviewed lab results; hemoglobin and renal function within normal limits",inflammatory
PAT2582,"Name: Sarah Lee | Email: muvwin@hospital.org | Phone: +91-5582378813 red skin spot with localized swelling and pus discharge; elevated temperature; no chronic rash painful infected skin spot; yellow pus drainage, temp 1O1F, started on Amoxici11in 500mg; no flaking follow-up telemedicine consultation scheduled for next month http://telehealth.example.com",infectious
PAT2906,"Name: Elena Singh | Email: zrzgrf@hospital.org | Phone: +91-1274364208 	 skin spot on leg with BacterialCellulitis; warm, swollen, purulent drainage; denies bleeding mole 	 infected skin spot with swelling and pus drainage; on Amoxici11in; denies eczema 	 wound spot on skin with BacterialCellulitis and purulent exudate; fever noted; denies itching 	 reviewed lab results; hemoglobin and renal function within normal limits",infectious
PAT1177,"Name: Sarah Chen | Email: ifkxui@hospital.org | Phone: +91-6958993516

routine check of skin spot; uniform brown color, circular border; no itching, no discharge, no redness

small flesh-colored skin spot; no itching, no bleeding, not painful, completely asymptomatic 👍

common skin mole; no redness, no pus, not tender, no changes in appearance

vital signs stable at intake; alert and oriented x3",benign
PAT2671,"Referred by Dr. Sarah Chen; patient ID MRN9417888 painful infected skin spot; yellow pus drainage, temp 1O1F, started on Amoxici11in 500mg; no flaking patient noticed a painful red spot on skin; pus discharge noted <br/> temp 1O1F; denies itching skin spot on leg with BacterialCellulitis; warm, swollen, purulent drainage; denies bleeding mole patient advised on proper hydration and daily sunscreen application",infectious
PAT1528,"Patient: David Miller, DOB: 1999-10-01, MRN: MRN9623812 skin spot on back; |rregular bord3rs and uneven dark color variegation; no fever, no pus dark skin mole on shoulder; BleedingLesion after shower; no itching, no discharge, not tender new dark spot on forearm; |rregular bord3rs; no purulent drainage, not painful patient denies drug allergies; previous medical history non-contributory",malignant
PAT2148,"Patient: Aisha Nguyen, DOB: 1953-02-26, MRN: MRN0321289 
 pruritic red skin rash; SevereItching not responding to lotion; denies pus discharge 
 red itchy skin spot; intense burning sensation and SevereItching; no bleeding, not oozing 
 skin rash on elbows and forearm; SevereItching and scaling redness; no pus, no fever 
 blood pressure 120/80; heart rate regular; patient ambulatory",inflammatory
PAT1120,"Patient: David Patel, DOB: 1990-03-21, MRN: MRN7619020

routine check of skin spot; uniform brown color, circular border; no itching, no discharge, no redness

small flesh-colored skin spot; no itching, no bleeding, not painful, completely asymptomatic 👍

reviewed lab results; hemoglobin and renal function within normal limits",benign
PAT1657,"Name: Aisha Singh | Email: gxpuah@hospital.org | Phone: +91-8172773961 dark skin mole on shoulder; BleedingLesion after shower; no itching, no discharge, not tender patient noticed a dark spot on skin; BleedingLesion and rapid growth; not painful, denies itching patient advised on proper hydration and daily sunscreen application",malignant
PAT2943,"Patient: Meera Lee, DOB: 1988-05-21, MRN: MRN7226733 
 skin spot on leg with BacterialCellulitis; warm, swollen, purulent drainage; denies bleeding mole 
 painful infected skin spot; yellow pus drainage, temp 1O1F, started on Amoxici11in 500mg; no flaking 
 vital signs stable at intake; alert and oriented x3",infectious
PAT1988,"Name: John Smith | Email: ttjxjo@hospital.org | Phone: +91-8013563247

pigmented skin spot; not healing, changing shape; denies rash, denies fever; suspicious of MalignantMelanoma

patient noticed a dark spot on skin; BleedingLesion and rapid growth; not painful, denies itching

skin spot on back; |rregular bord3rs and uneven dark color variegation; no fever, no pus

blood pressure 120/80; heart rate regular; patient ambulatory",malignant
PAT1903,"Referred by Dr. Meera Khan; patient ID MRN9276627 
 skin spot on back; |rregular bord3rs and uneven dark color variegation; no fever, no pus 
 dark skin mole on shoulder; BleedingLesion after shower; no itching, no discharge, not tender 
 patient advised on proper hydration and daily sunscreen application",malignant
PAT2722,"Name: Elena Patel | Email: hzhuqh@hospital.org | Phone: +91-4259931771 
 infected skin spot with swelling and pus drainage; on Amoxici11in; denies eczema 
 skin spot on leg with BacterialCellulitis; warm, swollen, purulent drainage; denies bleeding mole 
 painful infected skin spot; yellow pus drainage, temp 1O1F, started on Amoxici11in 500mg; no flaking 
 reviewed lab results; hemoglobin and renal function within normal limits",infectious
PAT2380,"Name: Aisha Khan | Email: rtfnhu@hospital.org | Phone: +91-0944609756 
 pruritic red skin rash; SevereItching not responding to lotion; denies pus discharge 
 red itchy skin spot; intense burning sensation and SevereItching; no bleeding, not oozing 
 patient noticed a red spot on skin; SevereItching with flaking scales; no infection, no fever 
 blood pressure 120/80; heart rate regular; patient ambulatory",inflammatory
PAT2355,"Referred by Dr. Carlos Sharma; patient ID MRN1843200 	 red skin rash with SevereItching; denies bleeding, no purulent drainage, not infected 	 flaking red skin spot; SevereItching at night; no fever, denies wound breakdown 	 red itchy skin spot; intense burning sensation and SevereItching; no bleeding, not oozing 	 patient advised on proper hydration and daily sunscreen application",inflammatory
PAT2741,"Patient: Aisha Patel, DOB: 1994-02-24, MRN: MRN5620146 skin spot on leg with BacterialCellulitis; warm, swollen, purulent drainage; denies bleeding mole red skin spot with localized swelling and pus discharge; elevated temperature; no chronic rash patient advised on proper hydration and daily sunscreen application",infectious
PAT2076,"Name: Priya Lee | Email: mpoeyc@hospital.org | Phone: +91-1868117292

patient noticed a red spot on skin; SevereItching with flaking scales; no infection, no fever

pruritic red skin rash; SevereItching not responding to lotion; denies pus discharge

red itchy skin spot; intense burning sensation and SevereItching; no bleeding, not oozing

reviewed lab results; hemoglobin and renal function within normal limits",inflammatory
PAT2413,"Name: Ravi Garcia | Email: pmwaxa@hospital.org | Phone: +91-1887850767

patient noticed a red spot on skin; SevereItching with flaking scales; no infection, no fever

red itchy skin spot; intense burning sensation and SevereItching; no bleeding, not oozing

follow-up telemedicine consultation scheduled for next month http://telehealth.example.com",inflammatory
PAT2273,"Name: Elena Patel | Email: wvfvrw@hospital.org | Phone: +91-9436586932

flaking red skin spot; SevereItching at night; no fever, denies wound breakdown

pruritic red skin rash; SevereItching not responding to lotion; denies pus discharge

patient advised on proper hydration and daily sunscreen application",inflammatory
PAT2235,"Patient: Sarah Patel, DOB: 1958-02-14, MRN: MRN6357888 red skin rash with SevereItching; denies bleeding, no purulent drainage, not infected skin rash on elbows and forearm; SevereItching and scaling redness; no pus, no fever red itchy skin spot; intense burning sensation and SevereItching; no bleeding, not oozing blood pressure 120/80; heart rate regular; patient ambulatory",inflammatory
PAT1666,"Referred by Dr. Elena Lee; patient ID MRN9349024 RapidlyEnlarging skin spot with notched borders; no infection, denies purulent drainage new dark spot on forearm; |rregular bord3rs; no purulent drainage, not painful vital signs stable at intake; alert and oriented x3",malignant
PAT2833,"Patient: Priya Garcia, DOB: 1982-05-19, MRN: MRN6569418 wound spot on skin with BacterialCellulitis and purulent exudate; fever noted; denies itching painful infected skin spot; yellow pus drainage, temp 1O1F, started on Amoxici11in 500mg; no flaking patient noticed a painful red spot on skin; pus discharge noted <br/> temp 1O1F; denies itching patient denies drug allergies; previous medical history non-contributory",infectious
PAT2195,"Patient: David Smith, DOB: 1983-11-02, MRN: MRN8231346 	 red itchy skin spot; intense burning sensation and SevereItching; no bleeding, not oozing 	 patient noticed a red spot on skin; SevereItching with flaking scales; no infection, no fever 	 flaking red skin spot; SevereItching at night; no fever, denies wound breakdown 	 blood pressure 120/80; heart rate regular; patient ambulatory",inflammatory
PAT1293,"Name: Amit Chen | Email: snrtrj@hospital.org | Phone: +91-8668895664

benign skin spot on trunk; no ulceration, no bleeding, no itching, no discharge

patient noticed a skin spot on arm; no itching, no bleeding, no pain, not growing, denies fever

patient denies drug allergies; previous medical history non-contributory",benign
PAT2772,Referred by Dr. Carlos Singh; patient ID MRN0671026 	 red skin spot with localized swelling and pus discharge; elevated temperature; no chronic rash 	 wound spot on skin with BacterialCellulitis and purulent exudate; fever noted; denies itching 	 patient denies drug allergies; previous medical history non-contributory,infectious
PAT1884,"Patient: Meera Garcia, DOB: 1996-04-03, MRN: MRN9130538 new dark spot on forearm; |rregular bord3rs; no purulent drainage, not painful patient noticed a dark spot on skin; BleedingLesion and rapid growth; not painful, denies itching vital signs stable at intake; alert and oriented x3",malignant
PAT1846,"Patient: Sarah Sharma, DOB: 1957-01-08, MRN: MRN3470234 RapidlyEnlarging skin spot with notched borders; no infection, denies purulent drainage new dark spot on forearm; |rregular bord3rs; no purulent drainage, not painful patient advised on proper hydration and daily sunscreen application",malignant
PAT1561,"Name: Meera Lee | Email: pwfazh@hospital.org | Phone: +91-2852537078

patient noticed a dark spot on skin; BleedingLesion and rapid growth; not painful, denies itching

RapidlyEnlarging skin spot with notched borders; no infection, denies purulent drainage

skin spot on back; |rregular bord3rs and uneven dark color variegation; no fever, no pus

blood pressure 120/80; heart rate regular; patient ambulatory",malignant
PAT2464,"Referred by Dr. Carlos Singh; patient ID MRN1833118 	 patient noticed a red spot on skin; SevereItching with flaking scales; no infection, no fever 	 red skin rash with SevereItching; denies bleeding, no purulent drainage, not infected 	 flaking red skin spot; SevereItching at night; no fever, denies wound breakdown 	 follow-up telemedicine consultation scheduled for next month http://telehealth.example.com",inflammatory
PAT2808,"Referred by Dr. Priya Sharma; patient ID MRN4595127

wound spot on skin with BacterialCellulitis and purulent exudate; fever noted; denies itching

patient noticed a painful red spot on skin; pus discharge noted <br/> temp 1O1F; denies itching

skin spot on leg with BacterialCellulitis; warm, swollen, purulent drainage; denies bleeding mole

reviewed lab results; hemoglobin and renal function within normal limits",infectious
PAT2765,Referred by Dr. Priya Khan; patient ID MRN9329728 	 patient noticed a painful red spot on skin; pus discharge noted <br/> temp 1O1F; denies itching 	 red skin spot with localized swelling and pus discharge; elevated temperature; no chronic rash 	 patient advised on proper hydration and daily sunscreen application,infectious
PAT1765,"Name: Meera Garcia | Email: qxpbum@hospital.org | Phone: +91-4422223503 skin spot on back; |rregular bord3rs and uneven dark color variegation; no fever, no pus new dark spot on forearm; |rregular bord3rs; no purulent drainage, not painful follow-up telemedicine consultation scheduled for next month http://telehealth.example.com",malignant
PAT2125,"Referred by Dr. Ravi Patel; patient ID MRN8487064 skin rash on elbows and forearm; SevereItching and scaling redness; no pus, no fever pruritic red skin rash; SevereItching not responding to lotion; denies pus discharge vital signs stable at intake; alert and oriented x3",inflammatory
PAT2487,"Patient: Aisha Miller, DOB: 1977-12-07, MRN: MRN2738346 red skin rash with SevereItching; denies bleeding, no purulent drainage, not infected skin rash on elbows and forearm; SevereItching and scaling redness; no pus, no fever follow-up telemedicine consultation scheduled for next month http://telehealth.example.com",inflammatory
PAT2885,"Patient: Priya Nguyen, DOB: 1967-03-22, MRN: MRN7318751

painful infected skin spot; yellow pus drainage, temp 1O1F, started on Amoxici11in 500mg; no flaking

wound spot on skin with BacterialCellulitis and purulent exudate; fever noted; denies itching

skin spot on leg with BacterialCellulitis; warm, swollen, purulent drainage; denies bleeding mole

blood pressure 120/80; heart rate regular; patient ambulatory",infectious
PAT2548,"Referred by Dr. John Khan; patient ID MRN5491207 patient noticed a painful red spot on skin; pus discharge noted <br/> temp 1O1F; denies itching wound spot on skin with BacterialCellulitis and purulent exudate; fever noted; denies itching skin spot on leg with BacterialCellulitis; warm, swollen, purulent drainage; denies bleeding mole vital signs stable at intake; alert and oriented x3",infectious
PAT1535,"Referred by Dr. Elena Lee; patient ID MRN7375495

dark skin mole on shoulder; BleedingLesion after shower; no itching, no discharge, not tender

patient noticed a dark spot on skin; BleedingLesion and rapid growth; not painful, denies itching

reviewed lab results; hemoglobin and renal function within normal limits",malignant
PAT1882,"Referred by Dr. David Garcia; patient ID MRN4641455 
 new dark spot on forearm; |rregular bord3rs; no purulent drainage, not painful 
 skin spot on back; |rregular bord3rs and uneven dark color variegation; no fever, no pus 
 follow-up telemedicine consultation scheduled for next month http://telehealth.example.com",malignant
PAT2045,"Patient: Elena Chen, DOB: 1988-04-07, MRN: MRN6446174 	 pruritic red skin rash; SevereItching not responding to lotion; denies pus discharge 	 flaking red skin spot; SevereItching at night; no fever, denies wound breakdown 	 reviewed lab results; hemoglobin and renal function within normal limits",inflammatory
PAT2523,"Patient: Amit Garcia, DOB: 1960-09-27, MRN: MRN1135789 
 red skin spot with localized swelling and pus discharge; elevated temperature; no chronic rash 
 wound spot on skin with BacterialCellulitis and purulent exudate; fever noted; denies itching 
 blood pressure 120/80; heart rate regular; patient ambulatory",infectious
PAT1340,"Name: Amit Singh | Email: nwbtag@hospital.org | Phone: +91-7051676306 patient noticed a skin spot on arm; no itching, no bleeding, no pain, not growing, denies fever stable skin mole present for years; no pain, no bleeding, not enlarged; denies fever, no pus benign skin spot on trunk; no ulceration, no bleeding, no itching, no discharge blood pressure 120/80; heart rate regular; patient ambulatory",benign
PAT3000,"Patient: David Garcia, DOB: 1952-09-16, MRN: MRN6434286 patient noticed a painful red spot on skin; pus discharge noted <br/> temp 1O1F; denies itching red skin spot with localized swelling and pus discharge; elevated temperature; no chronic rash infected skin spot with swelling and pus drainage; on Amoxici11in; denies eczema vital signs stable at intake; alert and oriented x3",infectious
PAT1996,"Name: Meera Nguyen | Email: fxgiti@hospital.org | Phone: +91-8152618315 
 skin spot on back; |rregular bord3rs and uneven dark color variegation; no fever, no pus 
 patient noticed a dark spot on skin; BleedingLesion and rapid growth; not painful, denies itching 
 follow-up telemedicine consultation scheduled for next month http://telehealth.example.com",malignant
PAT1713,"Referred by Dr. Carlos Smith; patient ID MRN6170086

dark skin mole on shoulder; BleedingLesion after shower; no itching, no discharge, not tender

RapidlyEnlarging skin spot with notched borders; no infection, denies purulent drainage

new dark spot on forearm; |rregular bord3rs; no purulent drainage, not painful

reviewed lab results; hemoglobin and renal function within normal limits",malignant
PAT1792,"Name: Carlos Lee | Email: aabgds@hospital.org | Phone: +91-2231124889 dark skin mole on shoulder; BleedingLesion after shower; no itching, no discharge, not tender patient noticed a dark spot on skin; BleedingLesion and rapid growth; not painful, denies itching new dark spot on forearm; |rregular bord3rs; no purulent drainage, not painful patient denies drug allergies; previous medical history non-contributory",malignant
PAT2088,"Patient: Elena Smith, DOB: 1966-11-13, MRN: MRN1210207

red itchy skin spot; intense burning sensation and SevereItching; no bleeding, not oozing

flaking red skin spot; SevereItching at night; no fever, denies wound breakdown

red skin rash with SevereItching; denies bleeding, no purulent drainage, not infected

vital signs stable at intake; alert and oriented x3",inflammatory
PAT1447,"Referred by Dr. Carlos Singh; patient ID MRN9698857 
 benign skin spot on trunk; no ulceration, no bleeding, no itching, no discharge 
 small flesh-colored skin spot; no itching, no bleeding, not painful, completely asymptomatic 👍 
 vital signs stable at intake; alert and oriented x3",benign
PAT1855,"Name: Elena Khan | Email: eimqla@hospital.org | Phone: +91-6431332480 
 patient noticed a dark spot on skin; BleedingLesion and rapid growth; not painful, denies itching 
 skin spot on back; |rregular bord3rs and uneven dark color variegation; no fever, no pus 
 dark skin mole on shoulder; BleedingLesion after shower; no itching, no discharge, not tender 
 patient advised on proper hydration and daily sunscreen application",malignant
PAT1234,"Referred by Dr. Elena Garcia; patient ID MRN9989234 common skin mole; no redness, no pus, not tender, no changes in appearance patient noticed a skin spot on arm; no itching, no bleeding, no pain, not growing, denies fever patient advised on proper hydration and daily sunscreen application",benign
PAT1056,"Patient: Carlos Smith, DOB: 1980-04-09, MRN: MRN5239346 
 patient noticed a skin spot on arm; no itching, no bleeding, no pain, not growing, denies fever 
 small flesh-colored skin spot; no itching, no bleeding, not painful, completely asymptomatic 👍 
 reviewed lab results; hemoglobin and renal function within normal limits",benign
PAT2016,"Name: David Patel | Email: nzoygw@hospital.org | Phone: +91-2337762113

red skin rash with SevereItching; denies bleeding, no purulent drainage, not infected

patient noticed a red spot on skin; SevereItching with flaking scales; no infection, no fever

patient denies drug allergies; previous medical history non-contributory",inflammatory
PAT2067,"Patient: Sarah Chen, DOB: 1995-07-01, MRN: MRN1341466 
 red itchy skin spot; intense burning sensation and SevereItching; no bleeding, not oozing 
 pruritic red skin rash; SevereItching not responding to lotion; denies pus discharge 
 patient advised on proper hydration and daily sunscreen application",inflammatory
PAT2840,"Patient: Priya Patel, DOB: 1982-10-11, MRN: MRN2939977 
 patient noticed a painful red spot on skin; pus discharge noted <br/> temp 1O1F; denies itching 
 skin spot on leg with BacterialCellulitis; warm, swollen, purulent drainage; denies bleeding mole 
 vital signs stable at intake; alert and oriented x3",infectious
PAT2758,"Name: Priya Miller | Email: qyzrwp@hospital.org | Phone: +91-2390418643

patient noticed a painful red spot on skin; pus discharge noted <br/> temp 1O1F; denies itching

infected skin spot with swelling and pus drainage; on Amoxici11in; denies eczema

skin spot on leg with BacterialCellulitis; warm, swollen, purulent drainage; denies bleeding mole

patient advised on proper hydration and daily sunscreen application",infectious
PAT2590,"Patient: Ravi Lee, DOB: 1967-10-02, MRN: MRN8179677

painful infected skin spot; yellow pus drainage, temp 1O1F, started on Amoxici11in 500mg; no flaking

wound spot on skin with BacterialCellulitis and purulent exudate; fever noted; denies itching

infected skin spot with swelling and pus drainage; on Amoxici11in; denies eczema

patient denies drug allergies; previous medical history non-contributory",infectious
PAT1600,"Name: Elena Nguyen | Email: cnwjqd@hospital.org | Phone: +91-2672982819 	 patient noticed a dark spot on skin; BleedingLesion and rapid growth; not painful, denies itching 	 dark skin mole on shoulder; BleedingLesion after shower; no itching, no discharge, not tender 	 new dark spot on forearm; |rregular bord3rs; no purulent drainage, not painful 	 vital signs stable at intake; alert and oriented x3",malignant
PAT2889,"Name: Sarah Chen | Email: syicrc@hospital.org | Phone: +91-8260319591 
 painful infected skin spot; yellow pus drainage, temp 1O1F, started on Amoxici11in 500mg; no flaking 
 red skin spot with localized swelling and pus discharge; elevated temperature; no chronic rash 
 wound spot on skin with BacterialCellulitis and purulent exudate; fever noted; denies itching 
 blood pressure 120/80; heart rate regular; patient ambulatory",infectious
PAT1205,"Patient: John Garcia, DOB: 2005-08-18, MRN: MRN7720970 small flesh-colored skin spot; no itching, no bleeding, not painful, completely asymptomatic 👍 common skin mole; no redness, no pus, not tender, no changes in appearance blood pressure 120/80; heart rate regular; patient ambulatory",benign
PAT1389,"Name: John Nguyen | Email: kytjlo@hospital.org | Phone: +91-1350867808 
 patient noticed a skin spot on arm; no itching, no bleeding, no pain, not growing, denies fever 
 small flesh-colored skin spot; no itching, no bleeding, not painful, completely asymptomatic 👍 
 patient denies drug allergies; previous medical history non-contributory",benign
PAT2097,"Patient: Sarah Chen, DOB: 1958-12-27, MRN: MRN0106155 
 patient noticed a red spot on skin; SevereItching with flaking scales; no infection, no fever 
 pruritic red skin rash; SevereItching not responding to lotion; denies pus discharge 
 flaking red skin spot; SevereItching at night; no fever, denies wound breakdown 
 vital signs stable at intake; alert and oriented x3",inflammatory
PAT2503,"Name: David Sharma | Email: mpqraj@hospital.org | Phone: +91-8179099080 	 painful infected skin spot; yellow pus drainage, temp 1O1F, started on Amoxici11in 500mg; no flaking 	 red skin spot with localized swelling and pus discharge; elevated temperature; no chronic rash 	 infected skin spot with swelling and pus drainage; on Amoxici11in; denies eczema 	 follow-up telemedicine consultation scheduled for next month http://telehealth.example.com",infectious
PAT1455,"Patient: Priya Patel, DOB: 1957-04-11, MRN: MRN7812609 
 routine check of skin spot; uniform brown color, circular border; no itching, no discharge, no redness 
 common skin mole; no redness, no pus, not tender, no changes in appearance 
 small flesh-colored skin spot; no itching, no bleeding, not painful, completely asymptomatic 👍 
 patient advised on proper hydration and daily sunscreen application",benign
PAT1513,"Referred by Dr. Elena Khan; patient ID MRN1871466 
 patient noticed a dark spot on skin; BleedingLesion and rapid growth; not painful, denies itching 
 dark skin mole on shoulder; BleedingLesion after shower; no itching, no discharge, not tender 
 RapidlyEnlarging skin spot with notched borders; no infection, denies purulent drainage 
 follow-up telemedicine consultation scheduled for next month http://telehealth.example.com",malignant
PAT2250,"Referred by Dr. Ravi Sharma; patient ID MRN0931022 skin rash on elbows and forearm; SevereItching and scaling redness; no pus, no fever flaking red skin spot; SevereItching at night; no fever, denies wound breakdown reviewed lab results; hemoglobin and renal function within normal limits",inflammatory
PAT2923,"Patient: Ravi Garcia, DOB: 1985-11-28, MRN: MRN4883658 	 skin spot on leg with BacterialCellulitis; warm, swollen, purulent drainage; denies bleeding mole 	 patient noticed a painful red spot on skin; pus discharge noted <br/> temp 1O1F; denies itching 	 follow-up telemedicine consultation scheduled for next month http://telehealth.example.com",infectious
PAT2075,"Patient: Aisha Khan, DOB: 1965-09-12, MRN: MRN5869660

skin rash on elbows and forearm; SevereItching and scaling redness; no pus, no fever

red itchy skin spot; intense burning sensation and SevereItching; no bleeding, not oozing

reviewed lab results; hemoglobin and renal function within normal limits",inflammatory
PAT1411,"Referred by Dr. Carlos Lee; patient ID MRN2996046

patient noticed a skin spot on arm; no itching, no bleeding, no pain, not growing, denies fever

small flesh-colored skin spot; no itching, no bleeding, not painful, completely asymptomatic 👍

stable skin mole present for years; no pain, no bleeding, not enlarged; denies fever, no pus

patient denies drug allergies; previous medical history non-contributory",benign
PAT2241,"Referred by Dr. Aisha Miller; patient ID MRN2180536 pruritic red skin rash; SevereItching not responding to lotion; denies pus discharge patient noticed a red spot on skin; SevereItching with flaking scales; no infection, no fever vital signs stable at intake; alert and oriented x3",inflammatory
PAT2619,"Patient: Elena Miller, DOB: 1974-12-07, MRN: MRN9544404 
 patient noticed a painful red spot on skin; pus discharge noted <br/> temp 1O1F; denies itching 
 wound spot on skin with BacterialCellulitis and purulent exudate; fever noted; denies itching 
 blood pressure 120/80; heart rate regular; patient ambulatory",infectious
PAT2891,"Patient: Meera Patel, DOB: 1980-01-24, MRN: MRN7684390 
 patient noticed a painful red spot on skin; pus discharge noted <br/> temp 1O1F; denies itching 
 infected skin spot with swelling and pus drainage; on Amoxici11in; denies eczema 
 vital signs stable at intake; alert and oriented x3",infectious
PAT1776,"Patient: Carlos Garcia, DOB: 1972-11-27, MRN: MRN2147380 	 new dark spot on forearm; |rregular bord3rs; no purulent drainage, not painful 	 pigmented skin spot; not healing, changing shape; denies rash, denies fever; suspicious of MalignantMelanoma 	 patient noticed a dark spot on skin; BleedingLesion and rapid growth; not painful, denies itching 	 patient advised on proper hydration and daily sunscreen application",malignant
PAT1672,"Referred by Dr. Elena Sharma; patient ID MRN9570039

skin spot on back; |rregular bord3rs and uneven dark color variegation; no fever, no pus

pigmented skin spot; not healing, changing shape; denies rash, denies fever; suspicious of MalignantMelanoma

new dark spot on forearm; |rregular bord3rs; no purulent drainage, not painful

blood pressure 120/80; heart rate regular; patient ambulatory",malignant
PAT1637,"Patient: Priya Sharma, DOB: 1975-04-17, MRN: MRN0224460 	 new dark spot on forearm; |rregular bord3rs; no purulent drainage, not painful 	 dark skin mole on shoulder; BleedingLesion after shower; no itching, no discharge, not tender 	 patient noticed a dark spot on skin; BleedingLesion and rapid growth; not painful, denies itching 	 blood pressure 120/80; heart rate regular; patient ambulatory",malignant
PAT1475,"Patient: Carlos Nguyen, DOB: 2002-08-16, MRN: MRN9777147 	 common skin mole; no redness, no pus, not tender, no changes in appearance 	 stable skin mole present for years; no pain, no bleeding, not enlarged; denies fever, no pus 	 patient noticed a skin spot on arm; no itching, no bleeding, no pain, not growing, denies fever 	 patient advised on proper hydration and daily sunscreen application",benign
PAT2571,"Patient: Ravi Chen, DOB: 2004-10-08, MRN: MRN0458527

wound spot on skin with BacterialCellulitis and purulent exudate; fever noted; denies itching

red skin spot with localized swelling and pus discharge; elevated temperature; no chronic rash

patient denies drug allergies; previous medical history non-contributory",infectious
PAT2279,"Patient: John Patel, DOB: 1954-12-20, MRN: MRN3623075 
 red itchy skin spot; intense burning sensation and SevereItching; no bleeding, not oozing 
 skin rash on elbows and forearm; SevereItching and scaling redness; no pus, no fever 
 reviewed lab results; hemoglobin and renal function within normal limits",inflammatory
PAT2136,"Patient: David Miller, DOB: 1950-03-07, MRN: MRN1226028 red itchy skin spot; intense burning sensation and SevereItching; no bleeding, not oozing skin rash on elbows and forearm; SevereItching and scaling redness; no pus, no fever patient noticed a red spot on skin; SevereItching with flaking scales; no infection, no fever patient denies drug allergies; previous medical history non-contributory",inflammatory
PAT1838,"Name: Aisha Smith | Email: zpicrb@hospital.org | Phone: +91-5457460506 	 patient noticed a dark spot on skin; BleedingLesion and rapid growth; not painful, denies itching 	 RapidlyEnlarging skin spot with notched borders; no infection, denies purulent drainage 	 skin spot on back; |rregular bord3rs and uneven dark color variegation; no fever, no pus 	 reviewed lab results; hemoglobin and renal function within normal limits",malignant
PAT1307,"Patient: Meera Nguyen, DOB: 1979-11-28, MRN: MRN0501768 
 patient noticed a skin spot on arm; no itching, no bleeding, no pain, not growing, denies fever 
 benign skin spot on trunk; no ulceration, no bleeding, no itching, no discharge 
 follow-up telemedicine consultation scheduled for next month http://telehealth.example.com",benign
PAT2660,"Referred by Dr. David Nguyen; patient ID MRN7665128 skin spot on leg with BacterialCellulitis; warm, swollen, purulent drainage; denies bleeding mole painful infected skin spot; yellow pus drainage, temp 1O1F, started on Amoxici11in 500mg; no flaking red skin spot with localized swelling and pus discharge; elevated temperature; no chronic rash patient advised on proper hydration and daily sunscreen application",infectious
PAT1002,"Referred by Dr. Ravi Sharma; patient ID MRN0506855

benign skin spot on trunk; no ulceration, no bleeding, no itching, no discharge

routine check of skin spot; uniform brown color, circular border; no itching, no discharge, no redness

small flesh-colored skin spot; no itching, no bleeding, not painful, completely asymptomatic 👍

follow-up telemedicine consultation scheduled for next month http://telehealth.example.com",benign
PAT1548,"Referred by Dr. John Singh; patient ID MRN2642553 
 pigmented skin spot; not healing, changing shape; denies rash, denies fever; suspicious of MalignantMelanoma 
 skin spot on back; |rregular bord3rs and uneven dark color variegation; no fever, no pus 
 new dark spot on forearm; |rregular bord3rs; no purulent drainage, not painful 
 vital signs stable at intake; alert and oriented x3",malignant
PAT2361,"Patient: Amit Patel, DOB: 1981-02-01, MRN: MRN5293891

pruritic red skin rash; SevereItching not responding to lotion; denies pus discharge

red skin rash with SevereItching; denies bleeding, no purulent drainage, not infected

flaking red skin spot; SevereItching at night; no fever, denies wound breakdown

vital signs stable at intake; alert and oriented x3",inflammatory
PAT2403,"Referred by Dr. Sarah Khan; patient ID MRN7501315 pruritic red skin rash; SevereItching not responding to lotion; denies pus discharge flaking red skin spot; SevereItching at night; no fever, denies wound breakdown vital signs stable at intake; alert and oriented x3",inflammatory
PAT2186,"Patient: Carlos Garcia, DOB: 1995-05-28, MRN: MRN8470239

red skin rash with SevereItching; denies bleeding, no purulent drainage, not infected

flaking red skin spot; SevereItching at night; no fever, denies wound breakdown

blood pressure 120/80; heart rate regular; patient ambulatory",inflammatory
PAT1848,"Name: Carlos Nguyen | Email: efmcam@hospital.org | Phone: +91-0463973236 new dark spot on forearm; |rregular bord3rs; no purulent drainage, not painful dark skin mole on shoulder; BleedingLesion after shower; no itching, no discharge, not tender patient advised on proper hydration and daily sunscreen application",malignant
PAT2850,"Name: Priya Miller | Email: nunmqi@hospital.org | Phone: +91-5541167625 
 painful infected skin spot; yellow pus drainage, temp 1O1F, started on Amoxici11in 500mg; no flaking 
 infected skin spot with swelling and pus drainage; on Amoxici11in; denies eczema 
 skin spot on leg with BacterialCellulitis; warm, swollen, purulent drainage; denies bleeding mole 
 blood pressure 120/80; heart rate regular; patient ambulatory",infectious
PAT1034,"Name: Meera Sharma | Email: ndpwui@hospital.org | Phone: +91-1666677237 patient noticed a skin spot on arm; no itching, no bleeding, no pain, not growing, denies fever benign skin spot on trunk; no ulceration, no bleeding, no itching, no discharge patient advised on proper hydration and daily sunscreen application",benign
PAT1714,"Name: Aisha Chen | Email: ascwbk@hospital.org | Phone: +91-2955520414

patient noticed a dark spot on skin; BleedingLesion and rapid growth; not painful, denies itching

pigmented skin spot; not healing, changing shape; denies rash, denies fever; suspicious of MalignantMelanoma

vital signs stable at intake; alert and oriented x3",malignant
PAT2761,"Name: Aisha Patel | Email: wiopud@hospital.org | Phone: +91-7827256240 painful infected skin spot; yellow pus drainage, temp 1O1F, started on Amoxici11in 500mg; no flaking red skin spot with localized swelling and pus discharge; elevated temperature; no chronic rash patient noticed a painful red spot on skin; pus discharge noted <br/> temp 1O1F; denies itching follow-up telemedicine consultation scheduled for next month http://telehealth.example.com",infectious
PAT1554,"Patient: Elena Nguyen, DOB: 2005-06-18, MRN: MRN2622133

RapidlyEnlarging skin spot with notched borders; no infection, denies purulent drainage

dark skin mole on shoulder; BleedingLesion after shower; no itching, no discharge, not tender

patient noticed a dark spot on skin; BleedingLesion and rapid growth; not painful, denies itching

blood pressure 120/80; heart rate regular; patient ambulatory",malignant
PAT2599,"Referred by Dr. Elena Lee; patient ID MRN0559414 	 skin spot on leg with BacterialCellulitis; warm, swollen, purulent drainage; denies bleeding mole 	 infected skin spot with swelling and pus drainage; on Amoxici11in; denies eczema 	 reviewed lab results; hemoglobin and renal function within normal limits",infectious
PAT2052,"Name: John Nguyen | Email: zdvqju@hospital.org | Phone: +91-5673445548 	 red skin rash with SevereItching; denies bleeding, no purulent drainage, not infected 	 patient noticed a red spot on skin; SevereItching with flaking scales; no infection, no fever 	 flaking red skin spot; SevereItching at night; no fever, denies wound breakdown 	 blood pressure 120/80; heart rate regular; patient ambulatory",inflammatory
PAT1683,"Referred by Dr. Aisha Smith; patient ID MRN9012242 skin spot on back; |rregular bord3rs and uneven dark color variegation; no fever, no pus dark skin mole on shoulder; BleedingLesion after shower; no itching, no discharge, not tender vital signs stable at intake; alert and oriented x3",malignant
PAT1747,"Referred by Dr. Meera Nguyen; patient ID MRN7573891

RapidlyEnlarging skin spot with notched borders; no infection, denies purulent drainage

dark skin mole on shoulder; BleedingLesion after shower; no itching, no discharge, not tender

patient advised on proper hydration and daily sunscreen application",malignant
PAT2863,"Patient: John Lee, DOB: 1971-02-25, MRN: MRN4609241 
 red skin spot with localized swelling and pus discharge; elevated temperature; no chronic rash 
 infected skin spot with swelling and pus drainage; on Amoxici11in; denies eczema 
 blood pressure 120/80; heart rate regular; patient ambulatory",infectious
PAT1692,"Patient: David Sharma, DOB: 1964-04-21, MRN: MRN8100277

dark skin mole on shoulder; BleedingLesion after shower; no itching, no discharge, not tender

new dark spot on forearm; |rregular bord3rs; no purulent drainage, not painful

reviewed lab results; hemoglobin and renal function within normal limits",malignant
PAT2777,"Referred by Dr. Elena Chen; patient ID MRN0218703

painful infected skin spot; yellow pus drainage, temp 1O1F, started on Amoxici11in 500mg; no flaking

infected skin spot with swelling and pus drainage; on Amoxici11in; denies eczema

red skin spot with localized swelling and pus discharge; elevated temperature; no chronic rash

patient denies drug allergies; previous medical history non-contributory",infectious
PAT2707,"Referred by Dr. Ravi Garcia; patient ID MRN2342297 
 skin spot on leg with BacterialCellulitis; warm, swollen, purulent drainage; denies bleeding mole 
 wound spot on skin with BacterialCellulitis and purulent exudate; fever noted; denies itching 
 infected skin spot with swelling and pus drainage; on Amoxici11in; denies eczema 
 vital signs stable at intake; alert and oriented x3",infectious
PAT2175,"Patient: Meera Miller, DOB: 1985-01-03, MRN: MRN1371987 
 skin rash on elbows and forearm; SevereItching and scaling redness; no pus, no fever 
 patient noticed a red spot on skin; SevereItching with flaking scales; no infection, no fever 
 pruritic red skin rash; SevereItching not responding to lotion; denies pus discharge 
 patient advised on proper hydration and daily sunscreen application",inflammatory
PAT2611,Referred by Dr. Meera Garcia; patient ID MRN6995879 	 wound spot on skin with BacterialCellulitis and purulent exudate; fever noted; denies itching 	 patient noticed a painful red spot on skin; pus discharge noted <br/> temp 1O1F; denies itching 	 reviewed lab results; hemoglobin and renal function within normal limits,infectious
PAT1295,"Name: Amit Khan | Email: bkgspq@hospital.org | Phone: +91-2844516416 stable skin mole present for years; no pain, no bleeding, not enlarged; denies fever, no pus patient noticed a skin spot on arm; no itching, no bleeding, no pain, not growing, denies fever routine check of skin spot; uniform brown color, circular border; no itching, no discharge, no redness blood pressure 120/80; heart rate regular; patient ambulatory",benign
PAT2395,"Referred by Dr. David Nguyen; patient ID MRN6873328 
 flaking red skin spot; SevereItching at night; no fever, denies wound breakdown 
 skin rash on elbows and forearm; SevereItching and scaling redness; no pus, no fever 
 pruritic red skin rash; SevereItching not responding to lotion; denies pus discharge 
 patient denies drug allergies; previous medical history non-contributory",inflammatory
PAT1421,"Patient: Priya Singh, DOB: 1967-11-01, MRN: MRN4473275 
 patient noticed a skin spot on arm; no itching, no bleeding, no pain, not growing, denies fever 
 common skin mole; no redness, no pus, not tender, no changes in appearance 
 blood pressure 120/80; heart rate regular; patient ambulatory",benign
PAT2873,"Name: Ravi Smith | Email: zxpkuy@hospital.org | Phone: +91-0189286164

painful infected skin spot; yellow pus drainage, temp 1O1F, started on Amoxici11in 500mg; no flaking

infected skin spot with swelling and pus drainage; on Amoxici11in; denies eczema

blood pressure 120/80; heart rate regular; patient ambulatory",infectious
PAT2409,"Name: Carlos Patel | Email: rkthyb@hospital.org | Phone: +91-2079946493 skin rash on elbows and forearm; SevereItching and scaling redness; no pus, no fever red skin rash with SevereItching; denies bleeding, no purulent drainage, not infected patient noticed a red spot on skin; SevereItching with flaking scales; no infection, no fever patient advised on proper hydration and daily sunscreen application",inflammatory
PAT1019,"Name: John Singh | Email: aeunyf@hospital.org | Phone: +91-8031910827 	 stable skin mole present for years; no pain, no bleeding, not enlarged; denies fever, no pus 	 common skin mole; no redness, no pus, not tender, no changes in appearance 	 vital signs stable at intake; alert and oriented x3",benign
PAT1290,"Patient: Meera Patel, DOB: 2005-03-13, MRN: MRN9200405 routine check of skin spot; uniform brown color, circular border; no itching, no discharge, no redness small flesh-colored skin spot; no itching, no bleeding, not painful, completely asymptomatic 👍 stable skin mole present for years; no pain, no bleeding, not enlarged; denies fever, no pus patient advised on proper hydration and daily sunscreen application",benign
PAT1502,"Patient: Sarah Nguyen, DOB: 1956-04-12, MRN: MRN4601048 
 patient noticed a dark spot on skin; BleedingLesion and rapid growth; not painful, denies itching 
 dark skin mole on shoulder; BleedingLesion after shower; no itching, no discharge, not tender 
 reviewed lab results; hemoglobin and renal function within normal limits",malignant
PAT1568,"Name: Elena Sharma | Email: ixbkdn@hospital.org | Phone: +91-9288342069 patient noticed a dark spot on skin; BleedingLesion and rapid growth; not painful, denies itching new dark spot on forearm; |rregular bord3rs; no purulent drainage, not painful patient denies drug allergies; previous medical history non-contributory",malignant
PAT2994,"Patient: Priya Smith, DOB: 1994-02-20, MRN: MRN3995136 
 skin spot on leg with BacterialCellulitis; warm, swollen, purulent drainage; denies bleeding mole 
 red skin spot with localized swelling and pus discharge; elevated temperature; no chronic rash 
 patient noticed a painful red spot on skin; pus discharge noted <br/> temp 1O1F; denies itching 
 patient denies drug allergies; previous medical history non-contributory",infectious
PAT1525,"Patient: Sarah Smith, DOB: 1972-04-12, MRN: MRN5295911 new dark spot on forearm; |rregular bord3rs; no purulent drainage, not painful pigmented skin spot; not healing, changing shape; denies rash, denies fever; suspicious of MalignantMelanoma blood pressure 120/80; heart rate regular; patient ambulatory",malignant
PAT1483,"Name: David Sharma | Email: geudbp@hospital.org | Phone: +91-4319737114 
 common skin mole; no redness, no pus, not tender, no changes in appearance 
 stable skin mole present for years; no pain, no bleeding, not enlarged; denies fever, no pus 
 benign skin spot on trunk; no ulceration, no bleeding, no itching, no discharge 
 reviewed lab results; hemoglobin and renal function within normal limits",benign
PAT1883,"Referred by Dr. Aisha Nguyen; patient ID MRN2550580 
 patient noticed a dark spot on skin; BleedingLesion and rapid growth; not painful, denies itching 
 dark skin mole on shoulder; BleedingLesion after shower; no itching, no discharge, not tender 
 blood pressure 120/80; heart rate regular; patient ambulatory",malignant
PAT2910,"Name: Priya Smith | Email: hhvoai@hospital.org | Phone: +91-3840238892

painful infected skin spot; yellow pus drainage, temp 1O1F, started on Amoxici11in 500mg; no flaking

infected skin spot with swelling and pus drainage; on Amoxici11in; denies eczema

skin spot on leg with BacterialCellulitis; warm, swollen, purulent drainage; denies bleeding mole

follow-up telemedicine consultation scheduled for next month http://telehealth.example.com",infectious
PAT2580,"Patient: Ravi Sharma, DOB: 1977-09-21, MRN: MRN3307057

painful infected skin spot; yellow pus drainage, temp 1O1F, started on Amoxici11in 500mg; no flaking

infected skin spot with swelling and pus drainage; on Amoxici11in; denies eczema

red skin spot with localized swelling and pus discharge; elevated temperature; no chronic rash

blood pressure 120/80; heart rate regular; patient ambulatory",infectious
PAT1412,"Referred by Dr. David Patel; patient ID MRN1609722 	 common skin mole; no redness, no pus, not tender, no changes in appearance 	 routine check of skin spot; uniform brown color, circular border; no itching, no discharge, no redness 	 reviewed lab results; hemoglobin and renal function within normal limits",benign
PAT2978,"Referred by Dr. Ravi Patel; patient ID MRN9916157 painful infected skin spot; yellow pus drainage, temp 1O1F, started on Amoxici11in 500mg; no flaking red skin spot with localized swelling and pus discharge; elevated temperature; no chronic rash follow-up telemedicine consultation scheduled for next month http://telehealth.example.com",infectious
PAT2050,"Patient: Priya Chen, DOB: 1962-10-05, MRN: MRN8338453 flaking red skin spot; SevereItching at night; no fever, denies wound breakdown red skin rash with SevereItching; denies bleeding, no purulent drainage, not infected reviewed lab results; hemoglobin and renal function within normal limits",inflammatory
PAT2563,Name: Aisha Nguyen | Email: otckaa@hospital.org | Phone: +91-6666335865 	 red skin spot with localized swelling and pus discharge; elevated temperature; no chronic rash 	 wound spot on skin with BacterialCellulitis and purulent exudate; fever noted; denies itching 	 reviewed lab results; hemoglobin and renal function within normal limits,infectious
PAT1012,"Patient: Priya Lee, DOB: 1990-07-17, MRN: MRN6521681 	 benign skin spot on trunk; no ulceration, no bleeding, no itching, no discharge 	 common skin mole; no redness, no pus, not tender, no changes in appearance 	 stable skin mole present for years; no pain, no bleeding, not enlarged; denies fever, no pus 	 reviewed lab results; hemoglobin and renal function within normal limits",benign
PAT2115,"Name: Priya Chen | Email: myrkfh@hospital.org | Phone: +91-6708093415 	 pruritic red skin rash; SevereItching not responding to lotion; denies pus discharge 	 flaking red skin spot; SevereItching at night; no fever, denies wound breakdown 	 follow-up telemedicine consultation scheduled for next month http://telehealth.example.com",inflammatory
PAT2882,"Name: Carlos Nguyen | Email: fdyijd@hospital.org | Phone: +91-4658254439 	 infected skin spot with swelling and pus drainage; on Amoxici11in; denies eczema 	 painful infected skin spot; yellow pus drainage, temp 1O1F, started on Amoxici11in 500mg; no flaking 	 follow-up telemedicine consultation scheduled for next month http://telehealth.example.com",infectious
PAT2720,"Patient: Carlos Sharma, DOB: 1985-06-28, MRN: MRN8411209 
 skin spot on leg with BacterialCellulitis; warm, swollen, purulent drainage; denies bleeding mole 
 patient noticed a painful red spot on skin; pus discharge noted <br/> temp 1O1F; denies itching 
 vital signs stable at intake; alert and oriented x3",infectious
PAT2822,"Referred by Dr. Elena Smith; patient ID MRN6484316 painful infected skin spot; yellow pus drainage, temp 1O1F, started on Amoxici11in 500mg; no flaking patient noticed a painful red spot on skin; pus discharge noted <br/> temp 1O1F; denies itching reviewed lab results; hemoglobin and renal function within normal limits",infectious
PAT2342,"Patient: Sarah Sharma, DOB: 1990-08-18, MRN: MRN0885935 pruritic red skin rash; SevereItching not responding to lotion; denies pus discharge flaking red skin spot; SevereItching at night; no fever, denies wound breakdown blood pressure 120/80; heart rate regular; patient ambulatory",inflammatory
PAT1407,"Referred by Dr. Ravi Singh; patient ID MRN5647174

benign skin spot on trunk; no ulceration, no bleeding, no itching, no discharge

routine check of skin spot; uniform brown color, circular border; no itching, no discharge, no redness

common skin mole; no redness, no pus, not tender, no changes in appearance

follow-up telemedicine consultation scheduled for next month http://telehealth.example.com",benign
PAT1733,"Patient: Sarah Nguyen, DOB: 1984-05-11, MRN: MRN5994219 	 dark skin mole on shoulder; BleedingLesion after shower; no itching, no discharge, not tender 	 patient noticed a dark spot on skin; BleedingLesion and rapid growth; not painful, denies itching 	 RapidlyEnlarging skin spot with notched borders; no infection, denies purulent drainage 	 blood pressure 120/80; heart rate regular; patient ambulatory",malignant
PAT1861,"Patient: Meera Chen, DOB: 1986-01-08, MRN: MRN8448401 
 skin spot on back; |rregular bord3rs and uneven dark color variegation; no fever, no pus 
 dark skin mole on shoulder; BleedingLesion after shower; no itching, no discharge, not tender 
 vital signs stable at intake; alert and oriented x3",malignant
PAT1068,"Name: Aisha Lee | Email: pogyea@hospital.org | Phone: +91-1475958811 
 common skin mole; no redness, no pus, not tender, no changes in appearance 
 stable skin mole present for years; no pain, no bleeding, not enlarged; denies fever, no pus 
 patient noticed a skin spot on arm; no itching, no bleeding, no pain, not growing, denies fever 
 follow-up telemedicine consultation scheduled for next month http://telehealth.example.com",benign
PAT1306,"Name: Carlos Singh | Email: qaetub@hospital.org | Phone: +91-0789028605 	 stable skin mole present for years; no pain, no bleeding, not enlarged; denies fever, no pus 	 routine check of skin spot; uniform brown color, circular border; no itching, no discharge, no redness 	 common skin mole; no redness, no pus, not tender, no changes in appearance 	 patient advised on proper hydration and daily sunscreen application",benign
PAT2900,Referred by Dr. Meera Lee; patient ID MRN5872901 	 infected skin spot with swelling and pus drainage; on Amoxici11in; denies eczema 	 red skin spot with localized swelling and pus discharge; elevated temperature; no chronic rash 	 patient advised on proper hydration and daily sunscreen application,infectious
PAT2864,"Patient: John Sharma, DOB: 1994-06-23, MRN: MRN8916219 
 patient noticed a painful red spot on skin; pus discharge noted <br/> temp 1O1F; denies itching 
 infected skin spot with swelling and pus drainage; on Amoxici11in; denies eczema 
 wound spot on skin with BacterialCellulitis and purulent exudate; fever noted; denies itching 
 patient denies drug allergies; previous medical history non-contributory",infectious
PAT1639,"Referred by Dr. Sarah Patel; patient ID MRN8086707 dark skin mole on shoulder; BleedingLesion after shower; no itching, no discharge, not tender new dark spot on forearm; |rregular bord3rs; no purulent drainage, not painful skin spot on back; |rregular bord3rs and uneven dark color variegation; no fever, no pus patient advised on proper hydration and daily sunscreen application",malignant
PAT1895,"Referred by Dr. Ravi Chen; patient ID MRN5212678 skin spot on back; |rregular bord3rs and uneven dark color variegation; no fever, no pus pigmented skin spot; not healing, changing shape; denies rash, denies fever; suspicious of MalignantMelanoma patient noticed a dark spot on skin; BleedingLesion and rapid growth; not painful, denies itching patient denies drug allergies; previous medical history non-contributory",malignant
PAT2404,"Name: Ravi Lee | Email: tutlkn@hospital.org | Phone: +91-5526231772 red itchy skin spot; intense burning sensation and SevereItching; no bleeding, not oozing pruritic red skin rash; SevereItching not responding to lotion; denies pus discharge flaking red skin spot; SevereItching at night; no fever, denies wound breakdown follow-up telemedicine consultation scheduled for next month http://telehealth.example.com",inflammatory
PAT2109,"Referred by Dr. Amit Patel; patient ID MRN6284629 	 flaking red skin spot; SevereItching at night; no fever, denies wound breakdown 	 red itchy skin spot; intense burning sensation and SevereItching; no bleeding, not oozing 	 skin rash on elbows and forearm; SevereItching and scaling redness; no pus, no fever 	 vital signs stable at intake; alert and oriented x3",inflammatory
PAT2745,"Patient: Priya Patel, DOB: 2001-01-03, MRN: MRN5217115

skin spot on leg with BacterialCellulitis; warm, swollen, purulent drainage; denies bleeding mole

patient noticed a painful red spot on skin; pus discharge noted <br/> temp 1O1F; denies itching

red skin spot with localized swelling and pus discharge; elevated temperature; no chronic rash

follow-up telemedicine consultation scheduled for next month http://telehealth.example.com",infectious
PAT2161,"Referred by Dr. Amit Miller; patient ID MRN8362135 flaking red skin spot; SevereItching at night; no fever, denies wound breakdown skin rash on elbows and forearm; SevereItching and scaling redness; no pus, no fever patient advised on proper hydration and daily sunscreen application",inflammatory
PAT2421,"Patient: Elena Lee, DOB: 1952-04-22, MRN: MRN8374532

red itchy skin spot; intense burning sensation and SevereItching; no bleeding, not oozing

flaking red skin spot; SevereItching at night; no fever, denies wound breakdown

patient advised on proper hydration and daily sunscreen application",inflammatory
PAT2411,"Referred by Dr. Carlos Nguyen; patient ID MRN6310790 pruritic red skin rash; SevereItching not responding to lotion; denies pus discharge flaking red skin spot; SevereItching at night; no fever, denies wound breakdown reviewed lab results; hemoglobin and renal function within normal limits",inflammatory
PAT2617,"Referred by Dr. Aisha Miller; patient ID MRN0229461

red skin spot with localized swelling and pus discharge; elevated temperature; no chronic rash

skin spot on leg with BacterialCellulitis; warm, swollen, purulent drainage; denies bleeding mole

infected skin spot with swelling and pus drainage; on Amoxici11in; denies eczema

patient advised on proper hydration and daily sunscreen application",infectious
PAT2770,Referred by Dr. Aisha Nguyen; patient ID MRN8660512 wound spot on skin with BacterialCellulitis and purulent exudate; fever noted; denies itching infected skin spot with swelling and pus drainage; on Amoxici11in; denies eczema vital signs stable at intake; alert and oriented x3,infectious
PAT2478,"Referred by Dr. David Singh; patient ID MRN6635220

red itchy skin spot; intense burning sensation and SevereItching; no bleeding, not oozing

patient noticed a red spot on skin; SevereItching with flaking scales; no infection, no fever

reviewed lab results; hemoglobin and renal function within normal limits",inflammatory
PAT2021,"Referred by Dr. Aisha Smith; patient ID MRN2018412 pruritic red skin rash; SevereItching not responding to lotion; denies pus discharge red skin rash with SevereItching; denies bleeding, no purulent drainage, not infected vital signs stable at intake; alert and oriented x3",inflammatory
PAT1813,"Name: Aisha Singh | Email: jaitan@hospital.org | Phone: +91-5967825287 
 skin spot on back; |rregular bord3rs and uneven dark color variegation; no fever, no pus 
 dark skin mole on shoulder; BleedingLesion after shower; no itching, no discharge, not tender 
 blood pressure 120/80; heart rate regular; patient ambulatory",malignant
PAT1759,"Name: Priya Lee | Email: ppzixt@hospital.org | Phone: +91-9238563947 	 patient noticed a dark spot on skin; BleedingLesion and rapid growth; not painful, denies itching 	 new dark spot on forearm; |rregular bord3rs; no purulent drainage, not painful 	 patient advised on proper hydration and daily sunscreen application",malignant
PAT1115,"Name: Elena Garcia | Email: gtfxsd@hospital.org | Phone: +91-2362170798 benign skin spot on trunk; no ulceration, no bleeding, no itching, no discharge patient noticed a skin spot on arm; no itching, no bleeding, no pain, not growing, denies fever blood pressure 120/80; heart rate regular; patient ambulatory",benign
PAT1551,"Name: Elena Smith | Email: hvdmwu@hospital.org | Phone: +91-2784401342 RapidlyEnlarging skin spot with notched borders; no infection, denies purulent drainage new dark spot on forearm; |rregular bord3rs; no purulent drainage, not painful vital signs stable at intake; alert and oriented x3",malignant
PAT2985,Referred by Dr. David Miller; patient ID MRN6770672 red skin spot with localized swelling and pus discharge; elevated temperature; no chronic rash patient noticed a painful red spot on skin; pus discharge noted <br/> temp 1O1F; denies itching patient denies drug allergies; previous medical history non-contributory,infectious
PAT2666,"Name: Ravi Khan | Email: tshzrv@hospital.org | Phone: +91-8066067478 
 wound spot on skin with BacterialCellulitis and purulent exudate; fever noted; denies itching 
 painful infected skin spot; yellow pus drainage, temp 1O1F, started on Amoxici11in 500mg; no flaking 
 red skin spot with localized swelling and pus discharge; elevated temperature; no chronic rash 
 follow-up telemedicine consultation scheduled for next month http://telehealth.example.com",infectious
PAT2112,"Patient: Carlos Nguyen, DOB: 1963-09-02, MRN: MRN9413825 red skin rash with SevereItching; denies bleeding, no purulent drainage, not infected skin rash on elbows and forearm; SevereItching and scaling redness; no pus, no fever patient noticed a red spot on skin; SevereItching with flaking scales; no infection, no fever reviewed lab results; hemoglobin and renal function within normal limits",inflammatory
PAT1601,"Patient: Carlos Khan, DOB: 1956-06-08, MRN: MRN7925474 	 new dark spot on forearm; |rregular bord3rs; no purulent drainage, not painful 	 RapidlyEnlarging skin spot with notched borders; no infection, denies purulent drainage 	 skin spot on back; |rregular bord3rs and uneven dark color variegation; no fever, no pus 	 vital signs stable at intake; alert and oriented x3",malignant
PAT2369,"Patient: Carlos Lee, DOB: 1996-02-19, MRN: MRN7671890 red itchy skin spot; intense burning sensation and SevereItching; no bleeding, not oozing flaking red skin spot; SevereItching at night; no fever, denies wound breakdown pruritic red skin rash; SevereItching not responding to lotion; denies pus discharge blood pressure 120/80; heart rate regular; patient ambulatory",inflammatory
PAT1999,"Patient: Ravi Sharma, DOB: 1993-03-13, MRN: MRN3744753

pigmented skin spot; not healing, changing shape; denies rash, denies fever; suspicious of MalignantMelanoma

new dark spot on forearm; |rregular bord3rs; no purulent drainage, not painful

vital signs stable at intake; alert and oriented x3",malignant
PAT2465,"Referred by Dr. Sarah Miller; patient ID MRN2263875 	 red skin rash with SevereItching; denies bleeding, no purulent drainage, not infected 	 pruritic red skin rash; SevereItching not responding to lotion; denies pus discharge 	 patient advised on proper hydration and daily sunscreen application",inflammatory
PAT2870,"Referred by Dr. David Miller; patient ID MRN0044790 	 skin spot on leg with BacterialCellulitis; warm, swollen, purulent drainage; denies bleeding mole 	 wound spot on skin with BacterialCellulitis and purulent exudate; fever noted; denies itching 	 follow-up telemedicine consultation scheduled for next month http://telehealth.example.com",infectious
PAT2189,"Name: Aisha Lee | Email: mckmxw@hospital.org | Phone: +91-0676318548 
 flaking red skin spot; SevereItching at night; no fever, denies wound breakdown 
 red skin rash with SevereItching; denies bleeding, no purulent drainage, not infected 
 blood pressure 120/80; heart rate regular; patient ambulatory",inflammatory
PAT2802,"Referred by Dr. Amit Smith; patient ID MRN0621625

wound spot on skin with BacterialCellulitis and purulent exudate; fever noted; denies itching

infected skin spot with swelling and pus drainage; on Amoxici11in; denies eczema

patient denies drug allergies; previous medical history non-contributory",infectious
PAT1754,"Referred by Dr. Ravi Patel; patient ID MRN6630324 	 patient noticed a dark spot on skin; BleedingLesion and rapid growth; not painful, denies itching 	 RapidlyEnlarging skin spot with notched borders; no infection, denies purulent drainage 	 skin spot on back; |rregular bord3rs and uneven dark color variegation; no fever, no pus 	 reviewed lab results; hemoglobin and renal function within normal limits",malignant
PAT1430,"Referred by Dr. John Miller; patient ID MRN2101148 
 stable skin mole present for years; no pain, no bleeding, not enlarged; denies fever, no pus 
 common skin mole; no redness, no pus, not tender, no changes in appearance 
 follow-up telemedicine consultation scheduled for next month http://telehealth.example.com",benign
PAT1864,"Name: Amit Singh | Email: qgrvix@hospital.org | Phone: +91-3563843206

new dark spot on forearm; |rregular bord3rs; no purulent drainage, not painful

RapidlyEnlarging skin spot with notched borders; no infection, denies purulent drainage

dark skin mole on shoulder; BleedingLesion after shower; no itching, no discharge, not tender

follow-up telemedicine consultation scheduled for next month http://telehealth.example.com",malignant
PAT1716,"Patient: Elena Chen, DOB: 2004-06-26, MRN: MRN6304065 skin spot on back; |rregular bord3rs and uneven dark color variegation; no fever, no pus RapidlyEnlarging skin spot with notched borders; no infection, denies purulent drainage patient advised on proper hydration and daily sunscreen application",malignant
PAT1599,"Patient: Carlos Chen, DOB: 1959-04-11, MRN: MRN8833660 	 pigmented skin spot; not healing, changing shape; denies rash, denies fever; suspicious of MalignantMelanoma 	 dark skin mole on shoulder; BleedingLesion after shower; no itching, no discharge, not tender 	 vital signs stable at intake; alert and oriented x3",malignant
PAT2360,"Name: Aisha Lee | Email: wneuok@hospital.org | Phone: +91-8025397422 	 patient noticed a red spot on skin; SevereItching with flaking scales; no infection, no fever 	 pruritic red skin rash; SevereItching not responding to lotion; denies pus discharge 	 vital signs stable at intake; alert and oriented x3",inflammatory
PAT1516,"Patient: David Lee, DOB: 1950-06-02, MRN: MRN0426201 patient noticed a dark spot on skin; BleedingLesion and rapid growth; not painful, denies itching dark skin mole on shoulder; BleedingLesion after shower; no itching, no discharge, not tender reviewed lab results; hemoglobin and renal function within normal limits",malignant
PAT2913,"Patient: Aisha Smith, DOB: 1998-05-17, MRN: MRN9602971

red skin spot with localized swelling and pus discharge; elevated temperature; no chronic rash

painful infected skin spot; yellow pus drainage, temp 1O1F, started on Amoxici11in 500mg; no flaking

reviewed lab results; hemoglobin and renal function within normal limits",infectious
PAT1106,"Referred by Dr. Meera Garcia; patient ID MRN9599874

patient noticed a skin spot on arm; no itching, no bleeding, no pain, not growing, denies fever

routine check of skin spot; uniform brown color, circular border; no itching, no discharge, no redness

reviewed lab results; hemoglobin and renal function within normal limits",benign
PAT2333,"Patient: Amit Lee, DOB: 1979-10-20, MRN: MRN2939539 red itchy skin spot; intense burning sensation and SevereItching; no bleeding, not oozing flaking red skin spot; SevereItching at night; no fever, denies wound breakdown reviewed lab results; hemoglobin and renal function within normal limits",inflammatory
PAT1096,"Name: John Miller | Email: znggre@hospital.org | Phone: +91-7304723298

stable skin mole present for years; no pain, no bleeding, not enlarged; denies fever, no pus

common skin mole; no redness, no pus, not tender, no changes in appearance

reviewed lab results; hemoglobin and renal function within normal limits",benign
PAT1352,"Patient: Carlos Singh, DOB: 1985-07-06, MRN: MRN1862099 
 benign skin spot on trunk; no ulceration, no bleeding, no itching, no discharge 
 routine check of skin spot; uniform brown color, circular border; no itching, no discharge, no redness 
 patient advised on proper hydration and daily sunscreen application",benign
PAT1470,"Name: Aisha Smith | Email: pnljms@hospital.org | Phone: +91-3679142708 	 stable skin mole present for years; no pain, no bleeding, not enlarged; denies fever, no pus 	 small flesh-colored skin spot; no itching, no bleeding, not painful, completely asymptomatic 👍 	 blood pressure 120/80; heart rate regular; patient ambulatory",benign
PAT1501,"Patient: Carlos Khan, DOB: 1957-11-19, MRN: MRN0425423 skin spot on back; |rregular bord3rs and uneven dark color variegation; no fever, no pus new dark spot on forearm; |rregular bord3rs; no purulent drainage, not painful patient denies drug allergies; previous medical history non-contributory",malignant
PAT2881,"Referred by Dr. Elena Singh; patient ID MRN5481130 	 red skin spot with localized swelling and pus discharge; elevated temperature; no chronic rash 	 wound spot on skin with BacterialCellulitis and purulent exudate; fever noted; denies itching 	 painful infected skin spot; yellow pus drainage, temp 1O1F, started on Amoxici11in 500mg; no flaking 	 vital signs stable at intake; alert and oriented x3",infectious
PAT1444,"Referred by Dr. Sarah Nguyen; patient ID MRN3423943 
 patient noticed a skin spot on arm; no itching, no bleeding, no pain, not growing, denies fever 
 small flesh-colored skin spot; no itching, no bleeding, not painful, completely asymptomatic 👍 
 common skin mole; no redness, no pus, not tender, no changes in appearance 
 blood pressure 120/80; heart rate regular; patient ambulatory",benign
PAT2966,"Name: Amit Khan | Email: oqmuuc@hospital.org | Phone: +91-3406069449 
 painful infected skin spot; yellow pus drainage, temp 1O1F, started on Amoxici11in 500mg; no flaking 
 skin spot on leg with BacterialCellulitis; warm, swollen, purulent drainage; denies bleeding mole 
 follow-up telemedicine consultation scheduled for next month http://telehealth.example.com",infectious
PAT1319,"Name: Amit Smith | Email: iylzbk@hospital.org | Phone: +91-1037167501 
 small flesh-colored skin spot; no itching, no bleeding, not painful, completely asymptomatic 👍 
 routine check of skin spot; uniform brown color, circular border; no itching, no discharge, no redness 
 reviewed lab results; hemoglobin and renal function within normal limits",benign
PAT2178,"Referred by Dr. Amit Lee; patient ID MRN7033070 	 pruritic red skin rash; SevereItching not responding to lotion; denies pus discharge 	 patient noticed a red spot on skin; SevereItching with flaking scales; no infection, no fever 	 follow-up telemedicine consultation scheduled for next month http://telehealth.example.com",inflammatory
PAT1649,"Referred by Dr. Elena Nguyen; patient ID MRN0783550

RapidlyEnlarging skin spot with notched borders; no infection, denies purulent drainage

new dark spot on forearm; |rregular bord3rs; no purulent drainage, not painful

follow-up telemedicine consultation scheduled for next month http://telehealth.example.com",malignant
PAT2786,"Name: Ravi Khan | Email: pbnhsy@hospital.org | Phone: +91-7039528954 painful infected skin spot; yellow pus drainage, temp 1O1F, started on Amoxici11in 500mg; no flaking wound spot on skin with BacterialCellulitis and purulent exudate; fever noted; denies itching infected skin spot with swelling and pus drainage; on Amoxici11in; denies eczema blood pressure 120/80; heart rate regular; patient ambulatory",infectious
PAT1911,"Patient: John Singh, DOB: 1973-02-12, MRN: MRN0528792 	 patient noticed a dark spot on skin; BleedingLesion and rapid growth; not painful, denies itching 	 RapidlyEnlarging skin spot with notched borders; no infection, denies purulent drainage 	 follow-up telemedicine consultation scheduled for next month http://telehealth.example.com",malignant
PAT2430,"Name: Ravi Nguyen | Email: ndrzbs@hospital.org | Phone: +91-8310765322 	 pruritic red skin rash; SevereItching not responding to lotion; denies pus discharge 	 skin rash on elbows and forearm; SevereItching and scaling redness; no pus, no fever 	 patient advised on proper hydration and daily sunscreen application",inflammatory
PAT1981,"Name: Elena Lee | Email: jdaiiq@hospital.org | Phone: +91-2959139827 	 dark skin mole on shoulder; BleedingLesion after shower; no itching, no discharge, not tender 	 skin spot on back; |rregular bord3rs and uneven dark color variegation; no fever, no pus 	 pigmented skin spot; not healing, changing shape; denies rash, denies fever; suspicious of MalignantMelanoma 	 blood pressure 120/80; heart rate regular; patient ambulatory",malignant
PAT1898,"Patient: Aisha Chen, DOB: 1956-05-09, MRN: MRN7954017 
 pigmented skin spot; not healing, changing shape; denies rash, denies fever; suspicious of MalignantMelanoma 
 dark skin mole on shoulder; BleedingLesion after shower; no itching, no discharge, not tender 
 vital signs stable at intake; alert and oriented x3",malignant
PAT2879,"Name: Amit Patel | Email: tavhhh@hospital.org | Phone: +91-7894278430

infected skin spot with swelling and pus drainage; on Amoxici11in; denies eczema

painful infected skin spot; yellow pus drainage, temp 1O1F, started on Amoxici11in 500mg; no flaking

patient advised on proper hydration and daily sunscreen application",infectious
PAT2706,"Name: Amit Smith | Email: dhmvrr@hospital.org | Phone: +91-7760143864

infected skin spot with swelling and pus drainage; on Amoxici11in; denies eczema

red skin spot with localized swelling and pus discharge; elevated temperature; no chronic rash

reviewed lab results; hemoglobin and renal function within normal limits",infectious
PAT2056,"Name: Sarah Garcia | Email: zdrehw@hospital.org | Phone: +91-8862449930 
 red skin rash with SevereItching; denies bleeding, no purulent drainage, not infected 
 skin rash on elbows and forearm; SevereItching and scaling redness; no pus, no fever 
 reviewed lab results; hemoglobin and renal function within normal limits",inflammatory
PAT2853,"Referred by Dr. Aisha Garcia; patient ID MRN8839466

wound spot on skin with BacterialCellulitis and purulent exudate; fever noted; denies itching

red skin spot with localized swelling and pus discharge; elevated temperature; no chronic rash

painful infected skin spot; yellow pus drainage, temp 1O1F, started on Amoxici11in 500mg; no flaking

blood pressure 120/80; heart rate regular; patient ambulatory",infectious
PAT2834,"Patient: David Nguyen, DOB: 1954-06-27, MRN: MRN4216194 skin spot on leg with BacterialCellulitis; warm, swollen, purulent drainage; denies bleeding mole red skin spot with localized swelling and pus discharge; elevated temperature; no chronic rash patient advised on proper hydration and daily sunscreen application",infectious
PAT1292,"Name: Meera Nguyen | Email: agsoug@hospital.org | Phone: +91-6882612191 stable skin mole present for years; no pain, no bleeding, not enlarged; denies fever, no pus routine check of skin spot; uniform brown color, circular border; no itching, no discharge, no redness benign skin spot on trunk; no ulceration, no bleeding, no itching, no discharge blood pressure 120/80; heart rate regular; patient ambulatory",benign
PAT2304,"Name: David Smith | Email: yakiai@hospital.org | Phone: +91-9665739886

pruritic red skin rash; SevereItching not responding to lotion; denies pus discharge

red skin rash with SevereItching; denies bleeding, no purulent drainage, not infected

blood pressure 120/80; heart rate regular; patient ambulatory",inflammatory
PAT2750,"Name: Amit Chen | Email: pmexuq@hospital.org | Phone: +91-4591448928 
 patient noticed a painful red spot on skin; pus discharge noted <br/> temp 1O1F; denies itching 
 skin spot on leg with BacterialCellulitis; warm, swollen, purulent drainage; denies bleeding mole 
 painful infected skin spot; yellow pus drainage, temp 1O1F, started on Amoxici11in 500mg; no flaking 
 patient advised on proper hydration and daily sunscreen application",infectious
PAT2356,"Name: Meera Sharma | Email: ospluq@hospital.org | Phone: +91-2825476143

red itchy skin spot; intense burning sensation and SevereItching; no bleeding, not oozing

red skin rash with SevereItching; denies bleeding, no purulent drainage, not infected

blood pressure 120/80; heart rate regular; patient ambulatory",inflammatory
PAT2897,"Referred by Dr. John Patel; patient ID MRN8705741

painful infected skin spot; yellow pus drainage, temp 1O1F, started on Amoxici11in 500mg; no flaking

wound spot on skin with BacterialCellulitis and purulent exudate; fever noted; denies itching

red skin spot with localized swelling and pus discharge; elevated temperature; no chronic rash

follow-up telemedicine consultation scheduled for next month http://telehealth.example.com",infectious
PAT1450,"Patient: David Miller, DOB: 1982-08-11, MRN: MRN8847649 common skin mole; no redness, no pus, not tender, no changes in appearance routine check of skin spot; uniform brown color, circular border; no itching, no discharge, no redness follow-up telemedicine consultation scheduled for next month http://telehealth.example.com",benign
PAT2701,"Name: John Khan | Email: uytdvw@hospital.org | Phone: +91-5266974311 infected skin spot with swelling and pus drainage; on Amoxici11in; denies eczema skin spot on leg with BacterialCellulitis; warm, swollen, purulent drainage; denies bleeding mole painful infected skin spot; yellow pus drainage, temp 1O1F, started on Amoxici11in 500mg; no flaking patient denies drug allergies; previous medical history non-contributory",infectious
PAT1080,"Referred by Dr. John Lee; patient ID MRN8147690 small flesh-colored skin spot; no itching, no bleeding, not painful, completely asymptomatic 👍 patient noticed a skin spot on arm; no itching, no bleeding, no pain, not growing, denies fever vital signs stable at intake; alert and oriented x3",benign
PAT2630,"Patient: Meera Lee, DOB: 2004-03-17, MRN: MRN3800906 
 skin spot on leg with BacterialCellulitis; warm, swollen, purulent drainage; denies bleeding mole 
 infected skin spot with swelling and pus drainage; on Amoxici11in; denies eczema 
 red skin spot with localized swelling and pus discharge; elevated temperature; no chronic rash 
 patient denies drug allergies; previous medical history non-contributory",infectious
PAT1336,"Name: David Nguyen | Email: ocerli@hospital.org | Phone: +91-7126877190 	 routine check of skin spot; uniform brown color, circular border; no itching, no discharge, no redness 	 benign skin spot on trunk; no ulceration, no bleeding, no itching, no discharge 	 vital signs stable at intake; alert and oriented x3",benign
PAT1773,"Referred by Dr. Amit Nguyen; patient ID MRN4816769 	 dark skin mole on shoulder; BleedingLesion after shower; no itching, no discharge, not tender 	 patient noticed a dark spot on skin; BleedingLesion and rapid growth; not painful, denies itching 	 patient denies drug allergies; previous medical history non-contributory",malignant
PAT2310,"Patient: Amit Smith, DOB: 1999-02-21, MRN: MRN7660539 	 pruritic red skin rash; SevereItching not responding to lotion; denies pus discharge 	 red itchy skin spot; intense burning sensation and SevereItching; no bleeding, not oozing 	 vital signs stable at intake; alert and oriented x3",inflammatory
PAT2499,"Referred by Dr. Meera Garcia; patient ID MRN2334521

skin rash on elbows and forearm; SevereItching and scaling redness; no pus, no fever

red skin rash with SevereItching; denies bleeding, no purulent drainage, not infected

follow-up telemedicine consultation scheduled for next month http://telehealth.example.com",inflammatory
PAT2771,"Name: Carlos Miller | Email: bzkvhz@hospital.org | Phone: +91-6852763575 
 skin spot on leg with BacterialCellulitis; warm, swollen, purulent drainage; denies bleeding mole 
 red skin spot with localized swelling and pus discharge; elevated temperature; no chronic rash 
 painful infected skin spot; yellow pus drainage, temp 1O1F, started on Amoxici11in 500mg; no flaking 
 patient denies drug allergies; previous medical history non-contributory",infectious
PAT1266,"Patient: Elena Miller, DOB: 1972-10-28, MRN: MRN1336966

patient noticed a skin spot on arm; no itching, no bleeding, no pain, not growing, denies fever

small flesh-colored skin spot; no itching, no bleeding, not painful, completely asymptomatic 👍

vital signs stable at intake; alert and oriented x3",benign
PAT1833,"Referred by Dr. Sarah Miller; patient ID MRN6215908 	 RapidlyEnlarging skin spot with notched borders; no infection, denies purulent drainage 	 new dark spot on forearm; |rregular bord3rs; no purulent drainage, not painful 	 follow-up telemedicine consultation scheduled for next month http://telehealth.example.com",malignant
PAT1653,"Name: Aisha Smith | Email: ocuqql@hospital.org | Phone: +91-6548759299 
 patient noticed a dark spot on skin; BleedingLesion and rapid growth; not painful, denies itching 
 RapidlyEnlarging skin spot with notched borders; no infection, denies purulent drainage 
 patient denies drug allergies; previous medical history non-contributory",malignant
PAT2400,"Name: Meera Sharma | Email: sksiks@hospital.org | Phone: +91-5368800927 flaking red skin spot; SevereItching at night; no fever, denies wound breakdown red itchy skin spot; intense burning sensation and SevereItching; no bleeding, not oozing patient noticed a red spot on skin; SevereItching with flaking scales; no infection, no fever patient denies drug allergies; previous medical history non-contributory",inflammatory
PAT2101,"Patient: David Chen, DOB: 1980-08-04, MRN: MRN4538236 red itchy skin spot; intense burning sensation and SevereItching; no bleeding, not oozing patient noticed a red spot on skin; SevereItching with flaking scales; no infection, no fever patient denies drug allergies; previous medical history non-contributory",inflammatory
PAT1674,"Patient: David Smith, DOB: 1967-04-01, MRN: MRN3169797 	 dark skin mole on shoulder; BleedingLesion after shower; no itching, no discharge, not tender 	 patient noticed a dark spot on skin; BleedingLesion and rapid growth; not painful, denies itching 	 RapidlyEnlarging skin spot with notched borders; no infection, denies purulent drainage 	 blood pressure 120/80; heart rate regular; patient ambulatory",malignant
PAT2708,"Referred by Dr. John Sharma; patient ID MRN2492140 	 wound spot on skin with BacterialCellulitis and purulent exudate; fever noted; denies itching 	 painful infected skin spot; yellow pus drainage, temp 1O1F, started on Amoxici11in 500mg; no flaking 	 infected skin spot with swelling and pus drainage; on Amoxici11in; denies eczema 	 blood pressure 120/80; heart rate regular; patient ambulatory",infectious
PAT2044,"Referred by Dr. John Lee; patient ID MRN9874669 flaking red skin spot; SevereItching at night; no fever, denies wound breakdown skin rash on elbows and forearm; SevereItching and scaling redness; no pus, no fever follow-up telemedicine consultation scheduled for next month http://telehealth.example.com",inflammatory
PAT1682,"Patient: David Khan, DOB: 1971-12-15, MRN: MRN0498306

dark skin mole on shoulder; BleedingLesion after shower; no itching, no discharge, not tender

new dark spot on forearm; |rregular bord3rs; no purulent drainage, not painful

patient noticed a dark spot on skin; BleedingLesion and rapid growth; not painful, denies itching

follow-up telemedicine consultation scheduled for next month http://telehealth.example.com",malignant
PAT1907,"Name: Ravi Singh | Email: ozckho@hospital.org | Phone: +91-0605006996 new dark spot on forearm; |rregular bord3rs; no purulent drainage, not painful skin spot on back; |rregular bord3rs and uneven dark color variegation; no fever, no pus vital signs stable at intake; alert and oriented x3",malignant
PAT1199,"Referred by Dr. Aisha Khan; patient ID MRN3671710

small flesh-colored skin spot; no itching, no bleeding, not painful, completely asymptomatic 👍

stable skin mole present for years; no pain, no bleeding, not enlarged; denies fever, no pus

common skin mole; no redness, no pus, not tender, no changes in appearance

patient advised on proper hydration and daily sunscreen application",benign
PAT2730,"Referred by Dr. David Singh; patient ID MRN5707887 
 skin spot on leg with BacterialCellulitis; warm, swollen, purulent drainage; denies bleeding mole 
 patient noticed a painful red spot on skin; pus discharge noted <br/> temp 1O1F; denies itching 
 reviewed lab results; hemoglobin and renal function within normal limits",infectious
PAT1380,"Patient: Amit Khan, DOB: 1962-12-09, MRN: MRN3530265 
 small flesh-colored skin spot; no itching, no bleeding, not painful, completely asymptomatic 👍 
 common skin mole; no redness, no pus, not tender, no changes in appearance 
 stable skin mole present for years; no pain, no bleeding, not enlarged; denies fever, no pus 
 patient denies drug allergies; previous medical history non-contributory",benign
PAT2441,"Referred by Dr. John Sharma; patient ID MRN2839901

red skin rash with SevereItching; denies bleeding, no purulent drainage, not infected

skin rash on elbows and forearm; SevereItching and scaling redness; no pus, no fever

patient noticed a red spot on skin; SevereItching with flaking scales; no infection, no fever

reviewed lab results; hemoglobin and renal function within normal limits",inflammatory
PAT2221,"Patient: Elena Khan, DOB: 1984-01-11, MRN: MRN1537247

red skin rash with SevereItching; denies bleeding, no purulent drainage, not infected

flaking red skin spot; SevereItching at night; no fever, denies wound breakdown

patient denies drug allergies; previous medical history non-contributory",inflammatory
PAT1440,"Referred by Dr. Priya Khan; patient ID MRN3998765 
 routine check of skin spot; uniform brown color, circular border; no itching, no discharge, no redness 
 small flesh-colored skin spot; no itching, no bleeding, not painful, completely asymptomatic 👍 
 patient noticed a skin spot on arm; no itching, no bleeding, no pain, not growing, denies fever 
 patient denies drug allergies; previous medical history non-contributory",benign
PAT2281,"Referred by Dr. Carlos Miller; patient ID MRN5430094 	 patient noticed a red spot on skin; SevereItching with flaking scales; no infection, no fever 	 pruritic red skin rash; SevereItching not responding to lotion; denies pus discharge 	 red itchy skin spot; intense burning sensation and SevereItching; no bleeding, not oozing 	 blood pressure 120/80; heart rate regular; patient ambulatory",inflammatory
PAT1202,"Patient: Priya Sharma, DOB: 1982-03-08, MRN: MRN6746959 	 benign skin spot on trunk; no ulceration, no bleeding, no itching, no discharge 	 common skin mole; no redness, no pus, not tender, no changes in appearance 	 vital signs stable at intake; alert and oriented x3",benign
PAT1414,"Name: Ravi Lee | Email: penvok@hospital.org | Phone: +91-4386076519 
 patient noticed a skin spot on arm; no itching, no bleeding, no pain, not growing, denies fever 
 routine check of skin spot; uniform brown color, circular border; no itching, no discharge, no redness 
 common skin mole; no redness, no pus, not tender, no changes in appearance 
 follow-up telemedicine consultation scheduled for next month http://telehealth.example.com",benign
PAT1017,"Patient: Elena Khan, DOB: 1984-06-14, MRN: MRN4105399 	 benign skin spot on trunk; no ulceration, no bleeding, no itching, no discharge 	 routine check of skin spot; uniform brown color, circular border; no itching, no discharge, no redness 	 blood pressure 120/80; heart rate regular; patient ambulatory",benign
PAT1131,"Referred by Dr. Meera Chen; patient ID MRN9540093 	 patient noticed a skin spot on arm; no itching, no bleeding, no pain, not growing, denies fever 	 routine check of skin spot; uniform brown color, circular border; no itching, no discharge, no redness 	 benign skin spot on trunk; no ulceration, no bleeding, no itching, no discharge 	 patient denies drug allergies; previous medical history non-contributory",benign
PAT1718,"Name: Priya Khan | Email: hvrigu@hospital.org | Phone: +91-4288722415 patient noticed a dark spot on skin; BleedingLesion and rapid growth; not painful, denies itching new dark spot on forearm; |rregular bord3rs; no purulent drainage, not painful RapidlyEnlarging skin spot with notched borders; no infection, denies purulent drainage blood pressure 120/80; heart rate regular; patient ambulatory",malignant
PAT1904,"Name: Priya Lee | Email: uuokfa@hospital.org | Phone: +91-3631433646 
 skin spot on back; |rregular bord3rs and uneven dark color variegation; no fever, no pus 
 pigmented skin spot; not healing, changing shape; denies rash, denies fever; suspicious of MalignantMelanoma 
 dark skin mole on shoulder; BleedingLesion after shower; no itching, no discharge, not tender 
 blood pressure 120/80; heart rate regular; patient ambulatory",malignant
PAT1065,"Name: Amit Garcia | Email: vuyvgq@hospital.org | Phone: +91-7938607330 
 common skin mole; no redness, no pus, not tender, no changes in appearance 
 small flesh-colored skin spot; no itching, no bleeding, not painful, completely asymptomatic 👍 
 blood pressure 120/80; heart rate regular; patient ambulatory",benign
PAT2315,"Referred by Dr. John Khan; patient ID MRN5189626 patient noticed a red spot on skin; SevereItching with flaking scales; no infection, no fever flaking red skin spot; SevereItching at night; no fever, denies wound breakdown red itchy skin spot; intense burning sensation and SevereItching; no bleeding, not oozing vital signs stable at intake; alert and oriented x3",inflammatory
PAT1951,"Name: Priya Singh | Email: iiituv@hospital.org | Phone: +91-8729773429 	 patient noticed a dark spot on skin; BleedingLesion and rapid growth; not painful, denies itching 	 skin spot on back; |rregular bord3rs and uneven dark color variegation; no fever, no pus 	 patient advised on proper hydration and daily sunscreen application",malignant
PAT2228,"Name: John Patel | Email: vbbhiy@hospital.org | Phone: +91-2600974544

flaking red skin spot; SevereItching at night; no fever, denies wound breakdown

red skin rash with SevereItching; denies bleeding, no purulent drainage, not infected

skin rash on elbows and forearm; SevereItching and scaling redness; no pus, no fever

follow-up telemedicine consultation scheduled for next month http://telehealth.example.com",inflammatory
PAT1723,"Referred by Dr. Priya Miller; patient ID MRN4682809 	 dark skin mole on shoulder; BleedingLesion after shower; no itching, no discharge, not tender 	 pigmented skin spot; not healing, changing shape; denies rash, denies fever; suspicious of MalignantMelanoma 	 RapidlyEnlarging skin spot with notched borders; no infection, denies purulent drainage 	 vital signs stable at intake; alert and oriented x3",malignant
PAT1508,"Patient: Ravi Nguyen, DOB: 1996-12-20, MRN: MRN0481488

skin spot on back; |rregular bord3rs and uneven dark color variegation; no fever, no pus

dark skin mole on shoulder; BleedingLesion after shower; no itching, no discharge, not tender

pigmented skin spot; not healing, changing shape; denies rash, denies fever; suspicious of MalignantMelanoma

vital signs stable at intake; alert and oriented x3",malignant
PAT1756,"Patient: Ravi Sharma, DOB: 1991-11-02, MRN: MRN0210713

dark skin mole on shoulder; BleedingLesion after shower; no itching, no discharge, not tender

new dark spot on forearm; |rregular bord3rs; no purulent drainage, not painful

blood pressure 120/80; heart rate regular; patient ambulatory",malignant
PAT1804,"Patient: Aisha Smith, DOB: 1980-01-03, MRN: MRN3472211 
 RapidlyEnlarging skin spot with notched borders; no infection, denies purulent drainage 
 dark skin mole on shoulder; BleedingLesion after shower; no itching, no discharge, not tender 
 pigmented skin spot; not healing, changing shape; denies rash, denies fever; suspicious of MalignantMelanoma 
 reviewed lab results; hemoglobin and renal function within normal limits",malignant
PAT2537,"Patient: Elena Nguyen, DOB: 1980-08-22, MRN: MRN8516992 
 infected skin spot with swelling and pus drainage; on Amoxici11in; denies eczema 
 painful infected skin spot; yellow pus drainage, temp 1O1F, started on Amoxici11in 500mg; no flaking 
 vital signs stable at intake; alert and oriented x3",infectious
PAT1944,"Referred by Dr. Carlos Garcia; patient ID MRN2148464 	 patient noticed a dark spot on skin; BleedingLesion and rapid growth; not painful, denies itching 	 dark skin mole on shoulder; BleedingLesion after shower; no itching, no discharge, not tender 	 pigmented skin spot; not healing, changing shape; denies rash, denies fever; suspicious of MalignantMelanoma 	 patient denies drug allergies; previous medical history non-contributory",malignant
PAT2633,"Patient: Sarah Chen, DOB: 1972-01-20, MRN: MRN6864322 
 infected skin spot with swelling and pus drainage; on Amoxici11in; denies eczema 
 wound spot on skin with BacterialCellulitis and purulent exudate; fever noted; denies itching 
 painful infected skin spot; yellow pus drainage, temp 1O1F, started on Amoxici11in 500mg; no flaking 
 patient advised on proper hydration and daily sunscreen application",infectious
PAT2830,"Name: Carlos Smith | Email: augfgr@hospital.org | Phone: +91-6083479762 	 painful infected skin spot; yellow pus drainage, temp 1O1F, started on Amoxici11in 500mg; no flaking 	 skin spot on leg with BacterialCellulitis; warm, swollen, purulent drainage; denies bleeding mole 	 follow-up telemedicine consultation scheduled for next month http://telehealth.example.com",infectious
PAT2959,"Referred by Dr. Ravi Lee; patient ID MRN4471551

infected skin spot with swelling and pus drainage; on Amoxici11in; denies eczema

painful infected skin spot; yellow pus drainage, temp 1O1F, started on Amoxici11in 500mg; no flaking

red skin spot with localized swelling and pus discharge; elevated temperature; no chronic rash

patient advised on proper hydration and daily sunscreen application",infectious
PAT1818,"Name: Aisha Singh | Email: hkyuqs@hospital.org | Phone: +91-0783728663 	 RapidlyEnlarging skin spot with notched borders; no infection, denies purulent drainage 	 new dark spot on forearm; |rregular bord3rs; no purulent drainage, not painful 	 dark skin mole on shoulder; BleedingLesion after shower; no itching, no discharge, not tender 	 vital signs stable at intake; alert and oriented x3",malignant
PAT2726,"Referred by Dr. Meera Smith; patient ID MRN6864993

infected skin spot with swelling and pus drainage; on Amoxici11in; denies eczema

red skin spot with localized swelling and pus discharge; elevated temperature; no chronic rash

wound spot on skin with BacterialCellulitis and purulent exudate; fever noted; denies itching

blood pressure 120/80; heart rate regular; patient ambulatory",infectious
PAT1281,"Patient: Sarah Nguyen, DOB: 1983-12-02, MRN: MRN3132833 benign skin spot on trunk; no ulceration, no bleeding, no itching, no discharge common skin mole; no redness, no pus, not tender, no changes in appearance patient denies drug allergies; previous medical history non-contributory",benign
PAT1284,"Referred by Dr. Elena Lee; patient ID MRN4087415 	 small flesh-colored skin spot; no itching, no bleeding, not painful, completely asymptomatic 👍 	 stable skin mole present for years; no pain, no bleeding, not enlarged; denies fever, no pus 	 patient noticed a skin spot on arm; no itching, no bleeding, no pain, not growing, denies fever 	 patient advised on proper hydration and daily sunscreen application",benign
PAT1521,"Patient: John Miller, DOB: 2003-03-06, MRN: MRN1487857 
 pigmented skin spot; not healing, changing shape; denies rash, denies fever; suspicious of MalignantMelanoma 
 dark skin mole on shoulder; BleedingLesion after shower; no itching, no discharge, not tender 
 vital signs stable at intake; alert and oriented x3",malignant
PAT2389,"Name: David Chen | Email: yhoduy@hospital.org | Phone: +91-6902584376 skin rash on elbows and forearm; SevereItching and scaling redness; no pus, no fever red skin rash with SevereItching; denies bleeding, no purulent drainage, not infected flaking red skin spot; SevereItching at night; no fever, denies wound breakdown follow-up telemedicine consultation scheduled for next month http://telehealth.example.com",inflammatory
PAT1079,"Patient: Carlos Chen, DOB: 1968-12-11, MRN: MRN0947752 routine check of skin spot; uniform brown color, circular border; no itching, no discharge, no redness common skin mole; no redness, no pus, not tender, no changes in appearance reviewed lab results; hemoglobin and renal function within normal limits",benign
PAT2099,"Name: David Miller | Email: rsxpwk@hospital.org | Phone: +91-1223914750 	 red itchy skin spot; intense burning sensation and SevereItching; no bleeding, not oozing 	 flaking red skin spot; SevereItching at night; no fever, denies wound breakdown 	 vital signs stable at intake; alert and oriented x3",inflammatory
PAT2902,"Referred by Dr. Priya Singh; patient ID MRN6818635 
 painful infected skin spot; yellow pus drainage, temp 1O1F, started on Amoxici11in 500mg; no flaking 
 wound spot on skin with BacterialCellulitis and purulent exudate; fever noted; denies itching 
 red skin spot with localized swelling and pus discharge; elevated temperature; no chronic rash 
 vital signs stable at intake; alert and oriented x3",infectious
PAT2518,"Patient: Carlos Garcia, DOB: 1982-01-22, MRN: MRN6154850 	 red skin spot with localized swelling and pus discharge; elevated temperature; no chronic rash 	 patient noticed a painful red spot on skin; pus discharge noted <br/> temp 1O1F; denies itching 	 patient denies drug allergies; previous medical history non-contributory",infectious
PAT1947,"Patient: David Khan, DOB: 1981-08-28, MRN: MRN6683789 
 pigmented skin spot; not healing, changing shape; denies rash, denies fever; suspicious of MalignantMelanoma 
 RapidlyEnlarging skin spot with notched borders; no infection, denies purulent drainage 
 dark skin mole on shoulder; BleedingLesion after shower; no itching, no discharge, not tender 
 patient denies drug allergies; previous medical history non-contributory",malignant
PAT1605,"Patient: Ravi Lee, DOB: 2004-10-13, MRN: MRN0022250 patient noticed a dark spot on skin; BleedingLesion and rapid growth; not painful, denies itching dark skin mole on shoulder; BleedingLesion after shower; no itching, no discharge, not tender new dark spot on forearm; |rregular bord3rs; no purulent drainage, not painful reviewed lab results; hemoglobin and renal function within normal limits",malignant
PAT2179,"Patient: Sarah Smith, DOB: 2005-09-21, MRN: MRN2341052 	 skin rash on elbows and forearm; SevereItching and scaling redness; no pus, no fever 	 pruritic red skin rash; SevereItching not responding to lotion; denies pus discharge 	 patient advised on proper hydration and daily sunscreen application",inflammatory
PAT1192,"Referred by Dr. Amit Khan; patient ID MRN5066321 
 patient noticed a skin spot on arm; no itching, no bleeding, no pain, not growing, denies fever 
 small flesh-colored skin spot; no itching, no bleeding, not painful, completely asymptomatic 👍 
 blood pressure 120/80; heart rate regular; patient ambulatory",benign
PAT1514,"Referred by Dr. Priya Nguyen; patient ID MRN7140207 
 pigmented skin spot; not healing, changing shape; denies rash, denies fever; suspicious of MalignantMelanoma 
 new dark spot on forearm; |rregular bord3rs; no purulent drainage, not painful 
 RapidlyEnlarging skin spot with notched borders; no infection, denies purulent drainage 
 reviewed lab results; hemoglobin and renal function within normal limits",malignant
PAT1836,"Patient: David Chen, DOB: 2002-07-28, MRN: MRN9213612

RapidlyEnlarging skin spot with notched borders; no infection, denies purulent drainage

skin spot on back; |rregular bord3rs and uneven dark color variegation; no fever, no pus

blood pressure 120/80; heart rate regular; patient ambulatory",malignant
PAT2789,"Patient: John Sharma, DOB: 1960-06-10, MRN: MRN1486593 patient noticed a painful red spot on skin; pus discharge noted <br/> temp 1O1F; denies itching red skin spot with localized swelling and pus discharge; elevated temperature; no chronic rash painful infected skin spot; yellow pus drainage, temp 1O1F, started on Amoxici11in 500mg; no flaking reviewed lab results; hemoglobin and renal function within normal limits",infectious
PAT1656,"Referred by Dr. Elena Sharma; patient ID MRN9736790 
 RapidlyEnlarging skin spot with notched borders; no infection, denies purulent drainage 
 new dark spot on forearm; |rregular bord3rs; no purulent drainage, not painful 
 skin spot on back; |rregular bord3rs and uneven dark color variegation; no fever, no pus 
 reviewed lab results; hemoglobin and renal function within normal limits",malignant
PAT1945,"Referred by Dr. Sarah Patel; patient ID MRN9461697 patient noticed a dark spot on skin; BleedingLesion and rapid growth; not painful, denies itching skin spot on back; |rregular bord3rs and uneven dark color variegation; no fever, no pus pigmented skin spot; not healing, changing shape; denies rash, denies fever; suspicious of MalignantMelanoma patient advised on proper hydration and daily sunscreen application",malignant
PAT1010,"Referred by Dr. Meera Nguyen; patient ID MRN6630322 	 benign skin spot on trunk; no ulceration, no bleeding, no itching, no discharge 	 small flesh-colored skin spot; no itching, no bleeding, not painful, completely asymptomatic 👍 	 blood pressure 120/80; heart rate regular; patient ambulatory",benign
PAT1229,"Patient: David Nguyen, DOB: 2003-12-25, MRN: MRN5005454 
 small flesh-colored skin spot; no itching, no bleeding, not painful, completely asymptomatic 👍 
 benign skin spot on trunk; no ulceration, no bleeding, no itching, no discharge 
 common skin mole; no redness, no pus, not tender, no changes in appearance 
 vital signs stable at intake; alert and oriented x3",benign
PAT1126,"Name: Aisha Miller | Email: phmscs@hospital.org | Phone: +91-7571704459 
 stable skin mole present for years; no pain, no bleeding, not enlarged; denies fever, no pus 
 patient noticed a skin spot on arm; no itching, no bleeding, no pain, not growing, denies fever 
 patient denies drug allergies; previous medical history non-contributory",benign
PAT2904,"Referred by Dr. Carlos Chen; patient ID MRN1624445 painful infected skin spot; yellow pus drainage, temp 1O1F, started on Amoxici11in 500mg; no flaking wound spot on skin with BacterialCellulitis and purulent exudate; fever noted; denies itching patient noticed a painful red spot on skin; pus discharge noted <br/> temp 1O1F; denies itching blood pressure 120/80; heart rate regular; patient ambulatory",infectious
PAT1738,"Referred by Dr. Carlos Miller; patient ID MRN6037031

pigmented skin spot; not healing, changing shape; denies rash, denies fever; suspicious of MalignantMelanoma

RapidlyEnlarging skin spot with notched borders; no infection, denies purulent drainage

new dark spot on forearm; |rregular bord3rs; no purulent drainage, not painful

patient advised on proper hydration and daily sunscreen application",malignant
PAT1220,"Name: Meera Miller | Email: wfypvp@hospital.org | Phone: +91-0114793187 small flesh-colored skin spot; no itching, no bleeding, not painful, completely asymptomatic 👍 stable skin mole present for years; no pain, no bleeding, not enlarged; denies fever, no pus blood pressure 120/80; heart rate regular; patient ambulatory",benign
PAT1358,"Name: Carlos Patel | Email: zvwutk@hospital.org | Phone: +91-5370068465 
 patient noticed a skin spot on arm; no itching, no bleeding, no pain, not growing, denies fever 
 common skin mole; no redness, no pus, not tender, no changes in appearance 
 follow-up telemedicine consultation scheduled for next month http://telehealth.example.com",benign
PAT1992,"Patient: Ravi Patel, DOB: 1952-08-26, MRN: MRN6558101

RapidlyEnlarging skin spot with notched borders; no infection, denies purulent drainage

skin spot on back; |rregular bord3rs and uneven dark color variegation; no fever, no pus

pigmented skin spot; not healing, changing shape; denies rash, denies fever; suspicious of MalignantMelanoma

follow-up telemedicine consultation scheduled for next month http://telehealth.example.com",malignant
PAT2918,"Referred by Dr. Elena Garcia; patient ID MRN4803790 	 red skin spot with localized swelling and pus discharge; elevated temperature; no chronic rash 	 patient noticed a painful red spot on skin; pus discharge noted <br/> temp 1O1F; denies itching 	 painful infected skin spot; yellow pus drainage, temp 1O1F, started on Amoxici11in 500mg; no flaking 	 reviewed lab results; hemoglobin and renal function within normal limits",infectious
PAT1071,"Name: Sarah Khan | Email: yrdsfp@hospital.org | Phone: +91-8614874408 routine check of skin spot; uniform brown color, circular border; no itching, no discharge, no redness stable skin mole present for years; no pain, no bleeding, not enlarged; denies fever, no pus small flesh-colored skin spot; no itching, no bleeding, not painful, completely asymptomatic 👍 patient advised on proper hydration and daily sunscreen application",benign
PAT1141,"Patient: Elena Garcia, DOB: 1996-05-08, MRN: MRN1550570 
 patient noticed a skin spot on arm; no itching, no bleeding, no pain, not growing, denies fever 
 benign skin spot on trunk; no ulceration, no bleeding, no itching, no discharge 
 blood pressure 120/80; heart rate regular; patient ambulatory",benign
PAT1943,"Patient: Aisha Chen, DOB: 2002-11-16, MRN: MRN2942475 
 pigmented skin spot; not healing, changing shape; denies rash, denies fever; suspicious of MalignantMelanoma 
 patient noticed a dark spot on skin; BleedingLesion and rapid growth; not painful, denies itching 
 new dark spot on forearm; |rregular bord3rs; no purulent drainage, not painful 
 vital signs stable at intake; alert and oriented x3",malignant
PAT2024,"Patient: Sarah Smith, DOB: 1988-05-13, MRN: MRN7844871 	 patient noticed a red spot on skin; SevereItching with flaking scales; no infection, no fever 	 red skin rash with SevereItching; denies bleeding, no purulent drainage, not infected 	 red itchy skin spot; intense burning sensation and SevereItching; no bleeding, not oozing 	 blood pressure 120/80; heart rate regular; patient ambulatory",inflammatory
PAT2976,"Name: Carlos Garcia | Email: pkbbmo@hospital.org | Phone: +91-8967640837

infected skin spot with swelling and pus drainage; on Amoxici11in; denies eczema

painful infected skin spot; yellow pus drainage, temp 1O1F, started on Amoxici11in 500mg; no flaking

skin spot on leg with BacterialCellulitis; warm, swollen, purulent drainage; denies bleeding mole

reviewed lab results; hemoglobin and renal function within normal limits",infectious
PAT1986,"Patient: Amit Lee, DOB: 1968-07-08, MRN: MRN0454184

patient noticed a dark spot on skin; BleedingLesion and rapid growth; not painful, denies itching

dark skin mole on shoulder; BleedingLesion after shower; no itching, no discharge, not tender

blood pressure 120/80; heart rate regular; patient ambulatory",malignant
PAT1174,"Referred by Dr. Ravi Singh; patient ID MRN5716537 benign skin spot on trunk; no ulceration, no bleeding, no itching, no discharge patient noticed a skin spot on arm; no itching, no bleeding, no pain, not growing, denies fever patient denies drug allergies; previous medical history non-contributory",benign
PAT2386,"Patient: John Sharma, DOB: 1986-10-21, MRN: MRN4916474

skin rash on elbows and forearm; SevereItching and scaling redness; no pus, no fever

pruritic red skin rash; SevereItching not responding to lotion; denies pus discharge

red itchy skin spot; intense burning sensation and SevereItching; no bleeding, not oozing

vital signs stable at intake; alert and oriented x3",inflammatory
PAT2886,"Referred by Dr. Amit Patel; patient ID MRN7195227

red skin spot with localized swelling and pus discharge; elevated temperature; no chronic rash

wound spot on skin with BacterialCellulitis and purulent exudate; fever noted; denies itching

reviewed lab results; hemoglobin and renal function within normal limits",infectious
PAT1774,"Referred by Dr. Meera Chen; patient ID MRN9819958 new dark spot on forearm; |rregular bord3rs; no purulent drainage, not painful patient noticed a dark spot on skin; BleedingLesion and rapid growth; not painful, denies itching skin spot on back; |rregular bord3rs and uneven dark color variegation; no fever, no pus follow-up telemedicine consultation scheduled for next month http://telehealth.example.com",malignant
PAT2475,"Name: Carlos Patel | Email: ppjbja@hospital.org | Phone: +91-0098331174 red itchy skin spot; intense burning sensation and SevereItching; no bleeding, not oozing skin rash on elbows and forearm; SevereItching and scaling redness; no pus, no fever flaking red skin spot; SevereItching at night; no fever, denies wound breakdown reviewed lab results; hemoglobin and renal function within normal limits",inflammatory
PAT1298,"Patient: Elena Nguyen, DOB: 1988-12-22, MRN: MRN3087303 
 common skin mole; no redness, no pus, not tender, no changes in appearance 
 routine check of skin spot; uniform brown color, circular border; no itching, no discharge, no redness 
 patient advised on proper hydration and daily sunscreen application",benign
PAT1182,"Patient: Elena Khan, DOB: 1964-08-17, MRN: MRN5858651 	 patient noticed a skin spot on arm; no itching, no bleeding, no pain, not growing, denies fever 	 stable skin mole present for years; no pain, no bleeding, not enlarged; denies fever, no pus 	 follow-up telemedicine consultation scheduled for next month http://telehealth.example.com",benign
PAT2170,"Name: John Khan | Email: bciqzo@hospital.org | Phone: +91-4508032427 
 red skin rash with SevereItching; denies bleeding, no purulent drainage, not infected 
 red itchy skin spot; intense burning sensation and SevereItching; no bleeding, not oozing 
 pruritic red skin rash; SevereItching not responding to lotion; denies pus discharge 
 vital signs stable at intake; alert and oriented x3",inflammatory
PAT1680,"Patient: Sarah Khan, DOB: 2000-11-21, MRN: MRN7271277

new dark spot on forearm; |rregular bord3rs; no purulent drainage, not painful

patient noticed a dark spot on skin; BleedingLesion and rapid growth; not painful, denies itching

dark skin mole on shoulder; BleedingLesion after shower; no itching, no discharge, not tender

blood pressure 120/80; heart rate regular; patient ambulatory",malignant
PAT2981,Referred by Dr. John Miller; patient ID MRN9267688 wound spot on skin with BacterialCellulitis and purulent exudate; fever noted; denies itching red skin spot with localized swelling and pus discharge; elevated temperature; no chronic rash reviewed lab results; hemoglobin and renal function within normal limits,infectious
PAT2420,"Referred by Dr. Aisha Sharma; patient ID MRN2208853

patient noticed a red spot on skin; SevereItching with flaking scales; no infection, no fever

skin rash on elbows and forearm; SevereItching and scaling redness; no pus, no fever

patient denies drug allergies; previous medical history non-contributory",inflammatory
PAT2550,"Referred by Dr. John Khan; patient ID MRN4399247

patient noticed a painful red spot on skin; pus discharge noted <br/> temp 1O1F; denies itching

painful infected skin spot; yellow pus drainage, temp 1O1F, started on Amoxici11in 500mg; no flaking

blood pressure 120/80; heart rate regular; patient ambulatory",infectious
PAT1543,"Name: Elena Lee | Email: pywllh@hospital.org | Phone: +91-5259549930 	 new dark spot on forearm; |rregular bord3rs; no purulent drainage, not painful 	 RapidlyEnlarging skin spot with notched borders; no infection, denies purulent drainage 	 patient noticed a dark spot on skin; BleedingLesion and rapid growth; not painful, denies itching 	 follow-up telemedicine consultation scheduled for next month http://telehealth.example.com",malignant
PAT2811,"Patient: Ravi Patel, DOB: 2002-02-10, MRN: MRN2187652 
 patient noticed a painful red spot on skin; pus discharge noted <br/> temp 1O1F; denies itching 
 wound spot on skin with BacterialCellulitis and purulent exudate; fever noted; denies itching 
 vital signs stable at intake; alert and oriented x3",infectious
PAT2234,"Referred by Dr. John Garcia; patient ID MRN5343935

red skin rash with SevereItching; denies bleeding, no purulent drainage, not infected

skin rash on elbows and forearm; SevereItching and scaling redness; no pus, no fever

patient noticed a red spot on skin; SevereItching with flaking scales; no infection, no fever

patient denies drug allergies; previous medical history non-contributory",inflammatory
PAT1688,"Patient: Sarah Smith, DOB: 1950-06-22, MRN: MRN4955875 	 dark skin mole on shoulder; BleedingLesion after shower; no itching, no discharge, not tender 	 pigmented skin spot; not healing, changing shape; denies rash, denies fever; suspicious of MalignantMelanoma 	 skin spot on back; |rregular bord3rs and uneven dark color variegation; no fever, no pus 	 blood pressure 120/80; heart rate regular; patient ambulatory",malignant
PAT2472,"Name: Aisha Chen | Email: utxnrd@hospital.org | Phone: +91-9548447198

flaking red skin spot; SevereItching at night; no fever, denies wound breakdown

red itchy skin spot; intense burning sensation and SevereItching; no bleeding, not oozing

patient denies drug allergies; previous medical history non-contributory",inflammatory
PAT1499,"Referred by Dr. Sarah Garcia; patient ID MRN8320957

patient noticed a skin spot on arm; no itching, no bleeding, no pain, not growing, denies fever

small flesh-colored skin spot; no itching, no bleeding, not painful, completely asymptomatic 👍

blood pressure 120/80; heart rate regular; patient ambulatory",benign
PAT1553,"Name: Amit Patel | Email: buwbmd@hospital.org | Phone: +91-9237895413

patient noticed a dark spot on skin; BleedingLesion and rapid growth; not painful, denies itching

pigmented skin spot; not healing, changing shape; denies rash, denies fever; suspicious of MalignantMelanoma

patient advised on proper hydration and daily sunscreen application",malignant
PAT2095,"Referred by Dr. Priya Sharma; patient ID MRN3647512

pruritic red skin rash; SevereItching not responding to lotion; denies pus discharge

skin rash on elbows and forearm; SevereItching and scaling redness; no pus, no fever

red skin rash with SevereItching; denies bleeding, no purulent drainage, not infected

follow-up telemedicine consultation scheduled for next month http://telehealth.example.com",inflammatory
PAT2604,"Patient: John Smith, DOB: 1982-07-26, MRN: MRN4974738 	 wound spot on skin with BacterialCellulitis and purulent exudate; fever noted; denies itching 	 red skin spot with localized swelling and pus discharge; elevated temperature; no chronic rash 	 patient advised on proper hydration and daily sunscreen application",infectious
PAT1669,"Patient: David Chen, DOB: 1963-01-21, MRN: MRN3885616 skin spot on back; |rregular bord3rs and uneven dark color variegation; no fever, no pus patient noticed a dark spot on skin; BleedingLesion and rapid growth; not painful, denies itching patient denies drug allergies; previous medical history non-contributory",malignant
PAT2147,"Name: David Garcia | Email: snidxf@hospital.org | Phone: +91-4533439669

red itchy skin spot; intense burning sensation and SevereItching; no bleeding, not oozing

patient noticed a red spot on skin; SevereItching with flaking scales; no infection, no fever

red skin rash with SevereItching; denies bleeding, no purulent drainage, not infected

reviewed lab results; hemoglobin and renal function within normal limits",inflammatory
PAT2321,"Referred by Dr. Sarah Garcia; patient ID MRN2509384 
 flaking red skin spot; SevereItching at night; no fever, denies wound breakdown 
 red itchy skin spot; intense burning sensation and SevereItching; no bleeding, not oozing 
 vital signs stable at intake; alert and oriented x3",inflammatory
PAT1650,"Name: Priya Garcia | Email: xmynfk@hospital.org | Phone: +91-5286191269

patient noticed a dark spot on skin; BleedingLesion and rapid growth; not painful, denies itching

pigmented skin spot; not healing, changing shape; denies rash, denies fever; suspicious of MalignantMelanoma

patient denies drug allergies; previous medical history non-contributory",malignant
PAT2914,"Referred by Dr. John Patel; patient ID MRN0274127 
 wound spot on skin with BacterialCellulitis and purulent exudate; fever noted; denies itching 
 painful infected skin spot; yellow pus drainage, temp 1O1F, started on Amoxici11in 500mg; no flaking 
 patient advised on proper hydration and daily sunscreen application",infectious
PAT1487,"Name: Meera Lee | Email: xrxuih@hospital.org | Phone: +91-8866231909 common skin mole; no redness, no pus, not tender, no changes in appearance benign skin spot on trunk; no ulceration, no bleeding, no itching, no discharge patient denies drug allergies; previous medical history non-contributory",benign
PAT1569,"Referred by Dr. Meera Sharma; patient ID MRN6102913

skin spot on back; |rregular bord3rs and uneven dark color variegation; no fever, no pus

pigmented skin spot; not healing, changing shape; denies rash, denies fever; suspicious of MalignantMelanoma

new dark spot on forearm; |rregular bord3rs; no purulent drainage, not painful

patient advised on proper hydration and daily sunscreen application",malignant
PAT1060,"Referred by Dr. Priya Smith; patient ID MRN3039932 routine check of skin spot; uniform brown color, circular border; no itching, no discharge, no redness stable skin mole present for years; no pain, no bleeding, not enlarged; denies fever, no pus small flesh-colored skin spot; no itching, no bleeding, not painful, completely asymptomatic 👍 blood pressure 120/80; heart rate regular; patient ambulatory",benign
PAT2938,"Referred by Dr. Meera Nguyen; patient ID MRN3611683 painful infected skin spot; yellow pus drainage, temp 1O1F, started on Amoxici11in 500mg; no flaking infected skin spot with swelling and pus drainage; on Amoxici11in; denies eczema patient advised on proper hydration and daily sunscreen application",infectious
PAT2917,"Name: Meera Smith | Email: kvuokl@hospital.org | Phone: +91-0382309795 painful infected skin spot; yellow pus drainage, temp 1O1F, started on Amoxici11in 500mg; no flaking wound spot on skin with BacterialCellulitis and purulent exudate; fever noted; denies itching patient denies drug allergies; previous medical history non-contributory",infectious
PAT1735,"Name: Aisha Chen | Email: tynggu@hospital.org | Phone: +91-9665215982 	 RapidlyEnlarging skin spot with notched borders; no infection, denies purulent drainage 	 dark skin mole on shoulder; BleedingLesion after shower; no itching, no discharge, not tender 	 follow-up telemedicine consultation scheduled for next month http://telehealth.example.com",malignant
PAT2819,"Name: Priya Miller | Email: uomnpv@hospital.org | Phone: +91-7167961550 
 patient noticed a painful red spot on skin; pus discharge noted <br/> temp 1O1F; denies itching 
 painful infected skin spot; yellow pus drainage, temp 1O1F, started on Amoxici11in 500mg; no flaking 
 skin spot on leg with BacterialCellulitis; warm, swollen, purulent drainage; denies bleeding mole 
 reviewed lab results; hemoglobin and renal function within normal limits",infectious
PAT1770,"Name: Ravi Chen | Email: xtfjql@hospital.org | Phone: +91-1819615169 dark skin mole on shoulder; BleedingLesion after shower; no itching, no discharge, not tender skin spot on back; |rregular bord3rs and uneven dark color variegation; no fever, no pus follow-up telemedicine consultation scheduled for next month http://telehealth.example.com",malignant
PAT1123,"Patient: Sarah Smith, DOB: 1997-09-23, MRN: MRN7103974 
 common skin mole; no redness, no pus, not tender, no changes in appearance 
 routine check of skin spot; uniform brown color, circular border; no itching, no discharge, no redness 
 follow-up telemedicine consultation scheduled for next month http://telehealth.example.com",benign
PAT2773,"Name: Elena Miller | Email: ixnlrl@hospital.org | Phone: +91-7835541834 wound spot on skin with BacterialCellulitis and purulent exudate; fever noted; denies itching skin spot on leg with BacterialCellulitis; warm, swollen, purulent drainage; denies bleeding mole infected skin spot with swelling and pus drainage; on Amoxici11in; denies eczema vital signs stable at intake; alert and oriented x3",infectious
PAT1737,"Referred by Dr. Meera Sharma; patient ID MRN8766043 
 pigmented skin spot; not healing, changing shape; denies rash, denies fever; suspicious of MalignantMelanoma 
 patient noticed a dark spot on skin; BleedingLesion and rapid growth; not painful, denies itching 
 follow-up telemedicine consultation scheduled for next month http://telehealth.example.com",malignant
PAT2712,"Referred by Dr. Carlos Chen; patient ID MRN5832677 
 skin spot on leg with BacterialCellulitis; warm, swollen, purulent drainage; denies bleeding mole 
 infected skin spot with swelling and pus drainage; on Amoxici11in; denies eczema 
 patient advised on proper hydration and daily sunscreen application",infectious
PAT1335,"Patient: Elena Sharma, DOB: 1994-07-04, MRN: MRN8167366 
 benign skin spot on trunk; no ulceration, no bleeding, no itching, no discharge 
 stable skin mole present for years; no pain, no bleeding, not enlarged; denies fever, no pus 
 routine check of skin spot; uniform brown color, circular border; no itching, no discharge, no redness 
 blood pressure 120/80; heart rate regular; patient ambulatory",benign
PAT1367,"Referred by Dr. John Patel; patient ID MRN7298814 stable skin mole present for years; no pain, no bleeding, not enlarged; denies fever, no pus common skin mole; no redness, no pus, not tender, no changes in appearance vital signs stable at intake; alert and oriented x3",benign
PAT2334,"Referred by Dr. Amit Nguyen; patient ID MRN2649648 	 red itchy skin spot; intense burning sensation and SevereItching; no bleeding, not oozing 	 flaking red skin spot; SevereItching at night; no fever, denies wound breakdown 	 patient noticed a red spot on skin; SevereItching with flaking scales; no infection, no fever 	 blood pressure 120/80; heart rate regular; patient ambulatory",inflammatory
PAT2629,Referred by Dr. Elena Chen; patient ID MRN2063351 patient noticed a painful red spot on skin; pus discharge noted <br/> temp 1O1F; denies itching infected skin spot with swelling and pus drainage; on Amoxici11in; denies eczema patient denies drug allergies; previous medical history non-contributory,infectious
PAT2609,Referred by Dr. Priya Nguyen; patient ID MRN1259858 patient noticed a painful red spot on skin; pus discharge noted <br/> temp 1O1F; denies itching red skin spot with localized swelling and pus discharge; elevated temperature; no chronic rash infected skin spot with swelling and pus drainage; on Amoxici11in; denies eczema reviewed lab results; hemoglobin and renal function within normal limits,infectious
PAT2327,"Referred by Dr. Elena Singh; patient ID MRN4308782

red skin rash with SevereItching; denies bleeding, no purulent drainage, not infected

skin rash on elbows and forearm; SevereItching and scaling redness; no pus, no fever

blood pressure 120/80; heart rate regular; patient ambulatory",inflammatory
PAT2821,"Patient: Carlos Singh, DOB: 2001-02-02, MRN: MRN8850245

infected skin spot with swelling and pus drainage; on Amoxici11in; denies eczema

red skin spot with localized swelling and pus discharge; elevated temperature; no chronic rash

patient denies drug allergies; previous medical history non-contributory",infectious
PAT1334,"Name: David Chen | Email: frhvuo@hospital.org | Phone: +91-8263884559 small flesh-colored skin spot; no itching, no bleeding, not painful, completely asymptomatic 👍 benign skin spot on trunk; no ulceration, no bleeding, no itching, no discharge follow-up telemedicine consultation scheduled for next month http://telehealth.example.com",benign
PAT2602,"Name: Carlos Miller | Email: dcvvwt@hospital.org | Phone: +91-3017708660 
 infected skin spot with swelling and pus drainage; on Amoxici11in; denies eczema 
 skin spot on leg with BacterialCellulitis; warm, swollen, purulent drainage; denies bleeding mole 
 follow-up telemedicine consultation scheduled for next month http://telehealth.example.com",infectious
PAT2841,"Patient: Elena Garcia, DOB: 1999-12-23, MRN: MRN2790460 skin spot on leg with BacterialCellulitis; warm, swollen, purulent drainage; denies bleeding mole wound spot on skin with BacterialCellulitis and purulent exudate; fever noted; denies itching patient denies drug allergies; previous medical history non-contributory",infectious
PAT2912,"Patient: Priya Chen, DOB: 1955-02-19, MRN: MRN4160502

infected skin spot with swelling and pus drainage; on Amoxici11in; denies eczema

painful infected skin spot; yellow pus drainage, temp 1O1F, started on Amoxici11in 500mg; no flaking

red skin spot with localized swelling and pus discharge; elevated temperature; no chronic rash

follow-up telemedicine consultation scheduled for next month http://telehealth.example.com",infectious
PAT1285,"Name: Ravi Patel | Email: hwsusq@hospital.org | Phone: +91-5631114018 routine check of skin spot; uniform brown color, circular border; no itching, no discharge, no redness stable skin mole present for years; no pain, no bleeding, not enlarged; denies fever, no pus patient noticed a skin spot on arm; no itching, no bleeding, no pain, not growing, denies fever vital signs stable at intake; alert and oriented x3",benign
PAT1214,"Referred by Dr. Meera Khan; patient ID MRN2844144 small flesh-colored skin spot; no itching, no bleeding, not painful, completely asymptomatic 👍 common skin mole; no redness, no pus, not tender, no changes in appearance routine check of skin spot; uniform brown color, circular border; no itching, no discharge, no redness patient denies drug allergies; previous medical history non-contributory",benign
PAT1694,"Referred by Dr. Priya Nguyen; patient ID MRN8973392 patient noticed a dark spot on skin; BleedingLesion and rapid growth; not painful, denies itching RapidlyEnlarging skin spot with notched borders; no infection, denies purulent drainage skin spot on back; |rregular bord3rs and uneven dark color variegation; no fever, no pus reviewed lab results; hemoglobin and renal function within normal limits",malignant
PAT2780,"Patient: Priya Nguyen, DOB: 1989-04-04, MRN: MRN3399420 	 skin spot on leg with BacterialCellulitis; warm, swollen, purulent drainage; denies bleeding mole 	 red skin spot with localized swelling and pus discharge; elevated temperature; no chronic rash 	 vital signs stable at intake; alert and oriented x3",infectious
PAT2282,"Patient: John Singh, DOB: 1988-04-17, MRN: MRN1250828 
 patient noticed a red spot on skin; SevereItching with flaking scales; no infection, no fever 
 flaking red skin spot; SevereItching at night; no fever, denies wound breakdown 
 vital signs stable at intake; alert and oriented x3",inflammatory
PAT1186,"Patient: Priya Khan, DOB: 1994-10-24, MRN: MRN7333645 
 common skin mole; no redness, no pus, not tender, no changes in appearance 
 small flesh-colored skin spot; no itching, no bleeding, not painful, completely asymptomatic 👍 
 routine check of skin spot; uniform brown color, circular border; no itching, no discharge, no redness 
 vital signs stable at intake; alert and oriented x3",benign
PAT2865,"Name: Ravi Singh | Email: gnjsas@hospital.org | Phone: +91-1831032128 
 patient noticed a painful red spot on skin; pus discharge noted <br/> temp 1O1F; denies itching 
 skin spot on leg with BacterialCellulitis; warm, swollen, purulent drainage; denies bleeding mole 
 blood pressure 120/80; heart rate regular; patient ambulatory",infectious
PAT2975,"Patient: Sarah Miller, DOB: 1992-03-02, MRN: MRN3680179 	 skin spot on leg with BacterialCellulitis; warm, swollen, purulent drainage; denies bleeding mole 	 patient noticed a painful red spot on skin; pus discharge noted <br/> temp 1O1F; denies itching 	 vital signs stable at intake; alert and oriented x3",infectious
PAT1227,"Name: Sarah Garcia | Email: njdmot@hospital.org | Phone: +91-5179846418 small flesh-colored skin spot; no itching, no bleeding, not painful, completely asymptomatic 👍 routine check of skin spot; uniform brown color, circular border; no itching, no discharge, no redness common skin mole; no redness, no pus, not tender, no changes in appearance patient denies drug allergies; previous medical history non-contributory",benign
PAT1625,"Referred by Dr. Elena Sharma; patient ID MRN7593004 	 patient noticed a dark spot on skin; BleedingLesion and rapid growth; not painful, denies itching 	 new dark spot on forearm; |rregular bord3rs; no purulent drainage, not painful 	 skin spot on back; |rregular bord3rs and uneven dark color variegation; no fever, no pus 	 patient denies drug allergies; previous medical history non-contributory",malignant
PAT1315,"Patient: Sarah Lee, DOB: 2000-01-10, MRN: MRN9961295

routine check of skin spot; uniform brown color, circular border; no itching, no discharge, no redness

benign skin spot on trunk; no ulceration, no bleeding, no itching, no discharge

common skin mole; no redness, no pus, not tender, no changes in appearance

vital signs stable at intake; alert and oriented x3",benign
PAT2888,"Patient: Priya Chen, DOB: 2000-02-21, MRN: MRN7704777 	 wound spot on skin with BacterialCellulitis and purulent exudate; fever noted; denies itching 	 infected skin spot with swelling and pus drainage; on Amoxici11in; denies eczema 	 reviewed lab results; hemoglobin and renal function within normal limits",infectious
PAT1263,"Name: David Lee | Email: rxsmmb@hospital.org | Phone: +91-1107910431 	 routine check of skin spot; uniform brown color, circular border; no itching, no discharge, no redness 	 stable skin mole present for years; no pain, no bleeding, not enlarged; denies fever, no pus 	 patient advised on proper hydration and daily sunscreen application",benign
PAT2616,"Name: John Sharma | Email: gxmeom@hospital.org | Phone: +91-5984989240 
 red skin spot with localized swelling and pus discharge; elevated temperature; no chronic rash 
 painful infected skin spot; yellow pus drainage, temp 1O1F, started on Amoxici11in 500mg; no flaking 
 patient noticed a painful red spot on skin; pus discharge noted <br/> temp 1O1F; denies itching 
 vital signs stable at intake; alert and oriented x3",infectious
PAT1760,"Referred by Dr. Meera Khan; patient ID MRN7886038

skin spot on back; |rregular bord3rs and uneven dark color variegation; no fever, no pus

patient noticed a dark spot on skin; BleedingLesion and rapid growth; not painful, denies itching

vital signs stable at intake; alert and oriented x3",malignant
PAT1803,"Patient: David Miller, DOB: 1969-08-24, MRN: MRN2426898 
 patient noticed a dark spot on skin; BleedingLesion and rapid growth; not painful, denies itching 
 dark skin mole on shoulder; BleedingLesion after shower; no itching, no discharge, not tender 
 patient advised on proper hydration and daily sunscreen application",malignant
PAT2297,"Referred by Dr. Aisha Patel; patient ID MRN9457996 	 pruritic red skin rash; SevereItching not responding to lotion; denies pus discharge 	 red skin rash with SevereItching; denies bleeding, no purulent drainage, not infected 	 red itchy skin spot; intense burning sensation and SevereItching; no bleeding, not oozing 	 reviewed lab results; hemoglobin and renal function within normal limits",inflammatory
PAT2010,"Name: Meera Chen | Email: dsuedd@hospital.org | Phone: +91-6088091989 
 pruritic red skin rash; SevereItching not responding to lotion; denies pus discharge 
 skin rash on elbows and forearm; SevereItching and scaling redness; no pus, no fever 
 red skin rash with SevereItching; denies bleeding, no purulent drainage, not infected 
 follow-up telemedicine consultation scheduled for next month http://telehealth.example.com",inflammatory
PAT1317,"Name: Amit Lee | Email: hmpqwv@hospital.org | Phone: +91-9294766380 
 small flesh-colored skin spot; no itching, no bleeding, not painful, completely asymptomatic 👍 
 benign skin spot on trunk; no ulceration, no bleeding, no itching, no discharge 
 patient advised on proper hydration and daily sunscreen application",benign
PAT1902,"Patient: Meera Chen, DOB: 1973-10-23, MRN: MRN4539420 dark skin mole on shoulder; BleedingLesion after shower; no itching, no discharge, not tender skin spot on back; |rregular bord3rs and uneven dark color variegation; no fever, no pus reviewed lab results; hemoglobin and renal function within normal limits",malignant
PAT2868,"Referred by Dr. Elena Garcia; patient ID MRN5404091

red skin spot with localized swelling and pus discharge; elevated temperature; no chronic rash

painful infected skin spot; yellow pus drainage, temp 1O1F, started on Amoxici11in 500mg; no flaking

follow-up telemedicine consultation scheduled for next month http://telehealth.example.com",infectious
PAT2991,"Referred by Dr. Ravi Miller; patient ID MRN9565669 	 skin spot on leg with BacterialCellulitis; warm, swollen, purulent drainage; denies bleeding mole 	 red skin spot with localized swelling and pus discharge; elevated temperature; no chronic rash 	 painful infected skin spot; yellow pus drainage, temp 1O1F, started on Amoxici11in 500mg; no flaking 	 follow-up telemedicine consultation scheduled for next month http://telehealth.example.com",infectious
PAT1699,"Referred by Dr. Ravi Sharma; patient ID MRN3832927 	 pigmented skin spot; not healing, changing shape; denies rash, denies fever; suspicious of MalignantMelanoma 	 new dark spot on forearm; |rregular bord3rs; no purulent drainage, not painful 	 patient advised on proper hydration and daily sunscreen application",malignant
PAT2725,"Patient: Meera Smith, DOB: 1990-09-16, MRN: MRN1280690 
 skin spot on leg with BacterialCellulitis; warm, swollen, purulent drainage; denies bleeding mole 
 red skin spot with localized swelling and pus discharge; elevated temperature; no chronic rash 
 infected skin spot with swelling and pus drainage; on Amoxici11in; denies eczema 
 blood pressure 120/80; heart rate regular; patient ambulatory",infectious
PAT1612,"Name: Aisha Singh | Email: fbbwmi@hospital.org | Phone: +91-8708260428

new dark spot on forearm; |rregular bord3rs; no purulent drainage, not painful

pigmented skin spot; not healing, changing shape; denies rash, denies fever; suspicious of MalignantMelanoma

vital signs stable at intake; alert and oriented x3",malignant
PAT2002,"Patient: Elena Sharma, DOB: 1976-04-06, MRN: MRN3174320 	 red itchy skin spot; intense burning sensation and SevereItching; no bleeding, not oozing 	 pruritic red skin rash; SevereItching not responding to lotion; denies pus discharge 	 patient noticed a red spot on skin; SevereItching with flaking scales; no infection, no fever 	 follow-up telemedicine consultation scheduled for next month http://telehealth.example.com",inflammatory
PAT1246,"Patient: Amit Khan, DOB: 1996-09-17, MRN: MRN7428975 
 small flesh-colored skin spot; no itching, no bleeding, not painful, completely asymptomatic 👍 
 routine check of skin spot; uniform brown color, circular border; no itching, no discharge, no redness 
 blood pressure 120/80; heart rate regular; patient ambulatory",benign
PAT1116,"Patient: John Sharma, DOB: 1951-09-17, MRN: MRN0605948 	 stable skin mole present for years; no pain, no bleeding, not enlarged; denies fever, no pus 	 patient noticed a skin spot on arm; no itching, no bleeding, no pain, not growing, denies fever 	 routine check of skin spot; uniform brown color, circular border; no itching, no discharge, no redness 	 patient denies drug allergies; previous medical history non-contributory",benign
PAT2154,"Referred by Dr. Carlos Miller; patient ID MRN8119445 	 red skin rash with SevereItching; denies bleeding, no purulent drainage, not infected 	 red itchy skin spot; intense burning sensation and SevereItching; no bleeding, not oozing 	 follow-up telemedicine consultation scheduled for next month http://telehealth.example.com",inflammatory
PAT2665,Referred by Dr. David Garcia; patient ID MRN7103033 wound spot on skin with BacterialCellulitis and purulent exudate; fever noted; denies itching red skin spot with localized swelling and pus discharge; elevated temperature; no chronic rash patient noticed a painful red spot on skin; pus discharge noted <br/> temp 1O1F; denies itching follow-up telemedicine consultation scheduled for next month http://telehealth.example.com,infectious
PAT2215,"Patient: Aisha Sharma, DOB: 1986-09-28, MRN: MRN3548430

skin rash on elbows and forearm; SevereItching and scaling redness; no pus, no fever

patient noticed a red spot on skin; SevereItching with flaking scales; no infection, no fever

flaking red skin spot; SevereItching at night; no fever, denies wound breakdown

patient denies drug allergies; previous medical history non-contributory",inflammatory
PAT1135,"Patient: Meera Patel, DOB: 1952-09-01, MRN: MRN6412576 benign skin spot on trunk; no ulceration, no bleeding, no itching, no discharge common skin mole; no redness, no pus, not tender, no changes in appearance stable skin mole present for years; no pain, no bleeding, not enlarged; denies fever, no pus reviewed lab results; hemoglobin and renal function within normal limits",benign
PAT1743,"Referred by Dr. Sarah Garcia; patient ID MRN0328594 	 new dark spot on forearm; |rregular bord3rs; no purulent drainage, not painful 	 patient noticed a dark spot on skin; BleedingLesion and rapid growth; not painful, denies itching 	 RapidlyEnlarging skin spot with notched borders; no infection, denies purulent drainage 	 patient denies drug allergies; previous medical history non-contributory",malignant
PAT1196,"Name: Carlos Patel | Email: qqtkka@hospital.org | Phone: +91-7091094686 patient noticed a skin spot on arm; no itching, no bleeding, no pain, not growing, denies fever routine check of skin spot; uniform brown color, circular border; no itching, no discharge, no redness vital signs stable at intake; alert and oriented x3",benign
PAT2936,"Patient: Sarah Miller, DOB: 1996-10-01, MRN: MRN8891513 	 painful infected skin spot; yellow pus drainage, temp 1O1F, started on Amoxici11in 500mg; no flaking 	 wound spot on skin with BacterialCellulitis and purulent exudate; fever noted; denies itching 	 reviewed lab results; hemoglobin and renal function within normal limits",infectious
PAT2092,"Referred by Dr. Meera Singh; patient ID MRN6018622 
 pruritic red skin rash; SevereItching not responding to lotion; denies pus discharge 
 flaking red skin spot; SevereItching at night; no fever, denies wound breakdown 
 patient advised on proper hydration and daily sunscreen application",inflammatory
PAT1213,"Referred by Dr. John Lee; patient ID MRN0743232

patient noticed a skin spot on arm; no itching, no bleeding, no pain, not growing, denies fever

stable skin mole present for years; no pain, no bleeding, not enlarged; denies fever, no pus

patient advised on proper hydration and daily sunscreen application",benign
PAT2212,"Referred by Dr. Amit Lee; patient ID MRN6651369 	 red skin rash with SevereItching; denies bleeding, no purulent drainage, not infected 	 skin rash on elbows and forearm; SevereItching and scaling redness; no pus, no fever 	 patient noticed a red spot on skin; SevereItching with flaking scales; no infection, no fever 	 blood pressure 120/80; heart rate regular; patient ambulatory",inflammatory
PAT1241,"Name: Ravi Chen | Email: bxmyxq@hospital.org | Phone: +91-2421391064 	 stable skin mole present for years; no pain, no bleeding, not enlarged; denies fever, no pus 	 benign skin spot on trunk; no ulceration, no bleeding, no itching, no discharge 	 follow-up telemedicine consultation scheduled for next month http://telehealth.example.com",benign
PAT2591,"Patient: Elena Garcia, DOB: 1986-03-18, MRN: MRN2137982 red skin spot with localized swelling and pus discharge; elevated temperature; no chronic rash wound spot on skin with BacterialCellulitis and purulent exudate; fever noted; denies itching patient advised on proper hydration and daily sunscreen application",infectious
PAT2417,"Name: Elena Chen | Email: ckgdfo@hospital.org | Phone: +91-1351818088

skin rash on elbows and forearm; SevereItching and scaling redness; no pus, no fever

red skin rash with SevereItching; denies bleeding, no purulent drainage, not infected

reviewed lab results; hemoglobin and renal function within normal limits",inflammatory
PAT2012,"Name: Aisha Smith | Email: brhkor@hospital.org | Phone: +91-7961395340 
 red skin rash with SevereItching; denies bleeding, no purulent drainage, not infected 
 skin rash on elbows and forearm; SevereItching and scaling redness; no pus, no fever 
 vital signs stable at intake; alert and oriented x3",inflammatory
PAT1402,"Patient: John Smith, DOB: 1992-12-19, MRN: MRN3473371 
 stable skin mole present for years; no pain, no bleeding, not enlarged; denies fever, no pus 
 small flesh-colored skin spot; no itching, no bleeding, not painful, completely asymptomatic 👍 
 patient advised on proper hydration and daily sunscreen application",benign
PAT1001,"Name: Priya Chen | Email: ihdtea@hospital.org | Phone: +91-7740569518 	 common skin mole; no redness, no pus, not tender, no changes in appearance 	 benign skin spot on trunk; no ulceration, no bleeding, no itching, no discharge 	 patient noticed a skin spot on arm; no itching, no bleeding, no pain, not growing, denies fever 	 reviewed lab results; hemoglobin and renal function within normal limits",benign
PAT1964,"Referred by Dr. Priya Sharma; patient ID MRN1003013 skin spot on back; |rregular bord3rs and uneven dark color variegation; no fever, no pus patient noticed a dark spot on skin; BleedingLesion and rapid growth; not painful, denies itching new dark spot on forearm; |rregular bord3rs; no purulent drainage, not painful patient advised on proper hydration and daily sunscreen application",malignant
PAT1420,"Referred by Dr. Ravi Chen; patient ID MRN1920731 
 common skin mole; no redness, no pus, not tender, no changes in appearance 
 stable skin mole present for years; no pain, no bleeding, not enlarged; denies fever, no pus 
 patient advised on proper hydration and daily sunscreen application",benign
PAT2674,"Name: John Patel | Email: ssvooi@hospital.org | Phone: +91-4617116982 
 patient noticed a painful red spot on skin; pus discharge noted <br/> temp 1O1F; denies itching 
 infected skin spot with swelling and pus drainage; on Amoxici11in; denies eczema 
 wound spot on skin with BacterialCellulitis and purulent exudate; fever noted; denies itching 
 vital signs stable at intake; alert and oriented x3",infectious
PAT2543,"Name: Aisha Patel | Email: goejbg@hospital.org | Phone: +91-3363788608 	 painful infected skin spot; yellow pus drainage, temp 1O1F, started on Amoxici11in 500mg; no flaking 	 wound spot on skin with BacterialCellulitis and purulent exudate; fever noted; denies itching 	 vital signs stable at intake; alert and oriented x3",infectious
PAT2083,"Referred by Dr. Priya Smith; patient ID MRN7869753 
 red itchy skin spot; intense burning sensation and SevereItching; no bleeding, not oozing 
 patient noticed a red spot on skin; SevereItching with flaking scales; no infection, no fever 
 flaking red skin spot; SevereItching at night; no fever, denies wound breakdown 
 patient advised on proper hydration and daily sunscreen application",inflammatory
PAT2974,"Referred by Dr. Amit Smith; patient ID MRN8951468 	 painful infected skin spot; yellow pus drainage, temp 1O1F, started on Amoxici11in 500mg; no flaking 	 red skin spot with localized swelling and pus discharge; elevated temperature; no chronic rash 	 follow-up telemedicine consultation scheduled for next month http://telehealth.example.com",infectious
PAT1194,"Referred by Dr. David Singh; patient ID MRN0966188 
 patient noticed a skin spot on arm; no itching, no bleeding, no pain, not growing, denies fever 
 routine check of skin spot; uniform brown color, circular border; no itching, no discharge, no redness 
 follow-up telemedicine consultation scheduled for next month http://telehealth.example.com",benign
PAT2522,"Name: Elena Smith | Email: nzzcha@hospital.org | Phone: +91-1292969427 
 painful infected skin spot; yellow pus drainage, temp 1O1F, started on Amoxici11in 500mg; no flaking 
 wound spot on skin with BacterialCellulitis and purulent exudate; fever noted; denies itching 
 skin spot on leg with BacterialCellulitis; warm, swollen, purulent drainage; denies bleeding mole 
 patient advised on proper hydration and daily sunscreen application",infectious
PAT1844,"Referred by Dr. John Khan; patient ID MRN1272700 pigmented skin spot; not healing, changing shape; denies rash, denies fever; suspicious of MalignantMelanoma RapidlyEnlarging skin spot with notched borders; no infection, denies purulent drainage skin spot on back; |rregular bord3rs and uneven dark color variegation; no fever, no pus reviewed lab results; hemoglobin and renal function within normal limits",malignant
PAT2173,"Patient: Priya Nguyen, DOB: 1998-07-06, MRN: MRN9813164 skin rash on elbows and forearm; SevereItching and scaling redness; no pus, no fever red itchy skin spot; intense burning sensation and SevereItching; no bleeding, not oozing blood pressure 120/80; heart rate regular; patient ambulatory",inflammatory
PAT2084,"Patient: Carlos Sharma, DOB: 2005-11-27, MRN: MRN9988479

skin rash on elbows and forearm; SevereItching and scaling redness; no pus, no fever

pruritic red skin rash; SevereItching not responding to lotion; denies pus discharge

patient noticed a red spot on skin; SevereItching with flaking scales; no infection, no fever

follow-up telemedicine consultation scheduled for next month http://telehealth.example.com",inflammatory
PAT2325,"Name: Priya Nguyen | Email: wcoppv@hospital.org | Phone: +91-9672206612 skin rash on elbows and forearm; SevereItching and scaling redness; no pus, no fever flaking red skin spot; SevereItching at night; no fever, denies wound breakdown blood pressure 120/80; heart rate regular; patient ambulatory",inflammatory
PAT2066,"Name: David Chen | Email: vlazqz@hospital.org | Phone: +91-2027357837 
 red skin rash with SevereItching; denies bleeding, no purulent drainage, not infected 
 skin rash on elbows and forearm; SevereItching and scaling redness; no pus, no fever 
 reviewed lab results; hemoglobin and renal function within normal limits",inflammatory
PAT2871,"Patient: David Chen, DOB: 1960-04-28, MRN: MRN5688093 
 skin spot on leg with BacterialCellulitis; warm, swollen, purulent drainage; denies bleeding mole 
 wound spot on skin with BacterialCellulitis and purulent exudate; fever noted; denies itching 
 vital signs stable at intake; alert and oriented x3",infectious
PAT2169,"Patient: Sarah Smith, DOB: 2005-07-15, MRN: MRN2629648 	 red itchy skin spot; intense burning sensation and SevereItching; no bleeding, not oozing 	 skin rash on elbows and forearm; SevereItching and scaling redness; no pus, no fever 	 patient denies drug allergies; previous medical history non-contributory",inflammatory
PAT1675,"Patient: Sarah Smith, DOB: 1969-04-14, MRN: MRN2819527 	 patient noticed a dark spot on skin; BleedingLesion and rapid growth; not painful, denies itching 	 RapidlyEnlarging skin spot with notched borders; no infection, denies purulent drainage 	 skin spot on back; |rregular bord3rs and uneven dark color variegation; no fever, no pus 	 blood pressure 120/80; heart rate regular; patient ambulatory",malignant
PAT2242,"Referred by Dr. Elena Nguyen; patient ID MRN1772243 	 red skin rash with SevereItching; denies bleeding, no purulent drainage, not infected 	 patient noticed a red spot on skin; SevereItching with flaking scales; no infection, no fever 	 flaking red skin spot; SevereItching at night; no fever, denies wound breakdown 	 vital signs stable at intake; alert and oriented x3",inflammatory
PAT1327,"Patient: Priya Sharma, DOB: 1971-02-24, MRN: MRN4270647 	 routine check of skin spot; uniform brown color, circular border; no itching, no discharge, no redness 	 benign skin spot on trunk; no ulceration, no bleeding, no itching, no discharge 	 stable skin mole present for years; no pain, no bleeding, not enlarged; denies fever, no pus 	 blood pressure 120/80; heart rate regular; patient ambulatory",benign
PAT2422,"Referred by Dr. Sarah Nguyen; patient ID MRN2118830 red skin rash with SevereItching; denies bleeding, no purulent drainage, not infected patient noticed a red spot on skin; SevereItching with flaking scales; no infection, no fever reviewed lab results; hemoglobin and renal function within normal limits",inflammatory
PAT2159,"Name: Elena Nguyen | Email: cltaqf@hospital.org | Phone: +91-6869467336 	 red skin rash with SevereItching; denies bleeding, no purulent drainage, not infected 	 flaking red skin spot; SevereItching at night; no fever, denies wound breakdown 	 patient denies drug allergies; previous medical history non-contributory",inflammatory
PAT2803,"Name: John Singh | Email: iileyw@hospital.org | Phone: +91-2336910339

skin spot on leg with BacterialCellulitis; warm, swollen, purulent drainage; denies bleeding mole

infected skin spot with swelling and pus drainage; on Amoxici11in; denies eczema

follow-up telemedicine consultation scheduled for next month http://telehealth.example.com",infectious
PAT1325,"Referred by Dr. Carlos Smith; patient ID MRN2463539 
 routine check of skin spot; uniform brown color, circular border; no itching, no discharge, no redness 
 stable skin mole present for years; no pain, no bleeding, not enlarged; denies fever, no pus 
 blood pressure 120/80; heart rate regular; patient ambulatory",benign
PAT2644,"Patient: Aisha Miller, DOB: 1951-12-16, MRN: MRN4392253 
 infected skin spot with swelling and pus drainage; on Amoxici11in; denies eczema 
 painful infected skin spot; yellow pus drainage, temp 1O1F, started on Amoxici11in 500mg; no flaking 
 red skin spot with localized swelling and pus discharge; elevated temperature; no chronic rash 
 patient advised on proper hydration and daily sunscreen application",infectious
PAT1346,"Name: Carlos Miller | Email: ntmomf@hospital.org | Phone: +91-9568951310 benign skin spot on trunk; no ulceration, no bleeding, no itching, no discharge routine check of skin spot; uniform brown color, circular border; no itching, no discharge, no redness common skin mole; no redness, no pus, not tender, no changes in appearance vital signs stable at intake; alert and oriented x3",benign
PAT1789,"Referred by Dr. Meera Nguyen; patient ID MRN7097490 dark skin mole on shoulder; BleedingLesion after shower; no itching, no discharge, not tender skin spot on back; |rregular bord3rs and uneven dark color variegation; no fever, no pus pigmented skin spot; not healing, changing shape; denies rash, denies fever; suspicious of MalignantMelanoma patient advised on proper hydration and daily sunscreen application",malignant
PAT2862,Referred by Dr. Priya Nguyen; patient ID MRN0808186 infected skin spot with swelling and pus drainage; on Amoxici11in; denies eczema patient noticed a painful red spot on skin; pus discharge noted <br/> temp 1O1F; denies itching patient denies drug allergies; previous medical history non-contributory,infectious
PAT1256,"Referred by Dr. Priya Chen; patient ID MRN8501934

stable skin mole present for years; no pain, no bleeding, not enlarged; denies fever, no pus

small flesh-colored skin spot; no itching, no bleeding, not painful, completely asymptomatic 👍

routine check of skin spot; uniform brown color, circular border; no itching, no discharge, no redness

blood pressure 120/80; heart rate regular; patient ambulatory",benign
PAT2268,"Name: Meera Chen | Email: frowja@hospital.org | Phone: +91-9172352151 
 skin rash on elbows and forearm; SevereItching and scaling redness; no pus, no fever 
 patient noticed a red spot on skin; SevereItching with flaking scales; no infection, no fever 
 flaking red skin spot; SevereItching at night; no fever, denies wound breakdown 
 reviewed lab results; hemoglobin and renal function within normal limits",inflammatory
PAT1929,"Referred by Dr. David Lee; patient ID MRN5277892 pigmented skin spot; not healing, changing shape; denies rash, denies fever; suspicious of MalignantMelanoma new dark spot on forearm; |rregular bord3rs; no purulent drainage, not painful skin spot on back; |rregular bord3rs and uneven dark color variegation; no fever, no pus reviewed lab results; hemoglobin and renal function within normal limits",malignant
PAT2462,"Name: Aisha Lee | Email: tzpbja@hospital.org | Phone: +91-5801827327

pruritic red skin rash; SevereItching not responding to lotion; denies pus discharge

red skin rash with SevereItching; denies bleeding, no purulent drainage, not infected

patient advised on proper hydration and daily sunscreen application",inflammatory
PAT1834,"Patient: John Patel, DOB: 1980-05-21, MRN: MRN7431363

patient noticed a dark spot on skin; BleedingLesion and rapid growth; not painful, denies itching

dark skin mole on shoulder; BleedingLesion after shower; no itching, no discharge, not tender

pigmented skin spot; not healing, changing shape; denies rash, denies fever; suspicious of MalignantMelanoma

patient denies drug allergies; previous medical history non-contributory",malignant
PAT1603,"Name: Carlos Garcia | Email: yvevru@hospital.org | Phone: +91-9948165773 
 skin spot on back; |rregular bord3rs and uneven dark color variegation; no fever, no pus 
 pigmented skin spot; not healing, changing shape; denies rash, denies fever; suspicious of MalignantMelanoma 
 patient advised on proper hydration and daily sunscreen application",malignant
PAT2399,"Referred by Dr. David Sharma; patient ID MRN0473119 
 pruritic red skin rash; SevereItching not responding to lotion; denies pus discharge 
 flaking red skin spot; SevereItching at night; no fever, denies wound breakdown 
 vital signs stable at intake; alert and oriented x3",inflammatory
PAT2425,"Patient: Carlos Patel, DOB: 1976-06-01, MRN: MRN5858078

flaking red skin spot; SevereItching at night; no fever, denies wound breakdown

pruritic red skin rash; SevereItching not responding to lotion; denies pus discharge

vital signs stable at intake; alert and oriented x3",inflammatory
PAT2703,"Patient: Amit Garcia, DOB: 1988-08-03, MRN: MRN7895854 
 painful infected skin spot; yellow pus drainage, temp 1O1F, started on Amoxici11in 500mg; no flaking 
 infected skin spot with swelling and pus drainage; on Amoxici11in; denies eczema 
 vital signs stable at intake; alert and oriented x3",infectious
PAT2019,"Patient: Meera Chen, DOB: 1984-04-07, MRN: MRN2765916

red skin rash with SevereItching; denies bleeding, no purulent drainage, not infected

skin rash on elbows and forearm; SevereItching and scaling redness; no pus, no fever

red itchy skin spot; intense burning sensation and SevereItching; no bleeding, not oozing

follow-up telemedicine consultation scheduled for next month http://telehealth.example.com",inflammatory
PAT2652,"Patient: Priya Sharma, DOB: 1999-12-27, MRN: MRN1796325 	 infected skin spot with swelling and pus drainage; on Amoxici11in; denies eczema 	 painful infected skin spot; yellow pus drainage, temp 1O1F, started on Amoxici11in 500mg; no flaking 	 patient noticed a painful red spot on skin; pus discharge noted <br/> temp 1O1F; denies itching 	 patient advised on proper hydration and daily sunscreen application",infectious
PAT1100,"Referred by Dr. Ravi Chen; patient ID MRN4020054

stable skin mole present for years; no pain, no bleeding, not enlarged; denies fever, no pus

common skin mole; no redness, no pus, not tender, no changes in appearance

follow-up telemedicine consultation scheduled for next month http://telehealth.example.com",benign
PAT2354,"Referred by Dr. Amit Garcia; patient ID MRN4346638 
 red skin rash with SevereItching; denies bleeding, no purulent drainage, not infected 
 red itchy skin spot; intense burning sensation and SevereItching; no bleeding, not oozing 
 skin rash on elbows and forearm; SevereItching and scaling redness; no pus, no fever 
 vital signs stable at intake; alert and oriented x3",inflammatory
PAT2262,"Patient: Sarah Sharma, DOB: 1970-09-22, MRN: MRN2856975 pruritic red skin rash; SevereItching not responding to lotion; denies pus discharge red itchy skin spot; intense burning sensation and SevereItching; no bleeding, not oozing patient advised on proper hydration and daily sunscreen application",inflammatory
PAT2063,"Name: Amit Miller | Email: nhydjz@hospital.org | Phone: +91-9333896610 pruritic red skin rash; SevereItching not responding to lotion; denies pus discharge red itchy skin spot; intense burning sensation and SevereItching; no bleeding, not oozing skin rash on elbows and forearm; SevereItching and scaling redness; no pus, no fever patient advised on proper hydration and daily sunscreen application",inflammatory
PAT1211,"Name: Elena Garcia | Email: rkoaon@hospital.org | Phone: +91-2354072215 	 common skin mole; no redness, no pus, not tender, no changes in appearance 	 benign skin spot on trunk; no ulceration, no bleeding, no itching, no discharge 	 patient noticed a skin spot on arm; no itching, no bleeding, no pain, not growing, denies fever 	 follow-up telemedicine consultation scheduled for next month http://telehealth.example.com",benign
PAT1798,"Name: Elena Lee | Email: dksnvf@hospital.org | Phone: +91-1621727490 
 RapidlyEnlarging skin spot with notched borders; no infection, denies purulent drainage 
 pigmented skin spot; not healing, changing shape; denies rash, denies fever; suspicious of MalignantMelanoma 
 patient advised on proper hydration and daily sunscreen application",malignant
PAT1270,"Referred by Dr. Carlos Garcia; patient ID MRN1968568 stable skin mole present for years; no pain, no bleeding, not enlarged; denies fever, no pus routine check of skin spot; uniform brown color, circular border; no itching, no discharge, no redness small flesh-colored skin spot; no itching, no bleeding, not painful, completely asymptomatic 👍 reviewed lab results; hemoglobin and renal function within normal limits",benign
PAT2414,"Patient: Ravi Khan, DOB: 1992-12-11, MRN: MRN8673960 
 patient noticed a red spot on skin; SevereItching with flaking scales; no infection, no fever 
 skin rash on elbows and forearm; SevereItching and scaling redness; no pus, no fever 
 vital signs stable at intake; alert and oriented x3",inflammatory
PAT1140,"Name: Amit Sharma | Email: oxjbel@hospital.org | Phone: +91-8824234141 
 stable skin mole present for years; no pain, no bleeding, not enlarged; denies fever, no pus 
 routine check of skin spot; uniform brown color, circular border; no itching, no discharge, no redness 
 blood pressure 120/80; heart rate regular; patient ambulatory",benign
PAT1533,"Name: Elena Patel | Email: yzwvco@hospital.org | Phone: +91-3973282184 patient noticed a dark spot on skin; BleedingLesion and rapid growth; not painful, denies itching pigmented skin spot; not healing, changing shape; denies rash, denies fever; suspicious of MalignantMelanoma new dark spot on forearm; |rregular bord3rs; no purulent drainage, not painful patient denies drug allergies; previous medical history non-contributory",malignant
PAT1218,"Patient: Aisha Chen, DOB: 1958-05-22, MRN: MRN6698476 benign skin spot on trunk; no ulceration, no bleeding, no itching, no discharge stable skin mole present for years; no pain, no bleeding, not enlarged; denies fever, no pus small flesh-colored skin spot; no itching, no bleeding, not painful, completely asymptomatic 👍 blood pressure 120/80; heart rate regular; patient ambulatory",benign
PAT2872,"Patient: Meera Khan, DOB: 1967-06-16, MRN: MRN8354666 	 skin spot on leg with BacterialCellulitis; warm, swollen, purulent drainage; denies bleeding mole 	 wound spot on skin with BacterialCellulitis and purulent exudate; fever noted; denies itching 	 reviewed lab results; hemoglobin and renal function within normal limits",infectious
PAT1534,"Referred by Dr. Sarah Patel; patient ID MRN5435837 
 RapidlyEnlarging skin spot with notched borders; no infection, denies purulent drainage 
 pigmented skin spot; not healing, changing shape; denies rash, denies fever; suspicious of MalignantMelanoma 
 new dark spot on forearm; |rregular bord3rs; no purulent drainage, not painful 
 vital signs stable at intake; alert and oriented x3",malignant
PAT1592,"Patient: Priya Singh, DOB: 1965-04-19, MRN: MRN0975890

dark skin mole on shoulder; BleedingLesion after shower; no itching, no discharge, not tender

RapidlyEnlarging skin spot with notched borders; no infection, denies purulent drainage

blood pressure 120/80; heart rate regular; patient ambulatory",malignant
PAT2612,"Name: John Chen | Email: npfboz@hospital.org | Phone: +91-8842550481 red skin spot with localized swelling and pus discharge; elevated temperature; no chronic rash painful infected skin spot; yellow pus drainage, temp 1O1F, started on Amoxici11in 500mg; no flaking patient denies drug allergies; previous medical history non-contributory",infectious
PAT1031,"Name: Elena Nguyen | Email: dmibpg@hospital.org | Phone: +91-8585664655

stable skin mole present for years; no pain, no bleeding, not enlarged; denies fever, no pus

patient noticed a skin spot on arm; no itching, no bleeding, no pain, not growing, denies fever

small flesh-colored skin spot; no itching, no bleeding, not painful, completely asymptomatic 👍

follow-up telemedicine consultation scheduled for next month http://telehealth.example.com",benign
PAT1287,"Patient: Ravi Patel, DOB: 1969-09-03, MRN: MRN1503061 	 small flesh-colored skin spot; no itching, no bleeding, not painful, completely asymptomatic 👍 	 routine check of skin spot; uniform brown color, circular border; no itching, no discharge, no redness 	 common skin mole; no redness, no pus, not tender, no changes in appearance 	 follow-up telemedicine consultation scheduled for next month http://telehealth.example.com",benign
PAT2328,"Name: David Lee | Email: fisxji@hospital.org | Phone: +91-4347381812

red skin rash with SevereItching; denies bleeding, no purulent drainage, not infected

red itchy skin spot; intense burning sensation and SevereItching; no bleeding, not oozing

patient denies drug allergies; previous medical history non-contributory",inflammatory
PAT2763,"Referred by Dr. Sarah Patel; patient ID MRN5854263

painful infected skin spot; yellow pus drainage, temp 1O1F, started on Amoxici11in 500mg; no flaking

skin spot on leg with BacterialCellulitis; warm, swollen, purulent drainage; denies bleeding mole

red skin spot with localized swelling and pus discharge; elevated temperature; no chronic rash

patient advised on proper hydration and daily sunscreen application",infectious
PAT1378,"Name: Priya Nguyen | Email: ewwacl@hospital.org | Phone: +91-9871719046 
 stable skin mole present for years; no pain, no bleeding, not enlarged; denies fever, no pus 
 benign skin spot on trunk; no ulceration, no bleeding, no itching, no discharge 
 follow-up telemedicine consultation scheduled for next month http://telehealth.example.com",benign
PAT1310,"Referred by Dr. Sarah Khan; patient ID MRN8663655 
 small flesh-colored skin spot; no itching, no bleeding, not painful, completely asymptomatic 👍 
 benign skin spot on trunk; no ulceration, no bleeding, no itching, no discharge 
 follow-up telemedicine consultation scheduled for next month http://telehealth.example.com",benign
PAT1197,"Referred by Dr. Ravi Patel; patient ID MRN0721814

benign skin spot on trunk; no ulceration, no bleeding, no itching, no discharge

common skin mole; no redness, no pus, not tender, no changes in appearance

blood pressure 120/80; heart rate regular; patient ambulatory",benign
PAT1530,"Referred by Dr. Meera Lee; patient ID MRN0516586 	 RapidlyEnlarging skin spot with notched borders; no infection, denies purulent drainage 	 new dark spot on forearm; |rregular bord3rs; no purulent drainage, not painful 	 dark skin mole on shoulder; BleedingLesion after shower; no itching, no discharge, not tender 	 blood pressure 120/80; heart rate regular; patient ambulatory",malignant
PAT1667,"Patient: Elena Sharma, DOB: 1951-03-10, MRN: MRN8350356

new dark spot on forearm; |rregular bord3rs; no purulent drainage, not painful

RapidlyEnlarging skin spot with notched borders; no infection, denies purulent drainage

pigmented skin spot; not healing, changing shape; denies rash, denies fever; suspicious of MalignantMelanoma

follow-up telemedicine consultation scheduled for next month http://telehealth.example.com",malignant
PAT2727,"Name: Carlos Nguyen | Email: oriwoy@hospital.org | Phone: +91-9402507877 	 painful infected skin spot; yellow pus drainage, temp 1O1F, started on Amoxici11in 500mg; no flaking 	 patient noticed a painful red spot on skin; pus discharge noted <br/> temp 1O1F; denies itching 	 skin spot on leg with BacterialCellulitis; warm, swollen, purulent drainage; denies bleeding mole 	 patient advised on proper hydration and daily sunscreen application",infectious
PAT2519,"Name: Elena Smith | Email: mrkcsw@hospital.org | Phone: +91-8650052873 	 painful infected skin spot; yellow pus drainage, temp 1O1F, started on Amoxici11in 500mg; no flaking 	 skin spot on leg with BacterialCellulitis; warm, swollen, purulent drainage; denies bleeding mole 	 patient denies drug allergies; previous medical history non-contributory",infectious
PAT2188,"Referred by Dr. Elena Miller; patient ID MRN6247258 
 red skin rash with SevereItching; denies bleeding, no purulent drainage, not infected 
 skin rash on elbows and forearm; SevereItching and scaling redness; no pus, no fever 
 blood pressure 120/80; heart rate regular; patient ambulatory",inflammatory
PAT1406,"Patient: Aisha Chen, DOB: 1955-02-22, MRN: MRN6961556

small flesh-colored skin spot; no itching, no bleeding, not painful, completely asymptomatic 👍

stable skin mole present for years; no pain, no bleeding, not enlarged; denies fever, no pus

routine check of skin spot; uniform brown color, circular border; no itching, no discharge, no redness

reviewed lab results; hemoglobin and renal function within normal limits",benign
PAT1254,"Referred by Dr. Meera Miller; patient ID MRN3927189 	 routine check of skin spot; uniform brown color, circular border; no itching, no discharge, no redness 	 stable skin mole present for years; no pain, no bleeding, not enlarged; denies fever, no pus 	 patient advised on proper hydration and daily sunscreen application",benign
PAT1156,"Name: Amit Sharma | Email: injmpt@hospital.org | Phone: +91-7559112496

routine check of skin spot; uniform brown color, circular border; no itching, no discharge, no redness

common skin mole; no redness, no pus, not tender, no changes in appearance

patient advised on proper hydration and daily sunscreen application",benign
PAT1283,"Referred by Dr. Amit Sharma; patient ID MRN6546225 	 patient noticed a skin spot on arm; no itching, no bleeding, no pain, not growing, denies fever 	 small flesh-colored skin spot; no itching, no bleeding, not painful, completely asymptomatic 👍 	 vital signs stable at intake; alert and oriented x3",benign
PAT1118,"Patient: Elena Sharma, DOB: 1989-08-15, MRN: MRN1273406 	 small flesh-colored skin spot; no itching, no bleeding, not painful, completely asymptomatic 👍 	 benign skin spot on trunk; no ulceration, no bleeding, no itching, no discharge 	 blood pressure 120/80; heart rate regular; patient ambulatory",benign
PAT2061,"Referred by Dr. Priya Chen; patient ID MRN1176710 	 patient noticed a red spot on skin; SevereItching with flaking scales; no infection, no fever 	 red skin rash with SevereItching; denies bleeding, no purulent drainage, not infected 	 follow-up telemedicine consultation scheduled for next month http://telehealth.example.com",inflammatory
PAT2418,"Referred by Dr. Priya Smith; patient ID MRN3615924 	 skin rash on elbows and forearm; SevereItching and scaling redness; no pus, no fever 	 flaking red skin spot; SevereItching at night; no fever, denies wound breakdown 	 red skin rash with SevereItching; denies bleeding, no purulent drainage, not infected 	 reviewed lab results; hemoglobin and renal function within normal limits",inflammatory
PAT2053,"Patient: John Khan, DOB: 1966-07-25, MRN: MRN3004487 flaking red skin spot; SevereItching at night; no fever, denies wound breakdown skin rash on elbows and forearm; SevereItching and scaling redness; no pus, no fever pruritic red skin rash; SevereItching not responding to lotion; denies pus discharge vital signs stable at intake; alert and oriented x3",inflammatory
PAT1520,"Referred by Dr. Carlos Patel; patient ID MRN9917433

RapidlyEnlarging skin spot with notched borders; no infection, denies purulent drainage

pigmented skin spot; not healing, changing shape; denies rash, denies fever; suspicious of MalignantMelanoma

skin spot on back; |rregular bord3rs and uneven dark color variegation; no fever, no pus

patient denies drug allergies; previous medical history non-contributory",malignant
PAT1950,"Name: Meera Garcia | Email: pmfsnt@hospital.org | Phone: +91-4885210414 dark skin mole on shoulder; BleedingLesion after shower; no itching, no discharge, not tender new dark spot on forearm; |rregular bord3rs; no purulent drainage, not painful patient advised on proper hydration and daily sunscreen application",malignant
PAT1739,"Name: Elena Smith | Email: eqhlmu@hospital.org | Phone: +91-0108536389 
 patient noticed a dark spot on skin; BleedingLesion and rapid growth; not painful, denies itching 
 new dark spot on forearm; |rregular bord3rs; no purulent drainage, not painful 
 RapidlyEnlarging skin spot with notched borders; no infection, denies purulent drainage 
 follow-up telemedicine consultation scheduled for next month http://telehealth.example.com",malignant
PAT2106,"Patient: Aisha Nguyen, DOB: 1950-12-17, MRN: MRN7321405

pruritic red skin rash; SevereItching not responding to lotion; denies pus discharge

flaking red skin spot; SevereItching at night; no fever, denies wound breakdown

vital signs stable at intake; alert and oriented x3",inflammatory
PAT2332,"Referred by Dr. Sarah Lee; patient ID MRN3597437

red skin rash with SevereItching; denies bleeding, no purulent drainage, not infected

red itchy skin spot; intense burning sensation and SevereItching; no bleeding, not oozing

follow-up telemedicine consultation scheduled for next month http://telehealth.example.com",inflammatory
PAT1179,"Name: Elena Chen | Email: qpojcx@hospital.org | Phone: +91-9529634482 	 small flesh-colored skin spot; no itching, no bleeding, not painful, completely asymptomatic 👍 	 stable skin mole present for years; no pain, no bleeding, not enlarged; denies fever, no pus 	 common skin mole; no redness, no pus, not tender, no changes in appearance 	 reviewed lab results; hemoglobin and renal function within normal limits",benign
PAT2089,"Patient: Amit Nguyen, DOB: 1989-11-09, MRN: MRN3431265 patient noticed a red spot on skin; SevereItching with flaking scales; no infection, no fever skin rash on elbows and forearm; SevereItching and scaling redness; no pus, no fever patient denies drug allergies; previous medical history non-contributory",inflammatory
PAT1955,"Name: John Singh | Email: qyibwc@hospital.org | Phone: +91-2681097783 	 skin spot on back; |rregular bord3rs and uneven dark color variegation; no fever, no pus 	 RapidlyEnlarging skin spot with notched borders; no infection, denies purulent drainage 	 patient advised on proper hydration and daily sunscreen application",malignant
PAT2130,"Referred by Dr. Carlos Chen; patient ID MRN8520117 
 red itchy skin spot; intense burning sensation and SevereItching; no bleeding, not oozing 
 red skin rash with SevereItching; denies bleeding, no purulent drainage, not infected 
 flaking red skin spot; SevereItching at night; no fever, denies wound breakdown 
 patient denies drug allergies; previous medical history non-contributory",inflammatory
PAT1038,"Referred by Dr. Aisha Chen; patient ID MRN4193522 
 benign skin spot on trunk; no ulceration, no bleeding, no itching, no discharge 
 stable skin mole present for years; no pain, no bleeding, not enlarged; denies fever, no pus 
 vital signs stable at intake; alert and oriented x3",benign
PAT2738,"Referred by Dr. Priya Sharma; patient ID MRN3260182 
 wound spot on skin with BacterialCellulitis and purulent exudate; fever noted; denies itching 
 skin spot on leg with BacterialCellulitis; warm, swollen, purulent drainage; denies bleeding mole 
 reviewed lab results; hemoglobin and renal function within normal limits",infectious
PAT1488,"Referred by Dr. Priya Patel; patient ID MRN1115416 benign skin spot on trunk; no ulceration, no bleeding, no itching, no discharge common skin mole; no redness, no pus, not tender, no changes in appearance stable skin mole present for years; no pain, no bleeding, not enlarged; denies fever, no pus vital signs stable at intake; alert and oriented x3",benign
PAT1181,"Name: Priya Sharma | Email: bsslkp@hospital.org | Phone: +91-0193786992 small flesh-colored skin spot; no itching, no bleeding, not painful, completely asymptomatic 👍 common skin mole; no redness, no pus, not tender, no changes in appearance vital signs stable at intake; alert and oriented x3",benign
PAT2091,"Referred by Dr. Aisha Lee; patient ID MRN6933547

patient noticed a red spot on skin; SevereItching with flaking scales; no infection, no fever

red skin rash with SevereItching; denies bleeding, no purulent drainage, not infected

reviewed lab results; hemoglobin and renal function within normal limits",inflammatory
PAT1597,"Patient: Priya Garcia, DOB: 1985-09-20, MRN: MRN9177374 
 dark skin mole on shoulder; BleedingLesion after shower; no itching, no discharge, not tender 
 pigmented skin spot; not healing, changing shape; denies rash, denies fever; suspicious of MalignantMelanoma 
 skin spot on back; |rregular bord3rs and uneven dark color variegation; no fever, no pus 
 follow-up telemedicine consultation scheduled for next month http://telehealth.example.com",malignant
PAT1878,"Patient: Sarah Smith, DOB: 1984-09-25, MRN: MRN0596063 RapidlyEnlarging skin spot with notched borders; no infection, denies purulent drainage dark skin mole on shoulder; BleedingLesion after shower; no itching, no discharge, not tender follow-up telemedicine consultation scheduled for next month http://telehealth.example.com",malignant
PAT2073,"Referred by Dr. Amit Sharma; patient ID MRN1325828

flaking red skin spot; SevereItching at night; no fever, denies wound breakdown

red itchy skin spot; intense burning sensation and SevereItching; no bleeding, not oozing

skin rash on elbows and forearm; SevereItching and scaling redness; no pus, no fever

follow-up telemedicine consultation scheduled for next month http://telehealth.example.com",inflammatory
PAT1231,"Referred by Dr. David Sharma; patient ID MRN2697418 	 small flesh-colored skin spot; no itching, no bleeding, not painful, completely asymptomatic 👍 	 patient noticed a skin spot on arm; no itching, no bleeding, no pain, not growing, denies fever 	 benign skin spot on trunk; no ulceration, no bleeding, no itching, no discharge 	 patient advised on proper hydration and daily sunscreen application",benign
PAT1341,"Name: Sarah Smith | Email: gmxtnj@hospital.org | Phone: +91-8537810592

small flesh-colored skin spot; no itching, no bleeding, not painful, completely asymptomatic 👍

benign skin spot on trunk; no ulceration, no bleeding, no itching, no discharge

stable skin mole present for years; no pain, no bleeding, not enlarged; denies fever, no pus

vital signs stable at intake; alert and oriented x3",benign
PAT1626,"Name: Ravi Patel | Email: rfxlva@hospital.org | Phone: +91-7663883937 pigmented skin spot; not healing, changing shape; denies rash, denies fever; suspicious of MalignantMelanoma RapidlyEnlarging skin spot with notched borders; no infection, denies purulent drainage patient advised on proper hydration and daily sunscreen application",malignant
PAT2705,"Patient: David Sharma, DOB: 1998-05-18, MRN: MRN2703049 wound spot on skin with BacterialCellulitis and purulent exudate; fever noted; denies itching skin spot on leg with BacterialCellulitis; warm, swollen, purulent drainage; denies bleeding mole blood pressure 120/80; heart rate regular; patient ambulatory",infectious
PAT1453,"Name: Ravi Sharma | Email: pzdvio@hospital.org | Phone: +91-0745837574 
 small flesh-colored skin spot; no itching, no bleeding, not painful, completely asymptomatic 👍 
 common skin mole; no redness, no pus, not tender, no changes in appearance 
 routine check of skin spot; uniform brown color, circular border; no itching, no discharge, no redness 
 follow-up telemedicine consultation scheduled for next month http://telehealth.example.com",benign
PAT1405,"Name: Aisha Smith | Email: kekyak@hospital.org | Phone: +91-7731569718 	 stable skin mole present for years; no pain, no bleeding, not enlarged; denies fever, no pus 	 patient noticed a skin spot on arm; no itching, no bleeding, no pain, not growing, denies fever 	 follow-up telemedicine consultation scheduled for next month http://telehealth.example.com",benign
PAT1537,"Referred by Dr. David Patel; patient ID MRN6539305

skin spot on back; |rregular bord3rs and uneven dark color variegation; no fever, no pus

dark skin mole on shoulder; BleedingLesion after shower; no itching, no discharge, not tender

RapidlyEnlarging skin spot with notched borders; no infection, denies purulent drainage

vital signs stable at intake; alert and oriented x3",malignant
PAT2269,"Patient: Aisha Singh, DOB: 1968-12-13, MRN: MRN0956402 pruritic red skin rash; SevereItching not responding to lotion; denies pus discharge red itchy skin spot; intense burning sensation and SevereItching; no bleeding, not oozing red skin rash with SevereItching; denies bleeding, no purulent drainage, not infected patient denies drug allergies; previous medical history non-contributory",inflammatory
PAT2531,Referred by Dr. Priya Garcia; patient ID MRN4927773 red skin spot with localized swelling and pus discharge; elevated temperature; no chronic rash infected skin spot with swelling and pus drainage; on Amoxici11in; denies eczema blood pressure 120/80; heart rate regular; patient ambulatory,infectious
PAT1966,"Referred by Dr. Aisha Smith; patient ID MRN4745898 
 skin spot on back; |rregular bord3rs and uneven dark color variegation; no fever, no pus 
 patient noticed a dark spot on skin; BleedingLesion and rapid growth; not painful, denies itching 
 blood pressure 120/80; heart rate regular; patient ambulatory",malignant
PAT2184,"Referred by Dr. Amit Chen; patient ID MRN6206924 pruritic red skin rash; SevereItching not responding to lotion; denies pus discharge skin rash on elbows and forearm; SevereItching and scaling redness; no pus, no fever red itchy skin spot; intense burning sensation and SevereItching; no bleeding, not oozing vital signs stable at intake; alert and oriented x3",inflammatory
PAT2498,"Name: Sarah Chen | Email: wuasdo@hospital.org | Phone: +91-4271941113

red itchy skin spot; intense burning sensation and SevereItching; no bleeding, not oozing

patient noticed a red spot on skin; SevereItching with flaking scales; no infection, no fever

pruritic red skin rash; SevereItching not responding to lotion; denies pus discharge

patient denies drug allergies; previous medical history non-contributory",inflammatory
PAT1989,"Name: Amit Khan | Email: prwwtl@hospital.org | Phone: +91-6739930601 	 RapidlyEnlarging skin spot with notched borders; no infection, denies purulent drainage 	 skin spot on back; |rregular bord3rs and uneven dark color variegation; no fever, no pus 	 pigmented skin spot; not healing, changing shape; denies rash, denies fever; suspicious of MalignantMelanoma 	 patient advised on proper hydration and daily sunscreen application",malignant
PAT2086,"Patient: Sarah Chen, DOB: 1989-03-22, MRN: MRN2160987 
 patient noticed a red spot on skin; SevereItching with flaking scales; no infection, no fever 
 flaking red skin spot; SevereItching at night; no fever, denies wound breakdown 
 red itchy skin spot; intense burning sensation and SevereItching; no bleeding, not oozing 
 reviewed lab results; hemoglobin and renal function within normal limits",inflammatory
PAT1786,"Patient: Sarah Khan, DOB: 1997-06-27, MRN: MRN1160550 
 new dark spot on forearm; |rregular bord3rs; no purulent drainage, not painful 
 RapidlyEnlarging skin spot with notched borders; no infection, denies purulent drainage 
 skin spot on back; |rregular bord3rs and uneven dark color variegation; no fever, no pus 
 reviewed lab results; hemoglobin and renal function within normal limits",malignant
PAT1142,"Patient: David Patel, DOB: 1971-03-11, MRN: MRN5979577 	 common skin mole; no redness, no pus, not tender, no changes in appearance 	 stable skin mole present for years; no pain, no bleeding, not enlarged; denies fever, no pus 	 blood pressure 120/80; heart rate regular; patient ambulatory",benign
PAT2344,"Patient: David Singh, DOB: 1971-06-19, MRN: MRN4459456 patient noticed a red spot on skin; SevereItching with flaking scales; no infection, no fever pruritic red skin rash; SevereItching not responding to lotion; denies pus discharge red itchy skin spot; intense burning sensation and SevereItching; no bleeding, not oozing reviewed lab results; hemoglobin and renal function within normal limits",inflammatory
PAT1893,"Referred by Dr. Sarah Singh; patient ID MRN7427346 
 pigmented skin spot; not healing, changing shape; denies rash, denies fever; suspicious of MalignantMelanoma 
 new dark spot on forearm; |rregular bord3rs; no purulent drainage, not painful 
 skin spot on back; |rregular bord3rs and uneven dark color variegation; no fever, no pus 
 vital signs stable at intake; alert and oriented x3",malignant
PAT2654,"Patient: Priya Lee, DOB: 1988-09-05, MRN: MRN3994956 	 wound spot on skin with BacterialCellulitis and purulent exudate; fever noted; denies itching 	 red skin spot with localized swelling and pus discharge; elevated temperature; no chronic rash 	 vital signs stable at intake; alert and oriented x3",infectious
PAT1464,"Name: Carlos Garcia | Email: xbrveo@hospital.org | Phone: +91-6548199439 patient noticed a skin spot on arm; no itching, no bleeding, no pain, not growing, denies fever stable skin mole present for years; no pain, no bleeding, not enlarged; denies fever, no pus vital signs stable at intake; alert and oriented x3",benign
PAT1668,"Patient: Ravi Miller, DOB: 1975-12-18, MRN: MRN9506381 
 new dark spot on forearm; |rregular bord3rs; no purulent drainage, not painful 
 pigmented skin spot; not healing, changing shape; denies rash, denies fever; suspicious of MalignantMelanoma 
 patient noticed a dark spot on skin; BleedingLesion and rapid growth; not painful, denies itching 
 vital signs stable at intake; alert and oriented x3",malignant
PAT1112,"Patient: David Lee, DOB: 1962-07-20, MRN: MRN5169228 	 common skin mole; no redness, no pus, not tender, no changes in appearance 	 small flesh-colored skin spot; no itching, no bleeding, not painful, completely asymptomatic 👍 	 stable skin mole present for years; no pain, no bleeding, not enlarged; denies fever, no pus 	 blood pressure 120/80; heart rate regular; patient ambulatory",benign
PAT2196,"Name: Priya Smith | Email: gqiviq@hospital.org | Phone: +91-9733615455

red itchy skin spot; intense burning sensation and SevereItching; no bleeding, not oozing

skin rash on elbows and forearm; SevereItching and scaling redness; no pus, no fever

red skin rash with SevereItching; denies bleeding, no purulent drainage, not infected

vital signs stable at intake; alert and oriented x3",inflammatory
PAT1690,"Referred by Dr. Sarah Lee; patient ID MRN5199224

pigmented skin spot; not healing, changing shape; denies rash, denies fever; suspicious of MalignantMelanoma

dark skin mole on shoulder; BleedingLesion after shower; no itching, no discharge, not tender

patient advised on proper hydration and daily sunscreen application",malignant
PAT1646,"Referred by Dr. Elena Singh; patient ID MRN8538898

pigmented skin spot; not healing, changing shape; denies rash, denies fever; suspicious of MalignantMelanoma

dark skin mole on shoulder; BleedingLesion after shower; no itching, no discharge, not tender

new dark spot on forearm; |rregular bord3rs; no purulent drainage, not painful

patient advised on proper hydration and daily sunscreen application",malignant
PAT2997,Name: Ravi Smith | Email: frkwba@hospital.org | Phone: +91-9020049684 	 wound spot on skin with BacterialCellulitis and purulent exudate; fever noted; denies itching 	 red skin spot with localized swelling and pus discharge; elevated temperature; no chronic rash 	 patient noticed a painful red spot on skin; pus discharge noted <br/> temp 1O1F; denies itching 	 follow-up telemedicine consultation scheduled for next month http://telehealth.example.com,infectious
PAT1360,"Referred by Dr. Elena Nguyen; patient ID MRN0200914

patient noticed a skin spot on arm; no itching, no bleeding, no pain, not growing, denies fever

common skin mole; no redness, no pus, not tender, no changes in appearance

patient denies drug allergies; previous medical history non-contributory",benign
PAT1493,"Referred by Dr. David Khan; patient ID MRN5238591 
 benign skin spot on trunk; no ulceration, no bleeding, no itching, no discharge 
 small flesh-colored skin spot; no itching, no bleeding, not painful, completely asymptomatic 👍 
 vital signs stable at intake; alert and oriented x3",benign
PAT1119,"Name: David Sharma | Email: usixht@hospital.org | Phone: +91-4386973779 	 common skin mole; no redness, no pus, not tender, no changes in appearance 	 small flesh-colored skin spot; no itching, no bleeding, not painful, completely asymptomatic 👍 	 stable skin mole present for years; no pain, no bleeding, not enlarged; denies fever, no pus 	 blood pressure 120/80; heart rate regular; patient ambulatory",benign
PAT1830,"Patient: David Smith, DOB: 1976-09-13, MRN: MRN5345290

skin spot on back; |rregular bord3rs and uneven dark color variegation; no fever, no pus

dark skin mole on shoulder; BleedingLesion after shower; no itching, no discharge, not tender

new dark spot on forearm; |rregular bord3rs; no purulent drainage, not painful

patient advised on proper hydration and daily sunscreen application",malignant
PAT2728,Name: David Singh | Email: ydhqms@hospital.org | Phone: +91-6608325704 red skin spot with localized swelling and pus discharge; elevated temperature; no chronic rash infected skin spot with swelling and pus drainage; on Amoxici11in; denies eczema wound spot on skin with BacterialCellulitis and purulent exudate; fever noted; denies itching reviewed lab results; hemoglobin and renal function within normal limits,infectious
PAT2482,"Referred by Dr. Priya Lee; patient ID MRN1700321 	 red itchy skin spot; intense burning sensation and SevereItching; no bleeding, not oozing 	 skin rash on elbows and forearm; SevereItching and scaling redness; no pus, no fever 	 follow-up telemedicine consultation scheduled for next month http://telehealth.example.com",inflammatory
PAT1582,"Referred by Dr. Ravi Lee; patient ID MRN2147187

new dark spot on forearm; |rregular bord3rs; no purulent drainage, not painful

dark skin mole on shoulder; BleedingLesion after shower; no itching, no discharge, not tender

pigmented skin spot; not healing, changing shape; denies rash, denies fever; suspicious of MalignantMelanoma

patient denies drug allergies; previous medical history non-contributory",malignant
PAT2513,"Patient: John Lee, DOB: 1965-07-16, MRN: MRN5332913 patient noticed a painful red spot on skin; pus discharge noted <br/> temp 1O1F; denies itching painful infected skin spot; yellow pus drainage, temp 1O1F, started on Amoxici11in 500mg; no flaking skin spot on leg with BacterialCellulitis; warm, swollen, purulent drainage; denies bleeding mole follow-up telemedicine consultation scheduled for next month http://telehealth.example.com",infectious
PAT2646,Referred by Dr. Elena Lee; patient ID MRN0244662 	 red skin spot with localized swelling and pus discharge; elevated temperature; no chronic rash 	 wound spot on skin with BacterialCellulitis and purulent exudate; fever noted; denies itching 	 patient advised on proper hydration and daily sunscreen application,infectious
PAT2300,"Name: Ravi Singh | Email: wjtmeg@hospital.org | Phone: +91-5057865818

patient noticed a red spot on skin; SevereItching with flaking scales; no infection, no fever

skin rash on elbows and forearm; SevereItching and scaling redness; no pus, no fever

vital signs stable at intake; alert and oriented x3",inflammatory
PAT2423,"Referred by Dr. Aisha Miller; patient ID MRN2918352 
 flaking red skin spot; SevereItching at night; no fever, denies wound breakdown 
 red itchy skin spot; intense burning sensation and SevereItching; no bleeding, not oozing 
 red skin rash with SevereItching; denies bleeding, no purulent drainage, not infected 
 follow-up telemedicine consultation scheduled for next month http://telehealth.example.com",inflammatory
PAT1865,"Patient: Amit Garcia, DOB: 1989-04-14, MRN: MRN5942522

new dark spot on forearm; |rregular bord3rs; no purulent drainage, not painful

dark skin mole on shoulder; BleedingLesion after shower; no itching, no discharge, not tender

patient advised on proper hydration and daily sunscreen application",malignant
PAT2992,"Patient: Priya Lee, DOB: 1998-08-21, MRN: MRN1331922 	 red skin spot with localized swelling and pus discharge; elevated temperature; no chronic rash 	 infected skin spot with swelling and pus drainage; on Amoxici11in; denies eczema 	 reviewed lab results; hemoglobin and renal function within normal limits",infectious
PAT1458,"Referred by Dr. Sarah Khan; patient ID MRN9280157 benign skin spot on trunk; no ulceration, no bleeding, no itching, no discharge small flesh-colored skin spot; no itching, no bleeding, not painful, completely asymptomatic 👍 routine check of skin spot; uniform brown color, circular border; no itching, no discharge, no redness follow-up telemedicine consultation scheduled for next month http://telehealth.example.com",benign
PAT1523,"Patient: Amit Khan, DOB: 2002-04-27, MRN: MRN8900164 new dark spot on forearm; |rregular bord3rs; no purulent drainage, not painful RapidlyEnlarging skin spot with notched borders; no infection, denies purulent drainage patient denies drug allergies; previous medical history non-contributory",malignant
PAT2222,"Referred by Dr. Meera Miller; patient ID MRN4120819

patient noticed a red spot on skin; SevereItching with flaking scales; no infection, no fever

skin rash on elbows and forearm; SevereItching and scaling redness; no pus, no fever

red itchy skin spot; intense burning sensation and SevereItching; no bleeding, not oozing

vital signs stable at intake; alert and oriented x3",inflammatory
PAT1069,"Patient: Ravi Chen, DOB: 1971-02-21, MRN: MRN0369015 
 routine check of skin spot; uniform brown color, circular border; no itching, no discharge, no redness 
 benign skin spot on trunk; no ulceration, no bleeding, no itching, no discharge 
 follow-up telemedicine consultation scheduled for next month http://telehealth.example.com",benign
PAT1744,"Referred by Dr. Elena Garcia; patient ID MRN8716671 	 skin spot on back; |rregular bord3rs and uneven dark color variegation; no fever, no pus 	 RapidlyEnlarging skin spot with notched borders; no infection, denies purulent drainage 	 blood pressure 120/80; heart rate regular; patient ambulatory",malignant
PAT2798,"Name: Elena Singh | Email: ajrmcl@hospital.org | Phone: +91-5461844559

skin spot on leg with BacterialCellulitis; warm, swollen, purulent drainage; denies bleeding mole

painful infected skin spot; yellow pus drainage, temp 1O1F, started on Amoxici11in 500mg; no flaking

wound spot on skin with BacterialCellulitis and purulent exudate; fever noted; denies itching

reviewed lab results; hemoglobin and renal function within normal limits",infectious
PAT1608,"Referred by Dr. Elena Smith; patient ID MRN1816083 
 skin spot on back; |rregular bord3rs and uneven dark color variegation; no fever, no pus 
 RapidlyEnlarging skin spot with notched borders; no infection, denies purulent drainage 
 pigmented skin spot; not healing, changing shape; denies rash, denies fever; suspicious of MalignantMelanoma 
 patient denies drug allergies; previous medical history non-contributory",malignant
PAT2574,"Name: Amit Nguyen | Email: cqhidv@hospital.org | Phone: +91-6286778605

skin spot on leg with BacterialCellulitis; warm, swollen, purulent drainage; denies bleeding mole

infected skin spot with swelling and pus drainage; on Amoxici11in; denies eczema

patient noticed a painful red spot on skin; pus discharge noted <br/> temp 1O1F; denies itching

blood pressure 120/80; heart rate regular; patient ambulatory",infectious
PAT1269,"Patient: Elena Lee, DOB: 1950-05-21, MRN: MRN9663101 
 benign skin spot on trunk; no ulceration, no bleeding, no itching, no discharge 
 common skin mole; no redness, no pus, not tender, no changes in appearance 
 patient noticed a skin spot on arm; no itching, no bleeding, no pain, not growing, denies fever 
 vital signs stable at intake; alert and oriented x3",benign
PAT1228,"Referred by Dr. David Sharma; patient ID MRN9903493 	 stable skin mole present for years; no pain, no bleeding, not enlarged; denies fever, no pus 	 routine check of skin spot; uniform brown color, circular border; no itching, no discharge, no redness 	 common skin mole; no redness, no pus, not tender, no changes in appearance 	 patient denies drug allergies; previous medical history non-contributory",benign
PAT1219,"Referred by Dr. Priya Garcia; patient ID MRN2593438 benign skin spot on trunk; no ulceration, no bleeding, no itching, no discharge patient noticed a skin spot on arm; no itching, no bleeding, no pain, not growing, denies fever stable skin mole present for years; no pain, no bleeding, not enlarged; denies fever, no pus vital signs stable at intake; alert and oriented x3",benign
PAT2823,"Name: John Nguyen | Email: xnuuvh@hospital.org | Phone: +91-3817012455

infected skin spot with swelling and pus drainage; on Amoxici11in; denies eczema

skin spot on leg with BacterialCellulitis; warm, swollen, purulent drainage; denies bleeding mole

red skin spot with localized swelling and pus discharge; elevated temperature; no chronic rash

patient advised on proper hydration and daily sunscreen application",infectious
PAT2554,"Referred by Dr. Amit Miller; patient ID MRN4537616 	 patient noticed a painful red spot on skin; pus discharge noted <br/> temp 1O1F; denies itching 	 skin spot on leg with BacterialCellulitis; warm, swollen, purulent drainage; denies bleeding mole 	 infected skin spot with swelling and pus drainage; on Amoxici11in; denies eczema 	 patient advised on proper hydration and daily sunscreen application",infectious
PAT1280,"Name: Elena Sharma | Email: ufrkcz@hospital.org | Phone: +91-2354436522 
 stable skin mole present for years; no pain, no bleeding, not enlarged; denies fever, no pus 
 patient noticed a skin spot on arm; no itching, no bleeding, no pain, not growing, denies fever 
 common skin mole; no redness, no pus, not tender, no changes in appearance 
 follow-up telemedicine consultation scheduled for next month http://telehealth.example.com",benign
PAT1698,"Patient: Sarah Sharma, DOB: 1955-08-27, MRN: MRN2458346

dark skin mole on shoulder; BleedingLesion after shower; no itching, no discharge, not tender

pigmented skin spot; not healing, changing shape; denies rash, denies fever; suspicious of MalignantMelanoma

patient advised on proper hydration and daily sunscreen application",malignant
PAT2814,"Name: Sarah Nguyen | Email: omrwnw@hospital.org | Phone: +91-9968777637 patient noticed a painful red spot on skin; pus discharge noted <br/> temp 1O1F; denies itching skin spot on leg with BacterialCellulitis; warm, swollen, purulent drainage; denies bleeding mole wound spot on skin with BacterialCellulitis and purulent exudate; fever noted; denies itching vital signs stable at intake; alert and oriented x3",infectious
PAT1586,"Referred by Dr. Amit Nguyen; patient ID MRN5583370 
 patient noticed a dark spot on skin; BleedingLesion and rapid growth; not painful, denies itching 
 dark skin mole on shoulder; BleedingLesion after shower; no itching, no discharge, not tender 
 patient advised on proper hydration and daily sunscreen application",malignant
PAT1980,"Patient: Sarah Smith, DOB: 1950-04-26, MRN: MRN0755863 	 pigmented skin spot; not healing, changing shape; denies rash, denies fever; suspicious of MalignantMelanoma 	 RapidlyEnlarging skin spot with notched borders; no infection, denies purulent drainage 	 patient denies drug allergies; previous medical history non-contributory",malignant
PAT2104,"Patient: Elena Garcia, DOB: 1955-08-17, MRN: MRN3600224 patient noticed a red spot on skin; SevereItching with flaking scales; no infection, no fever pruritic red skin rash; SevereItching not responding to lotion; denies pus discharge vital signs stable at intake; alert and oriented x3",inflammatory
PAT1896,"Patient: John Miller, DOB: 1978-04-22, MRN: MRN3844002 RapidlyEnlarging skin spot with notched borders; no infection, denies purulent drainage patient noticed a dark spot on skin; BleedingLesion and rapid growth; not painful, denies itching follow-up telemedicine consultation scheduled for next month http://telehealth.example.com",malignant
PAT1377,"Name: John Lee | Email: znbgdk@hospital.org | Phone: +91-7143018510

patient noticed a skin spot on arm; no itching, no bleeding, no pain, not growing, denies fever

benign skin spot on trunk; no ulceration, no bleeding, no itching, no discharge

reviewed lab results; hemoglobin and renal function within normal limits",benign
PAT2709,"Name: Sarah Lee | Email: zdrdzr@hospital.org | Phone: +91-9208534237 red skin spot with localized swelling and pus discharge; elevated temperature; no chronic rash skin spot on leg with BacterialCellulitis; warm, swollen, purulent drainage; denies bleeding mole wound spot on skin with BacterialCellulitis and purulent exudate; fever noted; denies itching reviewed lab results; hemoglobin and renal function within normal limits",infectious
PAT2351,"Name: Aisha Sharma | Email: gbeacn@hospital.org | Phone: +91-4479188520 	 red itchy skin spot; intense burning sensation and SevereItching; no bleeding, not oozing 	 red skin rash with SevereItching; denies bleeding, no purulent drainage, not infected 	 vital signs stable at intake; alert and oriented x3",inflammatory
PAT2137,"Referred by Dr. Sarah Patel; patient ID MRN5055318

skin rash on elbows and forearm; SevereItching and scaling redness; no pus, no fever

flaking red skin spot; SevereItching at night; no fever, denies wound breakdown

follow-up telemedicine consultation scheduled for next month http://telehealth.example.com",inflammatory
PAT2861,"Referred by Dr. Sarah Nguyen; patient ID MRN6931290 
 red skin spot with localized swelling and pus discharge; elevated temperature; no chronic rash 
 skin spot on leg with BacterialCellulitis; warm, swollen, purulent drainage; denies bleeding mole 
 infected skin spot with swelling and pus drainage; on Amoxici11in; denies eczema 
 follow-up telemedicine consultation scheduled for next month http://telehealth.example.com",infectious
PAT2663,"Referred by Dr. Elena Garcia; patient ID MRN7040818 	 red skin spot with localized swelling and pus discharge; elevated temperature; no chronic rash 	 infected skin spot with swelling and pus drainage; on Amoxici11in; denies eczema 	 skin spot on leg with BacterialCellulitis; warm, swollen, purulent drainage; denies bleeding mole 	 blood pressure 120/80; heart rate regular; patient ambulatory",infectious
PAT2029,"Name: Elena Smith | Email: lmitld@hospital.org | Phone: +91-0505638765 pruritic red skin rash; SevereItching not responding to lotion; denies pus discharge red skin rash with SevereItching; denies bleeding, no purulent drainage, not infected reviewed lab results; hemoglobin and renal function within normal limits",inflammatory
PAT2435,"Referred by Dr. Elena Sharma; patient ID MRN3523363

patient noticed a red spot on skin; SevereItching with flaking scales; no infection, no fever

pruritic red skin rash; SevereItching not responding to lotion; denies pus discharge

reviewed lab results; hemoglobin and renal function within normal limits",inflammatory
PAT1183,"Patient: Ravi Chen, DOB: 1984-02-09, MRN: MRN7235811 small flesh-colored skin spot; no itching, no bleeding, not painful, completely asymptomatic 👍 benign skin spot on trunk; no ulceration, no bleeding, no itching, no discharge follow-up telemedicine consultation scheduled for next month http://telehealth.example.com",benign
PAT2345,"Referred by Dr. Amit Nguyen; patient ID MRN4334928 	 red skin rash with SevereItching; denies bleeding, no purulent drainage, not infected 	 patient noticed a red spot on skin; SevereItching with flaking scales; no infection, no fever 	 skin rash on elbows and forearm; SevereItching and scaling redness; no pus, no fever 	 follow-up telemedicine consultation scheduled for next month http://telehealth.example.com",inflammatory
PAT2298,"Name: Aisha Nguyen | Email: bfxcpj@hospital.org | Phone: +91-6619486742

red itchy skin spot; intense burning sensation and SevereItching; no bleeding, not oozing

flaking red skin spot; SevereItching at night; no fever, denies wound breakdown

red skin rash with SevereItching; denies bleeding, no purulent drainage, not infected

blood pressure 120/80; heart rate regular; patient ambulatory",inflammatory
PAT2647,"Patient: Meera Singh, DOB: 1973-04-22, MRN: MRN0226797 infected skin spot with swelling and pus drainage; on Amoxici11in; denies eczema skin spot on leg with BacterialCellulitis; warm, swollen, purulent drainage; denies bleeding mole vital signs stable at intake; alert and oriented x3",infectious
PAT1239,"Referred by Dr. David Chen; patient ID MRN6434452

common skin mole; no redness, no pus, not tender, no changes in appearance

benign skin spot on trunk; no ulceration, no bleeding, no itching, no discharge

patient denies drug allergies; previous medical history non-contributory",benign
PAT1819,"Referred by Dr. Priya Miller; patient ID MRN3201806

skin spot on back; |rregular bord3rs and uneven dark color variegation; no fever, no pus

pigmented skin spot; not healing, changing shape; denies rash, denies fever; suspicious of MalignantMelanoma

dark skin mole on shoulder; BleedingLesion after shower; no itching, no discharge, not tender

blood pressure 120/80; heart rate regular; patient ambulatory",malignant
PAT2982,"Patient: Sarah Chen, DOB: 1964-09-06, MRN: MRN4234330 
 wound spot on skin with BacterialCellulitis and purulent exudate; fever noted; denies itching 
 skin spot on leg with BacterialCellulitis; warm, swollen, purulent drainage; denies bleeding mole 
 painful infected skin spot; yellow pus drainage, temp 1O1F, started on Amoxici11in 500mg; no flaking 
 reviewed lab results; hemoglobin and renal function within normal limits",infectious
PAT2138,"Name: Aisha Lee | Email: gsohke@hospital.org | Phone: +91-5271011099 	 red itchy skin spot; intense burning sensation and SevereItching; no bleeding, not oozing 	 pruritic red skin rash; SevereItching not responding to lotion; denies pus discharge 	 patient noticed a red spot on skin; SevereItching with flaking scales; no infection, no fever 	 follow-up telemedicine consultation scheduled for next month http://telehealth.example.com",inflammatory
PAT1885,"Referred by Dr. Aisha Singh; patient ID MRN8126875 	 pigmented skin spot; not healing, changing shape; denies rash, denies fever; suspicious of MalignantMelanoma 	 patient noticed a dark spot on skin; BleedingLesion and rapid growth; not painful, denies itching 	 blood pressure 120/80; heart rate regular; patient ambulatory",malignant
PAT2578,"Referred by Dr. Carlos Singh; patient ID MRN2453259

infected skin spot with swelling and pus drainage; on Amoxici11in; denies eczema

red skin spot with localized swelling and pus discharge; elevated temperature; no chronic rash

wound spot on skin with BacterialCellulitis and purulent exudate; fever noted; denies itching

blood pressure 120/80; heart rate regular; patient ambulatory",infectious
PAT1788,"Name: Aisha Garcia | Email: stmncs@hospital.org | Phone: +91-8466016776 pigmented skin spot; not healing, changing shape; denies rash, denies fever; suspicious of MalignantMelanoma dark skin mole on shoulder; BleedingLesion after shower; no itching, no discharge, not tender patient advised on proper hydration and daily sunscreen application",malignant
PAT2118,"Name: Amit Smith | Email: lclvut@hospital.org | Phone: +91-1865499896 red skin rash with SevereItching; denies bleeding, no purulent drainage, not infected flaking red skin spot; SevereItching at night; no fever, denies wound breakdown skin rash on elbows and forearm; SevereItching and scaling redness; no pus, no fever follow-up telemedicine consultation scheduled for next month http://telehealth.example.com",inflammatory
PAT2244,"Name: Ravi Nguyen | Email: watdkx@hospital.org | Phone: +91-5318739488 	 patient noticed a red spot on skin; SevereItching with flaking scales; no infection, no fever 	 skin rash on elbows and forearm; SevereItching and scaling redness; no pus, no fever 	 red skin rash with SevereItching; denies bleeding, no purulent drainage, not infected 	 reviewed lab results; hemoglobin and renal function within normal limits",inflammatory
PAT2670,Referred by Dr. Meera Singh; patient ID MRN5149853 	 red skin spot with localized swelling and pus discharge; elevated temperature; no chronic rash 	 infected skin spot with swelling and pus drainage; on Amoxici11in; denies eczema 	 patient noticed a painful red spot on skin; pus discharge noted <br/> temp 1O1F; denies itching 	 patient denies drug allergies; previous medical history non-contributory,infectious
PAT1876,"Referred by Dr. Ravi Patel; patient ID MRN3429846 
 new dark spot on forearm; |rregular bord3rs; no purulent drainage, not painful 
 RapidlyEnlarging skin spot with notched borders; no infection, denies purulent drainage 
 skin spot on back; |rregular bord3rs and uneven dark color variegation; no fever, no pus 
 follow-up telemedicine consultation scheduled for next month http://telehealth.example.com",malignant
PAT2377,"Referred by Dr. Elena Lee; patient ID MRN1371524 	 pruritic red skin rash; SevereItching not responding to lotion; denies pus discharge 	 red skin rash with SevereItching; denies bleeding, no purulent drainage, not infected 	 reviewed lab results; hemoglobin and renal function within normal limits",inflammatory
PAT2433,"Name: Sarah Patel | Email: lqtywf@hospital.org | Phone: +91-0777652339 
 flaking red skin spot; SevereItching at night; no fever, denies wound breakdown 
 red itchy skin spot; intense burning sensation and SevereItching; no bleeding, not oozing 
 patient denies drug allergies; previous medical history non-contributory",inflammatory
PAT1454,"Name: Meera Smith | Email: qnabxu@hospital.org | Phone: +91-9322780416

benign skin spot on trunk; no ulceration, no bleeding, no itching, no discharge

patient noticed a skin spot on arm; no itching, no bleeding, no pain, not growing, denies fever

small flesh-colored skin spot; no itching, no bleeding, not painful, completely asymptomatic 👍

reviewed lab results; hemoglobin and renal function within normal limits",benign
PAT2584,"Referred by Dr. Priya Sharma; patient ID MRN6575128 
 infected skin spot with swelling and pus drainage; on Amoxici11in; denies eczema 
 wound spot on skin with BacterialCellulitis and purulent exudate; fever noted; denies itching 
 painful infected skin spot; yellow pus drainage, temp 1O1F, started on Amoxici11in 500mg; no flaking 
 patient advised on proper hydration and daily sunscreen application",infectious
PAT2898,"Patient: Carlos Khan, DOB: 1998-07-01, MRN: MRN1781988 red skin spot with localized swelling and pus discharge; elevated temperature; no chronic rash wound spot on skin with BacterialCellulitis and purulent exudate; fever noted; denies itching patient noticed a painful red spot on skin; pus discharge noted <br/> temp 1O1F; denies itching patient advised on proper hydration and daily sunscreen application",infectious
PAT1145,"Referred by Dr. Meera Sharma; patient ID MRN2101307 
 benign skin spot on trunk; no ulceration, no bleeding, no itching, no discharge 
 stable skin mole present for years; no pain, no bleeding, not enlarged; denies fever, no pus 
 patient denies drug allergies; previous medical history non-contributory",benign
PAT2620,"Patient: Aisha Nguyen, DOB: 1953-04-17, MRN: MRN5988168 skin spot on leg with BacterialCellulitis; warm, swollen, purulent drainage; denies bleeding mole red skin spot with localized swelling and pus discharge; elevated temperature; no chronic rash infected skin spot with swelling and pus drainage; on Amoxici11in; denies eczema patient advised on proper hydration and daily sunscreen application",infectious
PAT1329,"Patient: Amit Khan, DOB: 1993-12-08, MRN: MRN6066476 benign skin spot on trunk; no ulceration, no bleeding, no itching, no discharge stable skin mole present for years; no pain, no bleeding, not enlarged; denies fever, no pus reviewed lab results; hemoglobin and renal function within normal limits",benign
PAT1939,"Referred by Dr. Amit Smith; patient ID MRN6195066 RapidlyEnlarging skin spot with notched borders; no infection, denies purulent drainage skin spot on back; |rregular bord3rs and uneven dark color variegation; no fever, no pus vital signs stable at intake; alert and oriented x3",malignant
PAT2488,"Referred by Dr. Elena Patel; patient ID MRN5105601 	 pruritic red skin rash; SevereItching not responding to lotion; denies pus discharge 	 patient noticed a red spot on skin; SevereItching with flaking scales; no infection, no fever 	 follow-up telemedicine consultation scheduled for next month http://telehealth.example.com",inflammatory
PAT1985,"Name: Sarah Garcia | Email: kckbsi@hospital.org | Phone: +91-0067062631 pigmented skin spot; not healing, changing shape; denies rash, denies fever; suspicious of MalignantMelanoma dark skin mole on shoulder; BleedingLesion after shower; no itching, no discharge, not tender follow-up telemedicine consultation scheduled for next month http://telehealth.example.com",malignant
PAT2047,"Patient: Elena Lee, DOB: 1989-01-05, MRN: MRN9336503

red itchy skin spot; intense burning sensation and SevereItching; no bleeding, not oozing

pruritic red skin rash; SevereItching not responding to lotion; denies pus discharge

patient advised on proper hydration and daily sunscreen application",inflammatory
PAT1567,"Referred by Dr. John Nguyen; patient ID MRN3851240 
 RapidlyEnlarging skin spot with notched borders; no infection, denies purulent drainage 
 patient noticed a dark spot on skin; BleedingLesion and rapid growth; not painful, denies itching 
 new dark spot on forearm; |rregular bord3rs; no purulent drainage, not painful 
 patient denies drug allergies; previous medical history non-contributory",malignant
PAT2627,"Name: Meera Khan | Email: kptmwa@hospital.org | Phone: +91-4105532648 
 wound spot on skin with BacterialCellulitis and purulent exudate; fever noted; denies itching 
 skin spot on leg with BacterialCellulitis; warm, swollen, purulent drainage; denies bleeding mole 
 painful infected skin spot; yellow pus drainage, temp 1O1F, started on Amoxici11in 500mg; no flaking 
 patient advised on proper hydration and daily sunscreen application",infectious
PAT2335,"Referred by Dr. Sarah Smith; patient ID MRN2265274 
 red skin rash with SevereItching; denies bleeding, no purulent drainage, not infected 
 red itchy skin spot; intense burning sensation and SevereItching; no bleeding, not oozing 
 flaking red skin spot; SevereItching at night; no fever, denies wound breakdown 
 patient denies drug allergies; previous medical history non-contributory",inflammatory
PAT2124,"Referred by Dr. Priya Garcia; patient ID MRN0254994 
 red itchy skin spot; intense burning sensation and SevereItching; no bleeding, not oozing 
 patient noticed a red spot on skin; SevereItching with flaking scales; no infection, no fever 
 patient advised on proper hydration and daily sunscreen application",inflammatory
PAT2961,"Patient: Meera Smith, DOB: 1975-03-17, MRN: MRN5900622 painful infected skin spot; yellow pus drainage, temp 1O1F, started on Amoxici11in 500mg; no flaking skin spot on leg with BacterialCellulitis; warm, swollen, purulent drainage; denies bleeding mole red skin spot with localized swelling and pus discharge; elevated temperature; no chronic rash blood pressure 120/80; heart rate regular; patient ambulatory",infectious
PAT1779,"Referred by Dr. Ravi Singh; patient ID MRN4065758

pigmented skin spot; not healing, changing shape; denies rash, denies fever; suspicious of MalignantMelanoma

RapidlyEnlarging skin spot with notched borders; no infection, denies purulent drainage

patient advised on proper hydration and daily sunscreen application",malignant
PAT2187,"Name: Priya Khan | Email: hxuxwo@hospital.org | Phone: +91-6008863461

skin rash on elbows and forearm; SevereItching and scaling redness; no pus, no fever

red itchy skin spot; intense burning sensation and SevereItching; no bleeding, not oozing

reviewed lab results; hemoglobin and renal function within normal limits",inflammatory
PAT1230,"Patient: Carlos Khan, DOB: 1957-01-22, MRN: MRN3510614 
 routine check of skin spot; uniform brown color, circular border; no itching, no discharge, no redness 
 benign skin spot on trunk; no ulceration, no bleeding, no itching, no discharge 
 patient noticed a skin spot on arm; no itching, no bleeding, no pain, not growing, denies fever 
 follow-up telemedicine consultation scheduled for next month http://telehealth.example.com",benign
PAT1016,"Patient: David Khan, DOB: 2002-05-22, MRN: MRN9306408 	 routine check of skin spot; uniform brown color, circular border; no itching, no discharge, no redness 	 benign skin spot on trunk; no ulceration, no bleeding, no itching, no discharge 	 follow-up telemedicine consultation scheduled for next month http://telehealth.example.com",benign
PAT2174,"Patient: John Sharma, DOB: 1991-08-17, MRN: MRN2075241 red skin rash with SevereItching; denies bleeding, no purulent drainage, not infected red itchy skin spot; intense burning sensation and SevereItching; no bleeding, not oozing pruritic red skin rash; SevereItching not responding to lotion; denies pus discharge follow-up telemedicine consultation scheduled for next month http://telehealth.example.com",inflammatory
PAT1233,"Patient: Priya Lee, DOB: 1976-12-09, MRN: MRN0005891

patient noticed a skin spot on arm; no itching, no bleeding, no pain, not growing, denies fever

common skin mole; no redness, no pus, not tender, no changes in appearance

vital signs stable at intake; alert and oriented x3",benign
PAT1908,"Name: Priya Singh | Email: pelopu@hospital.org | Phone: +91-9389999767 pigmented skin spot; not healing, changing shape; denies rash, denies fever; suspicious of MalignantMelanoma RapidlyEnlarging skin spot with notched borders; no infection, denies purulent drainage patient noticed a dark spot on skin; BleedingLesion and rapid growth; not painful, denies itching patient denies drug allergies; previous medical history non-contributory",malignant
PAT1933,"Patient: Amit Smith, DOB: 1956-03-20, MRN: MRN4639000 
 new dark spot on forearm; |rregular bord3rs; no purulent drainage, not painful 
 RapidlyEnlarging skin spot with notched borders; no infection, denies purulent drainage 
 patient denies drug allergies; previous medical history non-contributory",malignant
PAT2157,"Patient: Aisha Patel, DOB: 1979-04-05, MRN: MRN9885522 patient noticed a red spot on skin; SevereItching with flaking scales; no infection, no fever skin rash on elbows and forearm; SevereItching and scaling redness; no pus, no fever patient denies drug allergies; previous medical history non-contributory",inflammatory
PAT2946,"Referred by Dr. Sarah Singh; patient ID MRN7427179 painful infected skin spot; yellow pus drainage, temp 1O1F, started on Amoxici11in 500mg; no flaking patient noticed a painful red spot on skin; pus discharge noted <br/> temp 1O1F; denies itching follow-up telemedicine consultation scheduled for next month http://telehealth.example.com",infectious
PAT1959,"Referred by Dr. Elena Garcia; patient ID MRN0340559

RapidlyEnlarging skin spot with notched borders; no infection, denies purulent drainage

dark skin mole on shoulder; BleedingLesion after shower; no itching, no discharge, not tender

new dark spot on forearm; |rregular bord3rs; no purulent drainage, not painful

vital signs stable at intake; alert and oriented x3",malignant
PAT1032,"Name: Amit Nguyen | Email: tnuxug@hospital.org | Phone: +91-6050732472 benign skin spot on trunk; no ulceration, no bleeding, no itching, no discharge stable skin mole present for years; no pain, no bleeding, not enlarged; denies fever, no pus patient denies drug allergies; previous medical history non-contributory",benign
PAT2742,"Patient: Sarah Smith, DOB: 1983-06-23, MRN: MRN1923462 
 wound spot on skin with BacterialCellulitis and purulent exudate; fever noted; denies itching 
 patient noticed a painful red spot on skin; pus discharge noted <br/> temp 1O1F; denies itching 
 painful infected skin spot; yellow pus drainage, temp 1O1F, started on Amoxici11in 500mg; no flaking 
 patient denies drug allergies; previous medical history non-contributory",infectious
PAT1102,"Patient: Meera Lee, DOB: 1990-06-24, MRN: MRN7618413 	 small flesh-colored skin spot; no itching, no bleeding, not painful, completely asymptomatic 👍 	 stable skin mole present for years; no pain, no bleeding, not enlarged; denies fever, no pus 	 benign skin spot on trunk; no ulceration, no bleeding, no itching, no discharge 	 blood pressure 120/80; heart rate regular; patient ambulatory",benign
PAT1423,"Name: Carlos Patel | Email: zldqla@hospital.org | Phone: +91-7913438337 
 common skin mole; no redness, no pus, not tender, no changes in appearance 
 patient noticed a skin spot on arm; no itching, no bleeding, no pain, not growing, denies fever 
 small flesh-colored skin spot; no itching, no bleeding, not painful, completely asymptomatic 👍 
 patient advised on proper hydration and daily sunscreen application",benign
PAT2318,"Referred by Dr. Amit Sharma; patient ID MRN4690037 	 red skin rash with SevereItching; denies bleeding, no purulent drainage, not infected 	 red itchy skin spot; intense burning sensation and SevereItching; no bleeding, not oozing 	 follow-up telemedicine consultation scheduled for next month http://telehealth.example.com",inflammatory
PAT2911,"Patient: John Lee, DOB: 2005-07-28, MRN: MRN5369725 	 painful infected skin spot; yellow pus drainage, temp 1O1F, started on Amoxici11in 500mg; no flaking 	 patient noticed a painful red spot on skin; pus discharge noted <br/> temp 1O1F; denies itching 	 skin spot on leg with BacterialCellulitis; warm, swollen, purulent drainage; denies bleeding mole 	 vital signs stable at intake; alert and oriented x3",infectious
PAT2009,"Patient: John Patel, DOB: 1980-12-05, MRN: MRN9103504 red skin rash with SevereItching; denies bleeding, no purulent drainage, not infected red itchy skin spot; intense burning sensation and SevereItching; no bleeding, not oozing follow-up telemedicine consultation scheduled for next month http://telehealth.example.com",inflammatory
PAT2942,"Patient: Sarah Smith, DOB: 1969-05-15, MRN: MRN1505940 
 patient noticed a painful red spot on skin; pus discharge noted <br/> temp 1O1F; denies itching 
 painful infected skin spot; yellow pus drainage, temp 1O1F, started on Amoxici11in 500mg; no flaking 
 infected skin spot with swelling and pus drainage; on Amoxici11in; denies eczema 
 blood pressure 120/80; heart rate regular; patient ambulatory",infectious
PAT1972,"Name: Elena Khan | Email: vcqhhw@hospital.org | Phone: +91-7209662191

new dark spot on forearm; |rregular bord3rs; no purulent drainage, not painful

patient noticed a dark spot on skin; BleedingLesion and rapid growth; not painful, denies itching

patient advised on proper hydration and daily sunscreen application",malignant
PAT2931,"Referred by Dr. Elena Patel; patient ID MRN3859930 
 red skin spot with localized swelling and pus discharge; elevated temperature; no chronic rash 
 wound spot on skin with BacterialCellulitis and purulent exudate; fever noted; denies itching 
 patient denies drug allergies; previous medical history non-contributory",infectious
PAT1103,"Name: Aisha Smith | Email: rjmjap@hospital.org | Phone: +91-7852866714 routine check of skin spot; uniform brown color, circular border; no itching, no discharge, no redness common skin mole; no redness, no pus, not tender, no changes in appearance patient noticed a skin spot on arm; no itching, no bleeding, no pain, not growing, denies fever blood pressure 120/80; heart rate regular; patient ambulatory",benign
PAT2005,"Referred by Dr. Sarah Sharma; patient ID MRN7077132

red skin rash with SevereItching; denies bleeding, no purulent drainage, not infected

skin rash on elbows and forearm; SevereItching and scaling redness; no pus, no fever

red itchy skin spot; intense burning sensation and SevereItching; no bleeding, not oozing

reviewed lab results; hemoglobin and renal function within normal limits",inflammatory
PAT2842,"Name: Ravi Miller | Email: knumod@hospital.org | Phone: +91-6001248207 	 skin spot on leg with BacterialCellulitis; warm, swollen, purulent drainage; denies bleeding mole 	 patient noticed a painful red spot on skin; pus discharge noted <br/> temp 1O1F; denies itching 	 painful infected skin spot; yellow pus drainage, temp 1O1F, started on Amoxici11in 500mg; no flaking 	 blood pressure 120/80; heart rate regular; patient ambulatory",infectious
PAT1008,"Patient: Amit Chen, DOB: 1950-04-15, MRN: MRN4971360 
 common skin mole; no redness, no pus, not tender, no changes in appearance 
 stable skin mole present for years; no pain, no bleeding, not enlarged; denies fever, no pus 
 vital signs stable at intake; alert and oriented x3",benign
PAT1441,"Patient: Ravi Patel, DOB: 1971-06-24, MRN: MRN0743910 routine check of skin spot; uniform brown color, circular border; no itching, no discharge, no redness small flesh-colored skin spot; no itching, no bleeding, not painful, completely asymptomatic 👍 common skin mole; no redness, no pus, not tender, no changes in appearance blood pressure 120/80; heart rate regular; patient ambulatory",benign
PAT2180,"Referred by Dr. Carlos Miller; patient ID MRN2851261 flaking red skin spot; SevereItching at night; no fever, denies wound breakdown red itchy skin spot; intense burning sensation and SevereItching; no bleeding, not oozing skin rash on elbows and forearm; SevereItching and scaling redness; no pus, no fever vital signs stable at intake; alert and oriented x3",inflammatory
PAT2191,"Referred by Dr. David Lee; patient ID MRN9976036

red skin rash with SevereItching; denies bleeding, no purulent drainage, not infected

pruritic red skin rash; SevereItching not responding to lotion; denies pus discharge

red itchy skin spot; intense burning sensation and SevereItching; no bleeding, not oozing

vital signs stable at intake; alert and oriented x3",inflammatory
PAT1822,"Referred by Dr. Aisha Nguyen; patient ID MRN0698651 pigmented skin spot; not healing, changing shape; denies rash, denies fever; suspicious of MalignantMelanoma patient noticed a dark spot on skin; BleedingLesion and rapid growth; not painful, denies itching patient advised on proper hydration and daily sunscreen application",malignant
PAT1193,"Name: Priya Garcia | Email: rgcabc@hospital.org | Phone: +91-5954427448 
 stable skin mole present for years; no pain, no bleeding, not enlarged; denies fever, no pus 
 small flesh-colored skin spot; no itching, no bleeding, not painful, completely asymptomatic 👍 
 follow-up telemedicine consultation scheduled for next month http://telehealth.example.com",benign
PAT2445,"Referred by Dr. Elena Smith; patient ID MRN7050027 	 red itchy skin spot; intense burning sensation and SevereItching; no bleeding, not oozing 	 patient noticed a red spot on skin; SevereItching with flaking scales; no infection, no fever 	 patient advised on proper hydration and daily sunscreen application",inflammatory
PAT2105,"Name: Priya Smith | Email: epusxd@hospital.org | Phone: +91-4374726101 
 red skin rash with SevereItching; denies bleeding, no purulent drainage, not infected 
 red itchy skin spot; intense burning sensation and SevereItching; no bleeding, not oozing 
 blood pressure 120/80; heart rate regular; patient ambulatory",inflammatory
PAT1610,"Referred by Dr. David Singh; patient ID MRN7289661 
 RapidlyEnlarging skin spot with notched borders; no infection, denies purulent drainage 
 new dark spot on forearm; |rregular bord3rs; no purulent drainage, not painful 
 follow-up telemedicine consultation scheduled for next month http://telehealth.example.com",malignant
PAT2764,Referred by Dr. Priya Patel; patient ID MRN7131788 	 patient noticed a painful red spot on skin; pus discharge noted <br/> temp 1O1F; denies itching 	 infected skin spot with swelling and pus drainage; on Amoxici11in; denies eczema 	 vital signs stable at intake; alert and oriented x3,infectious
PAT1054,"Referred by Dr. David Khan; patient ID MRN9493570 	 routine check of skin spot; uniform brown color, circular border; no itching, no discharge, no redness 	 stable skin mole present for years; no pain, no bleeding, not enlarged; denies fever, no pus 	 reviewed lab results; hemoglobin and renal function within normal limits",benign
PAT1363,"Name: David Chen | Email: fwzvbw@hospital.org | Phone: +91-0284649992 common skin mole; no redness, no pus, not tender, no changes in appearance stable skin mole present for years; no pain, no bleeding, not enlarged; denies fever, no pus follow-up telemedicine consultation scheduled for next month http://telehealth.example.com",benign
PAT2023,"Patient: Priya Nguyen, DOB: 1965-03-27, MRN: MRN0746572 
 flaking red skin spot; SevereItching at night; no fever, denies wound breakdown 
 skin rash on elbows and forearm; SevereItching and scaling redness; no pus, no fever 
 pruritic red skin rash; SevereItching not responding to lotion; denies pus discharge 
 patient advised on proper hydration and daily sunscreen application",inflammatory
PAT2308,"Name: Aisha Singh | Email: jsdiiv@hospital.org | Phone: +91-5234470768 
 red itchy skin spot; intense burning sensation and SevereItching; no bleeding, not oozing 
 pruritic red skin rash; SevereItching not responding to lotion; denies pus discharge 
 flaking red skin spot; SevereItching at night; no fever, denies wound breakdown 
 follow-up telemedicine consultation scheduled for next month http://telehealth.example.com",inflammatory
PAT1730,"Referred by Dr. Elena Chen; patient ID MRN7456392 	 patient noticed a dark spot on skin; BleedingLesion and rapid growth; not painful, denies itching 	 dark skin mole on shoulder; BleedingLesion after shower; no itching, no discharge, not tender 	 skin spot on back; |rregular bord3rs and uneven dark color variegation; no fever, no pus 	 blood pressure 120/80; heart rate regular; patient ambulatory",malignant
PAT2903,"Referred by Dr. Meera Khan; patient ID MRN7196215 
 skin spot on leg with BacterialCellulitis; warm, swollen, purulent drainage; denies bleeding mole 
 painful infected skin spot; yellow pus drainage, temp 1O1F, started on Amoxici11in 500mg; no flaking 
 red skin spot with localized swelling and pus discharge; elevated temperature; no chronic rash 
 vital signs stable at intake; alert and oriented x3",infectious
PAT2208,"Referred by Dr. David Miller; patient ID MRN4521538

flaking red skin spot; SevereItching at night; no fever, denies wound breakdown

patient noticed a red spot on skin; SevereItching with flaking scales; no infection, no fever

reviewed lab results; hemoglobin and renal function within normal limits",inflammatory
PAT1429,"Referred by Dr. Meera Smith; patient ID MRN9394989 
 common skin mole; no redness, no pus, not tender, no changes in appearance 
 stable skin mole present for years; no pain, no bleeding, not enlarged; denies fever, no pus 
 patient advised on proper hydration and daily sunscreen application",benign
PAT2259,"Referred by Dr. Elena Nguyen; patient ID MRN2288304 	 red skin rash with SevereItching; denies bleeding, no purulent drainage, not infected 	 skin rash on elbows and forearm; SevereItching and scaling redness; no pus, no fever 	 pruritic red skin rash; SevereItching not responding to lotion; denies pus discharge 	 blood pressure 120/80; heart rate regular; patient ambulatory",inflammatory
PAT1061,"Patient: Aisha Chen, DOB: 1961-11-12, MRN: MRN8403227 	 patient noticed a skin spot on arm; no itching, no bleeding, no pain, not growing, denies fever 	 benign skin spot on trunk; no ulceration, no bleeding, no itching, no discharge 	 common skin mole; no redness, no pus, not tender, no changes in appearance 	 reviewed lab results; hemoglobin and renal function within normal limits",benign
PAT2639,"Name: Sarah Sharma | Email: jnzkic@hospital.org | Phone: +91-5111854975 
 skin spot on leg with BacterialCellulitis; warm, swollen, purulent drainage; denies bleeding mole 
 wound spot on skin with BacterialCellulitis and purulent exudate; fever noted; denies itching 
 patient denies drug allergies; previous medical history non-contributory",infectious
PAT2237,"Name: Priya Sharma | Email: mptcpp@hospital.org | Phone: +91-5981930981 red itchy skin spot; intense burning sensation and SevereItching; no bleeding, not oozing patient noticed a red spot on skin; SevereItching with flaking scales; no infection, no fever reviewed lab results; hemoglobin and renal function within normal limits",inflammatory
PAT1226,"Referred by Dr. Meera Garcia; patient ID MRN6471438 	 small flesh-colored skin spot; no itching, no bleeding, not painful, completely asymptomatic 👍 	 benign skin spot on trunk; no ulceration, no bleeding, no itching, no discharge 	 reviewed lab results; hemoglobin and renal function within normal limits",benign
PAT2312,"Patient: Carlos Khan, DOB: 2001-11-02, MRN: MRN1853257 	 red skin rash with SevereItching; denies bleeding, no purulent drainage, not infected 	 patient noticed a red spot on skin; SevereItching with flaking scales; no infection, no fever 	 reviewed lab results; hemoglobin and renal function within normal limits",inflammatory
PAT2491,"Name: Sarah Lee | Email: iymgym@hospital.org | Phone: +91-1647053504

red skin rash with SevereItching; denies bleeding, no purulent drainage, not infected

pruritic red skin rash; SevereItching not responding to lotion; denies pus discharge

patient noticed a red spot on skin; SevereItching with flaking scales; no infection, no fever

blood pressure 120/80; heart rate regular; patient ambulatory",inflammatory
PAT1851,"Patient: Ravi Patel, DOB: 1970-09-13, MRN: MRN4949132 
 pigmented skin spot; not healing, changing shape; denies rash, denies fever; suspicious of MalignantMelanoma 
 new dark spot on forearm; |rregular bord3rs; no purulent drainage, not painful 
 dark skin mole on shoulder; BleedingLesion after shower; no itching, no discharge, not tender 
 reviewed lab results; hemoglobin and renal function within normal limits",malignant
PAT2984,"Referred by Dr. Aisha Nguyen; patient ID MRN9432701 
 painful infected skin spot; yellow pus drainage, temp 1O1F, started on Amoxici11in 500mg; no flaking 
 infected skin spot with swelling and pus drainage; on Amoxici11in; denies eczema 
 red skin spot with localized swelling and pus discharge; elevated temperature; no chronic rash 
 follow-up telemedicine consultation scheduled for next month http://telehealth.example.com",infectious
PAT2877,"Patient: Meera Nguyen, DOB: 1966-01-21, MRN: MRN6673815 infected skin spot with swelling and pus drainage; on Amoxici11in; denies eczema painful infected skin spot; yellow pus drainage, temp 1O1F, started on Amoxici11in 500mg; no flaking vital signs stable at intake; alert and oriented x3",infectious
PAT2261,"Patient: Ravi Sharma, DOB: 1969-12-24, MRN: MRN9553087 	 skin rash on elbows and forearm; SevereItching and scaling redness; no pus, no fever 	 flaking red skin spot; SevereItching at night; no fever, denies wound breakdown 	 patient noticed a red spot on skin; SevereItching with flaking scales; no infection, no fever 	 patient advised on proper hydration and daily sunscreen application",inflammatory
PAT1922,"Name: Ravi Chen | Email: ytablk@hospital.org | Phone: +91-4892290647 pigmented skin spot; not healing, changing shape; denies rash, denies fever; suspicious of MalignantMelanoma RapidlyEnlarging skin spot with notched borders; no infection, denies purulent drainage reviewed lab results; hemoglobin and renal function within normal limits",malignant
PAT2908,"Name: Sarah Chen | Email: zwdysv@hospital.org | Phone: +91-3527173475 skin spot on leg with BacterialCellulitis; warm, swollen, purulent drainage; denies bleeding mole infected skin spot with swelling and pus drainage; on Amoxici11in; denies eczema painful infected skin spot; yellow pus drainage, temp 1O1F, started on Amoxici11in 500mg; no flaking reviewed lab results; hemoglobin and renal function within normal limits",infectious
PAT2444,"Referred by Dr. John Nguyen; patient ID MRN3279072 patient noticed a red spot on skin; SevereItching with flaking scales; no infection, no fever red itchy skin spot; intense burning sensation and SevereItching; no bleeding, not oozing vital signs stable at intake; alert and oriented x3",inflammatory
PAT1827,"Name: Amit Singh | Email: ittqcr@hospital.org | Phone: +91-7216580982 	 skin spot on back; |rregular bord3rs and uneven dark color variegation; no fever, no pus 	 dark skin mole on shoulder; BleedingLesion after shower; no itching, no discharge, not tender 	 RapidlyEnlarging skin spot with notched borders; no infection, denies purulent drainage 	 vital signs stable at intake; alert and oriented x3",malignant
PAT2476,"Name: Aisha Nguyen | Email: obvrdg@hospital.org | Phone: +91-6336286845

skin rash on elbows and forearm; SevereItching and scaling redness; no pus, no fever

flaking red skin spot; SevereItching at night; no fever, denies wound breakdown

pruritic red skin rash; SevereItching not responding to lotion; denies pus discharge

patient denies drug allergies; previous medical history non-contributory",inflammatory
PAT1354,"Referred by Dr. Meera Garcia; patient ID MRN8146982 	 common skin mole; no redness, no pus, not tender, no changes in appearance 	 patient noticed a skin spot on arm; no itching, no bleeding, no pain, not growing, denies fever 	 follow-up telemedicine consultation scheduled for next month http://telehealth.example.com",benign
PAT1636,"Referred by Dr. Amit Smith; patient ID MRN6611640 patient noticed a dark spot on skin; BleedingLesion and rapid growth; not painful, denies itching skin spot on back; |rregular bord3rs and uneven dark color variegation; no fever, no pus RapidlyEnlarging skin spot with notched borders; no infection, denies purulent drainage patient advised on proper hydration and daily sunscreen application",malignant
PAT2693,"Patient: David Chen, DOB: 1993-12-28, MRN: MRN0076297 
 wound spot on skin with BacterialCellulitis and purulent exudate; fever noted; denies itching 
 skin spot on leg with BacterialCellulitis; warm, swollen, purulent drainage; denies bleeding mole 
 patient noticed a painful red spot on skin; pus discharge noted <br/> temp 1O1F; denies itching 
 vital signs stable at intake; alert and oriented x3",infectious
PAT1799,"Name: Sarah Sharma | Email: wmxmcn@hospital.org | Phone: +91-1045808556 
 dark skin mole on shoulder; BleedingLesion after shower; no itching, no discharge, not tender 
 pigmented skin spot; not healing, changing shape; denies rash, denies fever; suspicious of MalignantMelanoma 
 skin spot on back; |rregular bord3rs and uneven dark color variegation; no fever, no pus 
 patient advised on proper hydration and daily sunscreen application",malignant
PAT1527,"Name: David Patel | Email: lcvfia@hospital.org | Phone: +91-3829811545

patient noticed a dark spot on skin; BleedingLesion and rapid growth; not painful, denies itching

skin spot on back; |rregular bord3rs and uneven dark color variegation; no fever, no pus

pigmented skin spot; not healing, changing shape; denies rash, denies fever; suspicious of MalignantMelanoma

vital signs stable at intake; alert and oriented x3",malignant
PAT2521,"Referred by Dr. Priya Lee; patient ID MRN7597605

patient noticed a painful red spot on skin; pus discharge noted <br/> temp 1O1F; denies itching

skin spot on leg with BacterialCellulitis; warm, swollen, purulent drainage; denies bleeding mole

blood pressure 120/80; heart rate regular; patient ambulatory",infectious
PAT2022,"Referred by Dr. Amit Sharma; patient ID MRN7646946

red skin rash with SevereItching; denies bleeding, no purulent drainage, not infected

patient noticed a red spot on skin; SevereItching with flaking scales; no infection, no fever

blood pressure 120/80; heart rate regular; patient ambulatory",inflammatory
PAT1482,"Name: Ravi Nguyen | Email: avgjur@hospital.org | Phone: +91-1612530034 
 patient noticed a skin spot on arm; no itching, no bleeding, no pain, not growing, denies fever 
 benign skin spot on trunk; no ulceration, no bleeding, no itching, no discharge 
 common skin mole; no redness, no pus, not tender, no changes in appearance 
 patient denies drug allergies; previous medical history non-contributory",benign
PAT1442,"Patient: Sarah Sharma, DOB: 1984-07-10, MRN: MRN2662797 stable skin mole present for years; no pain, no bleeding, not enlarged; denies fever, no pus routine check of skin spot; uniform brown color, circular border; no itching, no discharge, no redness follow-up telemedicine consultation scheduled for next month http://telehealth.example.com",benign
PAT1918,"Patient: Ravi Sharma, DOB: 1958-10-28, MRN: MRN0575267 patient noticed a dark spot on skin; BleedingLesion and rapid growth; not painful, denies itching dark skin mole on shoulder; BleedingLesion after shower; no itching, no discharge, not tender skin spot on back; |rregular bord3rs and uneven dark color variegation; no fever, no pus blood pressure 120/80; heart rate regular; patient ambulatory",malignant
PAT2283,"Name: Priya Sharma | Email: xbdijd@hospital.org | Phone: +91-7366136238 	 pruritic red skin rash; SevereItching not responding to lotion; denies pus discharge 	 flaking red skin spot; SevereItching at night; no fever, denies wound breakdown 	 red skin rash with SevereItching; denies bleeding, no purulent drainage, not infected 	 follow-up telemedicine consultation scheduled for next month http://telehealth.example.com",inflammatory
PAT2322,"Name: Meera Sharma | Email: detdfc@hospital.org | Phone: +91-3992395534 	 flaking red skin spot; SevereItching at night; no fever, denies wound breakdown 	 patient noticed a red spot on skin; SevereItching with flaking scales; no infection, no fever 	 patient advised on proper hydration and daily sunscreen application",inflammatory
PAT2587,"Name: Sarah Smith | Email: wotxll@hospital.org | Phone: +91-4917793948 
 painful infected skin spot; yellow pus drainage, temp 1O1F, started on Amoxici11in 500mg; no flaking 
 wound spot on skin with BacterialCellulitis and purulent exudate; fever noted; denies itching 
 patient noticed a painful red spot on skin; pus discharge noted <br/> temp 1O1F; denies itching 
 follow-up telemedicine consultation scheduled for next month http://telehealth.example.com",infectious
PAT2603,"Referred by Dr. David Chen; patient ID MRN6359558 patient noticed a painful red spot on skin; pus discharge noted <br/> temp 1O1F; denies itching infected skin spot with swelling and pus drainage; on Amoxici11in; denies eczema painful infected skin spot; yellow pus drainage, temp 1O1F, started on Amoxici11in 500mg; no flaking follow-up telemedicine consultation scheduled for next month http://telehealth.example.com",infectious
PAT2123,"Name: Elena Garcia | Email: pctmuf@hospital.org | Phone: +91-3964228467

red itchy skin spot; intense burning sensation and SevereItching; no bleeding, not oozing

skin rash on elbows and forearm; SevereItching and scaling redness; no pus, no fever

patient denies drug allergies; previous medical history non-contributory",inflammatory
PAT2142,"Referred by Dr. David Sharma; patient ID MRN7087913

red skin rash with SevereItching; denies bleeding, no purulent drainage, not infected

pruritic red skin rash; SevereItching not responding to lotion; denies pus discharge

patient noticed a red spot on skin; SevereItching with flaking scales; no infection, no fever

vital signs stable at intake; alert and oriented x3",inflammatory
PAT1628,"Patient: Elena Smith, DOB: 1967-01-10, MRN: MRN2392702 RapidlyEnlarging skin spot with notched borders; no infection, denies purulent drainage pigmented skin spot; not healing, changing shape; denies rash, denies fever; suspicious of MalignantMelanoma skin spot on back; |rregular bord3rs and uneven dark color variegation; no fever, no pus patient denies drug allergies; previous medical history non-contributory",malignant
PAT2362,"Name: David Singh | Email: lspshe@hospital.org | Phone: +91-4127678436 
 pruritic red skin rash; SevereItching not responding to lotion; denies pus discharge 
 red skin rash with SevereItching; denies bleeding, no purulent drainage, not infected 
 red itchy skin spot; intense burning sensation and SevereItching; no bleeding, not oozing 
 follow-up telemedicine consultation scheduled for next month http://telehealth.example.com",inflammatory
PAT1349,"Name: Sarah Chen | Email: aqhyqo@hospital.org | Phone: +91-8441088682 
 routine check of skin spot; uniform brown color, circular border; no itching, no discharge, no redness 
 benign skin spot on trunk; no ulceration, no bleeding, no itching, no discharge 
 vital signs stable at intake; alert and oriented x3",benign
PAT2049,"Name: Carlos Smith | Email: xdnynw@hospital.org | Phone: +91-6856275844 patient noticed a red spot on skin; SevereItching with flaking scales; no infection, no fever pruritic red skin rash; SevereItching not responding to lotion; denies pus discharge vital signs stable at intake; alert and oriented x3",inflammatory
PAT1658,"Name: Meera Sharma | Email: emgbmf@hospital.org | Phone: +91-2192965669 patient noticed a dark spot on skin; BleedingLesion and rapid growth; not painful, denies itching skin spot on back; |rregular bord3rs and uneven dark color variegation; no fever, no pus follow-up telemedicine consultation scheduled for next month http://telehealth.example.com",malignant
PAT2782,"Patient: Carlos Chen, DOB: 1964-09-27, MRN: MRN0094905 	 patient noticed a painful red spot on skin; pus discharge noted <br/> temp 1O1F; denies itching 	 infected skin spot with swelling and pus drainage; on Amoxici11in; denies eczema 	 wound spot on skin with BacterialCellulitis and purulent exudate; fever noted; denies itching 	 patient denies drug allergies; previous medical history non-contributory",infectious
PAT1267,"Name: Aisha Garcia | Email: oncruz@hospital.org | Phone: +91-1587002545 benign skin spot on trunk; no ulceration, no bleeding, no itching, no discharge patient noticed a skin spot on arm; no itching, no bleeding, no pain, not growing, denies fever follow-up telemedicine consultation scheduled for next month http://telehealth.example.com",benign
PAT1344,"Name: Sarah Singh | Email: igeyqy@hospital.org | Phone: +91-1647016540 	 routine check of skin spot; uniform brown color, circular border; no itching, no discharge, no redness 	 common skin mole; no redness, no pus, not tender, no changes in appearance 	 follow-up telemedicine consultation scheduled for next month http://telehealth.example.com",benign
PAT1162,"Patient: Priya Miller, DOB: 1976-11-10, MRN: MRN2748563 	 small flesh-colored skin spot; no itching, no bleeding, not painful, completely asymptomatic 👍 	 benign skin spot on trunk; no ulceration, no bleeding, no itching, no discharge 	 reviewed lab results; hemoglobin and renal function within normal limits",benign
