timestamp,patient_id,heart_rate,spo2,systolic_bp,temperature
2026-10-01 08:00:19.521917061,PAT1001,75.3,96.7,118.9,36.85
2026-10-01 08:01:04.415465183,PAT1001,71.0,97.5,121.2,36.72
2026-10-01 08:01:22.121104670,PAT1001,75.7,97.7,129.1,
2026-10-01 08:02:00.100357649,PAT1001,77.2,97.1,118.7,36.85
2026-10-01 08:02:19.260410567,PAT1001,81.5,97.7,128.6,36.81
2026-10-01 08:02:47.326164212,PAT1001,74.2,97.7,116.6,36.85
2026-10-01 08:03:12.713129599,PAT1001,70.1,97.8,121.3,36.71
2026-10-01 08:03:40.996120938,PAT1001,72.5,97.7,120.4,36.89
2026-10-01 08:04:14.195225646,PAT1001,74.7,97.4,124.1,36.89
2026-10-01 08:04:41.306593152,PAT1001,69.5,97.6,113.7,36.82
2026-10-01 08:05:08.785212399,PAT1001,74.0,97.5,122.5,36.8
2026-10-01 08:05:49.446235636,PAT1001,74.5,,120.5,37.02
2026-10-01 08:06:07.275564746,PAT1001,69.7,98.0,115.7,36.82
2026-10-01 08:06:41.533133623,PAT1001,,98.0,116.7,36.85
2026-10-01 08:07:23.265976581,PAT1001,78.7,95.9,,36.85
2026-10-01 08:07:40.276559215,PAT1001,78.9,97.1,119.2,36.89
2026-10-01 08:08:05.648324514,PAT1001,70.0,97.8,118.5,36.97
2026-10-01 08:08:34.381640594,PAT1001,80.0,97.1,,36.87
2026-10-01 08:08:49.603602115,PAT1001,82.3,97.4,110.5,36.67
2026-10-01 08:09:15.097627222,PAT1001,,97.9,115.5,36.91
2026-10-01 08:09:45.338997518,PAT1001,77.8,97.8,113.4,36.8
2026-10-01 08:10:25.077730750,PAT1001,74.6,97.1,121.9,36.75
2026-10-01 08:10:56.862890965,PAT1001,75.2,97.9,120.8,36.82
2026-10-01 08:11:24.026123277,PAT1001,71.2,96.7,111.5,36.79
2026-10-01 08:11:59.394278877,PAT1001,77.5,96.9,121.8,36.84
2026-10-01 08:12:28.531644924,PAT1001,80.8,97.8,119.4,36.79
2026-10-01 08:13:02.160355289,PAT1001,78.0,97.1,116.2,36.9
2026-10-01 08:13:40.256331392,PAT1001,80.8,98.0,128.8,36.8
2026-10-01 08:14:21.923192664,PAT1001,74.9,97.8,121.6,36.96
2026-10-01 08:14:44.066142066,PAT1001,83.8,97.8,128.3,
2026-10-01 08:15:05.408596828,PAT1001,76.3,97.7,127.7,37.0
2026-10-01 08:15:35.652982641,PAT1001,77.1,98.0,128.1,36.73
2026-10-01 08:15:54.668003329,PAT1001,78.2,97.1,122.5,36.89
2026-10-01 08:16:39.325049606,PAT1001,,97.6,123.4,36.78
2026-10-01 08:17:08.301512967,PAT1001,75.4,97.5,118.9,36.75
2026-10-01 08:17:36.503461666,PAT1001,77.8,96.9,120.3,36.98
2026-10-01 08:18:17.895593240,PAT1001,75.1,97.1,113.8,36.8
2026-10-01 08:19:02.707182463,PAT1001,77.8,97.4,123.2,36.78
2026-10-01 08:19:30.106364497,PAT1001,77.4,,,36.85
2026-10-01 08:20:08.396109755,PAT1001,75.8,97.1,117.4,36.8
2026-10-01 08:20:42.189100918,PAT1001,71.8,98.0,125.1,36.91
2026-10-01 08:21:06.805678718,PAT1001,70.8,97.2,119.6,36.9
2026-10-01 08:21:23.962408920,PAT1001,76.9,,114.6,36.77
2026-10-01 08:21:53.294744384,PAT1001,77.1,96.7,124.8,36.81
2026-10-01 08:22:13.035297299,PAT1001,78.4,97.9,114.8,36.89
2026-10-01 08:22:48.089352013,PAT1001,76.7,96.6,129.3,36.87
2026-10-01 08:23:29.415700117,PAT1001,71.3,98.0,121.6,36.93
2026-10-01 08:24:03.491625844,PAT1001,76.8,97.8,122.8,36.91
2026-10-01 08:24:27.907593874,PAT1001,73.8,97.7,123.6,36.74
2026-10-01 08:25:08.470043814,PAT1001,71.1,97.7,130.0,36.72
2026-10-01 08:25:36.973717981,PAT1001,75.4,97.2,127.3,36.87
2026-10-01 08:26:12.606963293,PAT1001,71.8,97.0,125.5,37.0
2026-10-01 08:26:38.106558840,PAT1001,,97.8,123.0,36.88
2026-10-01 08:27:05.188657975,PAT1001,70.8,97.8,120.4,36.85
2026-10-01 08:27:40.799382719,PAT1001,76.9,97.0,117.5,36.98
2026-10-01 08:28:13.212514020,PAT1001,76.6,97.4,127.1,37.01
2026-10-01 08:28:48.097846807,PAT1001,79.0,96.6,123.5,36.64
2026-10-01 08:29:15.160802698,PAT1001,76.7,96.8,113.6,36.82
2026-10-01 08:29:32.059679395,PAT1001,76.5,97.7,120.6,36.89
2026-10-01 08:29:57.101918912,PAT1001,70.2,97.8,128.4,36.97
2026-10-01 08:30:39.197689011,PAT1001,78.2,97.8,121.6,36.89
2026-10-01 08:31:08.489462725,PAT1001,72.2,97.5,118.8,36.9
2026-10-01 08:31:50.135530905,PAT1001,71.2,97.9,120.5,36.98
2026-10-01 08:32:09.900538719,PAT1001,70.1,97.9,121.3,36.83
2026-10-01 08:32:35.441494578,PAT1001,76.2,98.0,114.7,36.85
2026-10-01 08:32:55.931806351,PAT1001,77.7,,122.2,36.8
2026-10-01 08:33:26.891138808,PAT1001,77.4,95.6,125.9,37.1
2026-10-01 08:34:07.174592930,PAT1001,75.7,97.6,124.2,36.98
2026-10-01 08:34:50.368221687,PAT1001,75.0,94.6,128.1,36.97
2026-10-01 08:35:16.574746107,PAT1001,74.9,97.9,121.7,37.02
2026-10-01 08:35:58.461887142,PAT1001,81.0,97.9,126.4,36.97
2026-10-01 08:36:42.801474319,PAT1001,80.6,97.8,114.3,36.88
2026-10-01 08:37:26.140016466,PAT1001,77.3,97.6,120.8,36.89
2026-10-01 08:38:09.163532744,PAT1001,72.2,97.7,127.6,36.8
2026-10-01 08:38:52.347040143,PAT1001,79.3,97.7,135.6,37.0
2026-10-01 08:39:29.072041213,PAT1001,76.7,97.4,117.6,36.84
2026-10-01 08:40:06.155065189,PAT1001,77.1,97.8,116.4,37.09
2026-10-01 08:40:37.009873485,PAT1001,72.9,97.3,,36.82
2026-10-01 08:41:02.111659424,PAT1001,76.1,97.8,126.9,36.88
2026-10-01 08:41:20.884108987,PAT1001,75.2,97.2,123.7,36.91
2026-10-01 08:41:45.984120691,PAT1001,68.0,97.9,127.3,36.9
2026-10-01 08:42:17.040740040,PAT1001,76.5,97.7,115.9,36.88
2026-10-01 08:42:57.583138481,PAT1001,75.6,,126.7,36.83
2026-10-01 08:43:16.993391335,PAT1001,75.2,96.2,120.4,36.85
2026-10-01 08:43:41.609059100,PAT1001,76.3,,123.4,36.91
2026-10-01 08:43:59.208539075,PAT1001,78.7,97.9,123.7,36.9
2026-10-01 08:44:33.495754924,PAT1001,77.8,97.9,131.7,36.92
2026-10-01 08:45:01.099327888,PAT1001,69.1,,126.1,37.04
2026-10-01 08:45:45.111757405,PAT1001,73.6,97.7,117.3,36.87
2026-10-01 08:46:25.607645512,PAT1001,83.7,97.2,120.3,36.93
2026-10-01 08:46:54.276769233,PAT1001,81.8,97.7,126.6,36.96
2026-10-01 08:47:35.417579337,PAT1001,80.5,97.4,117.6,36.87
2026-10-01 08:48:07.165165442,PAT1001,79.2,97.8,118.4,36.97
2026-10-01 08:48:50.687308130,PAT1001,82.2,96.9,126.4,37.0
2026-10-01 08:49:25.519723389,PAT1001,74.2,97.6,117.8,37.12
2026-10-01 08:49:54.814647234,PAT1001,79.4,98.0,128.4,37.11
2026-10-01 08:50:26.351578207,PAT1001,77.9,97.4,121.3,37.02
2026-10-01 08:50:48.552501148,PAT1001,78.5,97.7,127.1,36.95
2026-10-01 08:51:32.475477072,PAT1001,76.4,96.7,,37.02
2026-10-01 08:52:04.986384218,PAT1001,73.6,97.8,120.3,36.81
2026-10-01 08:52:21.838763574,PAT1001,77.2,97.2,130.3,36.86
2026-10-01 08:52:48.299178941,PAT1001,,96.9,116.8,36.93
2026-10-01 08:53:17.694346816,PAT1001,74.1,97.8,117.2,
2026-10-01 08:53:49.571190743,PAT1001,79.0,98.0,127.3,36.93
2026-10-01 08:54:20.256152208,PAT1001,78.0,97.7,121.4,36.95
2026-10-01 08:54:43.360797748,PAT1001,87.6,96.4,122.2,37.0
2026-10-01 08:55:12.774330490,PAT1001,71.3,97.2,131.0,36.78
2026-10-01 08:55:45.437491609,PAT1001,77.3,97.8,116.3,37.0
2026-10-01 08:56:01.142804921,PAT1001,77.9,97.6,119.3,36.98
2026-10-01 08:56:33.593593028,PAT1001,76.7,,,36.95
2026-10-01 08:57:14.666801030,PAT1001,82.5,97.7,126.4,37.08
2026-10-01 08:57:49.347922283,PAT1001,80.9,97.5,114.1,36.95
2026-10-01 08:58:06.552427007,PAT1001,76.8,97.3,121.8,36.77
2026-10-01 08:58:44.465408865,PAT1001,80.5,97.2,114.2,36.97
2026-10-01 08:59:18.100636700,PAT1001,76.9,97.6,117.3,
2026-10-01 08:59:52.921821778,PAT1001,76.3,97.1,123.2,37.14
2026-10-01 09:00:09.413203215,PAT1001,75.3,97.4,127.6,37.03
2026-10-01 09:00:33.545568723,PAT1001,75.6,97.1,124.0,36.95
2026-10-01 09:01:07.370254225,PAT1001,76.2,97.7,121.3,37.09
2026-10-01 09:01:37.611250817,PAT1001,74.9,,119.9,37.01
2026-10-01 09:02:18.443499863,PAT1001,71.8,97.8,133.3,36.91
2026-10-01 09:02:50.013716313,PAT1001,78.9,95.8,127.1,37.05
2026-10-01 09:03:16.337372747,PAT1001,78.2,97.8,117.5,36.91
2026-10-01 09:03:48.689844249,PAT1001,75.6,98.0,127.2,36.89
2026-10-01 09:04:09.359307358,PAT1001,73.3,97.9,125.8,36.97
2026-10-01 09:04:46.674718910,PAT1001,77.8,,117.2,36.95
2026-10-01 09:05:31.401170091,PAT1001,,97.9,123.8,36.77
2026-10-01 09:05:54.395443613,PAT1001,74.8,97.3,130.4,36.92
2026-10-01 09:06:16.890003799,PAT1001,78.5,,128.6,37.0
2026-10-01 09:06:56.911334947,PAT1001,76.7,97.7,128.6,37.13
2026-10-01 09:07:32.176142978,PAT1001,77.9,97.8,130.3,
2026-10-01 09:08:15.760738310,PAT1001,,,120.3,37.04
2026-10-01 09:08:55.759369695,PAT1001,72.1,97.9,127.1,36.94
2026-10-01 09:09:22.049855618,PAT1001,77.8,97.6,128.9,37.04
2026-10-01 09:09:44.497958158,PAT1001,81.1,97.3,121.7,37.06
2026-10-01 09:10:21.387053663,PAT1001,72.7,97.9,130.7,36.92
2026-10-01 09:10:48.519415593,PAT1001,80.5,97.4,124.9,36.95
2026-10-01 09:11:28.989382228,PAT1001,73.3,96.8,114.5,36.96
2026-10-01 09:11:50.120391045,PAT1001,79.0,97.8,115.9,37.09
2026-10-01 09:12:24.058846150,PAT1001,74.6,98.0,130.1,37.02
2026-10-01 09:12:48.697319605,PAT1001,76.3,97.7,125.1,36.94
2026-10-01 09:13:09.084385428,PAT1001,,98.0,132.2,37.02
2026-10-01 09:13:37.248072458,PAT1001,,,118.2,36.89
2026-10-01 09:14:13.959411409,PAT1001,71.0,96.5,126.4,36.92
2026-10-01 09:14:42.594710896,PAT1001,77.3,97.7,132.1,37.13
2026-10-01 09:14:57.807711584,PAT1001,78.5,97.5,124.9,37.01
2026-10-01 09:15:32.518187252,PAT1001,75.1,97.6,127.8,
2026-10-01 09:15:54.964481357,PAT1001,,97.8,126.4,36.77
2026-10-01 09:16:39.562685098,PAT1001,72.9,97.1,128.3,36.88
2026-10-01 09:16:55.333556515,PAT1001,73.4,97.5,118.4,37.05
2026-10-01 09:17:24.345858968,PAT1001,83.5,96.6,128.3,37.13
2026-10-01 09:18:07.381067706,PAT1001,77.4,97.9,129.6,36.9
2026-10-01 09:18:37.836077312,PAT1001,,97.7,131.4,37.08
2026-10-01 09:19:12.100120113,PAT1001,83.2,97.5,128.0,36.99
2026-10-01 09:19:47.002973363,PAT1001,77.9,97.9,125.4,37.02
2026-10-01 09:20:03.016887605,PAT1001,79.7,97.3,123.4,36.96
2026-10-01 09:20:42.825973795,PAT1001,75.1,97.7,126.1,37.13
2026-10-01 09:21:09.430085584,PAT1001,76.9,97.9,120.0,37.06
2026-10-01 09:21:51.043485963,PAT1001,76.3,97.4,132.3,36.98
2026-10-01 09:22:17.506950767,PAT1001,80.1,97.6,128.3,37.07
2026-10-01 09:22:33.785150596,PAT1001,80.8,97.8,136.5,36.94
2026-10-01 09:22:56.666875207,PAT1001,85.0,97.0,123.4,36.97
2026-10-01 09:23:26.800055801,PAT1001,71.0,98.0,,
2026-10-01 09:23:42.345512142,PAT1001,75.9,,122.3,37.1
2026-10-01 09:24:19.608670973,PAT1001,79.8,97.2,118.4,37.01
2026-10-01 09:25:01.580732068,PAT1001,79.7,97.6,127.1,37.03
2026-10-01 09:25:39.192660957,PAT1001,88.9,97.9,123.4,37.1
2026-10-01 09:26:22.183641446,PAT1001,83.8,97.8,131.2,37.13
2026-10-01 09:26:43.746698332,PAT1001,76.5,97.5,117.4,37.05
2026-10-01 09:27:11.146299690,PAT1001,75.7,97.5,128.8,36.98
2026-10-01 09:27:54.067180450,PAT1001,83.8,98.0,129.9,37.1
2026-10-01 09:28:11.283734400,PAT1001,,97.9,131.4,
2026-10-01 09:28:48.046807341,PAT1001,,97.5,126.5,37.05
2026-10-01 09:29:23.973739408,PAT1001,76.4,97.2,126.2,36.99
2026-10-01 09:29:54.023078765,PAT1001,77.1,97.9,,36.99
2026-10-01 09:30:24.618344117,PAT1001,79.4,97.9,124.3,37.0
2026-10-01 09:30:47.544384797,PAT1001,76.5,97.0,125.6,36.99
2026-10-01 09:31:30.959238622,PAT1001,77.3,97.9,122.0,37.2
2026-10-01 09:31:55.783467387,PAT1001,81.7,97.2,113.0,37.09
2026-10-01 09:32:25.719415954,PAT1001,78.8,97.3,,36.99
2026-10-01 09:32:50.737004869,PAT1001,,96.9,129.0,36.89
2026-10-01 09:33:17.075412012,PAT1001,77.1,97.5,122.8,37.03
2026-10-01 09:33:36.146379965,PAT1001,75.5,,128.6,37.14
2026-10-01 09:34:11.553120111,PAT1001,76.9,97.9,129.1,37.1
2026-10-01 09:34:38.120213021,PAT1001,81.2,98.0,130.5,37.08
2026-10-01 09:35:18.019338204,PAT1001,81.5,97.6,124.4,
2026-10-01 09:35:58.998945823,PAT1001,,98.0,128.1,37.16
2026-10-01 09:36:37.499092546,PAT1001,83.8,97.1,123.0,36.99
2026-10-01 09:37:19.662797404,PAT1001,77.8,,120.4,36.98
2026-10-01 09:37:35.357883010,PAT1001,77.0,97.8,126.0,
2026-10-01 09:37:51.610860857,PAT1001,82.1,96.0,125.6,37.06
2026-10-01 09:38:36.190640460,PAT1001,79.8,97.6,117.4,37.09
2026-10-01 09:39:07.755196782,PAT1001,79.2,,123.0,37.03
2026-10-01 09:39:48.503560014,PAT1001,74.2,97.3,125.1,37.15
2026-10-01 09:40:14.527311002,PAT1001,81.1,98.0,123.0,37.01
2026-10-01 09:40:41.604285063,PAT1001,78.6,97.5,130.0,37.06
2026-10-01 09:41:03.816156037,PAT1001,,97.6,127.8,37.07
2026-10-01 09:41:19.509175269,PAT1001,73.3,,,36.91
2026-10-01 09:41:53.746340828,PAT1001,80.8,97.4,127.8,37.01
2026-10-01 09:42:24.370194080,PAT1001,78.0,98.0,122.4,36.98
2026-10-01 09:42:51.551982470,PAT1001,,95.8,125.6,37.01
2026-10-01 09:43:16.192907066,PAT1001,81.1,97.8,,37.08
2026-10-01 09:44:00.148891984,PAT1001,74.3,97.3,125.4,36.93
2026-10-01 09:44:18.957206667,PAT1001,78.1,97.7,123.4,37.05
2026-10-01 09:44:38.300617242,PAT1001,80.3,97.5,130.4,37.07
2026-10-01 09:45:20.866939125,PAT1001,83.4,97.7,114.2,37.07
2026-10-01 09:45:57.256161958,PAT1001,75.7,97.3,132.2,37.18
2026-10-01 09:46:32.237290486,PAT1001,76.7,98.0,,37.01
2026-10-01 09:47:03.002375484,PAT1001,77.5,98.0,125.2,
2026-10-01 09:47:45.162125650,PAT1001,83.5,96.9,122.9,36.96
2026-10-01 09:48:11.346469258,PAT1001,,97.6,,36.9
2026-10-01 09:48:28.864547610,PAT1001,84.1,97.3,136.3,37.21
2026-10-01 09:48:48.329993861,PAT1001,78.3,97.3,116.0,37.19
2026-10-01 09:49:12.945958393,PAT1001,82.2,97.7,126.5,37.01
2026-10-01 09:49:50.080828702,PAT1001,77.6,97.8,123.9,37.17
2026-10-01 09:50:20.400144812,PAT1001,77.5,98.0,125.7,37.14
2026-10-01 09:50:39.544524995,PAT1001,78.5,97.0,134.6,37.08
2026-10-01 09:51:16.038582177,PAT1001,74.2,97.4,119.7,37.02
2026-10-01 09:51:43.746941961,PAT1001,82.6,,117.1,37.2
2026-10-01 09:52:21.878065224,PAT1001,74.5,97.2,124.6,37.11
2026-10-01 09:52:54.517939580,PAT1001,84.5,97.7,133.4,37.24
2026-10-01 09:53:31.961199883,PAT1001,75.0,97.0,127.8,
2026-10-01 09:54:02.825613433,PAT1001,,96.7,122.5,37.06
2026-10-01 09:54:39.830775884,PAT1001,77.6,96.9,117.5,37.27
2026-10-01 09:55:08.625530251,PAT1001,79.8,95.8,122.9,37.2
2026-10-01 09:55:35.469372746,PAT1001,74.2,98.0,128.1,37.07
2026-10-01 09:55:51.258470792,PAT1001,77.2,97.4,116.6,36.97
2026-10-01 09:56:23.724700648,PAT1001,82.2,97.3,114.8,37.0
2026-10-01 09:56:39.324027270,PAT1001,,97.5,122.2,37.28
2026-10-01 09:56:59.207904526,PAT1001,83.8,96.9,125.9,36.99
2026-10-01 09:57:19.198799082,PAT1001,82.5,97.7,129.4,37.04
2026-10-01 09:57:47.519080549,PAT1001,82.2,97.8,122.7,37.07
2026-10-01 09:58:22.678860435,PAT1001,81.3,97.8,127.9,37.07
2026-10-01 09:58:55.093099222,PAT1001,83.0,97.9,125.6,37.07
2026-10-01 09:59:14.942690821,PAT1001,77.6,97.8,127.3,37.17
2026-10-01 09:59:48.349352485,PAT1001,80.2,95.4,130.0,37.19
2026-10-01 10:00:31.618030854,PAT1001,78.7,98.0,127.0,36.97
2026-10-01 10:00:59.737642270,PAT1001,72.8,97.7,,37.04
2026-10-01 10:01:30.767990788,PAT1001,75.8,97.3,129.2,37.06
2026-10-01 10:02:09.388947983,PAT1001,79.9,97.6,121.4,37.12
2026-10-01 10:02:27.876221050,PAT1001,79.8,97.9,129.1,37.13
2026-10-01 10:03:02.811958179,PAT1001,81.4,97.2,121.4,36.98
2026-10-01 10:03:25.506107309,PAT1001,79.7,97.6,129.7,37.26
2026-10-01 10:03:56.136190991,PAT1001,80.0,97.0,117.3,37.05
2026-10-01 10:04:29.287992636,PAT1001,,97.0,126.6,37.17
2026-10-01 10:04:59.945681855,PAT1001,83.3,,125.0,37.01
2026-10-01 10:05:25.022712316,PAT1001,,97.6,129.9,37.07
2026-10-01 10:06:04.222424613,PAT1001,83.3,96.7,119.8,37.15
2026-10-01 10:06:43.643807897,PAT1001,81.1,97.3,119.3,
2026-10-01 10:07:15.694204579,PAT1001,77.3,97.0,128.9,37.13
2026-10-01 10:07:58.098560442,PAT1001,77.9,96.1,120.6,37.04
2026-10-01 10:08:37.501959453,PAT1001,77.8,97.3,124.3,37.21
2026-10-01 10:09:13.493758747,PAT1001,85.0,97.8,126.0,36.99
2026-10-01 10:09:52.508351144,PAT1001,84.7,96.8,124.6,37.25
2026-10-01 10:10:36.533288184,PAT1001,,97.8,130.1,37.02
2026-10-01 10:11:18.469369424,PAT1001,77.1,97.9,128.5,37.05
2026-10-01 10:11:54.858529657,PAT1001,81.9,97.9,128.7,37.4
2026-10-01 10:12:33.888319041,PAT1001,74.6,97.1,133.4,37.09
2026-10-01 10:12:49.149008170,PAT1001,84.2,97.9,122.0,
2026-10-01 10:13:23.747505510,PAT1001,,,134.8,37.08
2026-10-01 10:14:04.574631228,PAT1001,80.1,97.6,124.8,37.18
2026-10-01 10:14:31.679381847,PAT1001,76.2,97.9,133.6,37.11
2026-10-01 10:15:07.537739429,PAT1001,85.1,95.0,126.7,37.17
2026-10-01 10:15:48.835808650,PAT1001,80.7,97.9,120.2,37.31
2026-10-01 10:16:04.393924278,PAT1001,78.4,97.5,131.6,37.34
2026-10-01 10:16:39.317550197,PAT1001,77.8,97.8,125.5,37.14
2026-10-01 10:17:18.538651214,PAT1001,84.1,97.6,124.7,37.3
2026-10-01 10:17:51.909199281,PAT1001,,97.7,121.3,37.14
2026-10-01 10:18:25.441511123,PAT1001,77.9,97.6,,37.1
2026-10-01 10:18:59.168166662,PAT1001,,97.4,130.5,37.21
2026-10-01 10:19:17.042096970,PAT1001,73.8,97.8,121.9,37.34
2026-10-01 10:19:33.920366641,PAT1001,82.3,97.5,125.2,
2026-10-01 10:19:59.663415867,PAT1001,72.6,98.0,128.5,
2026-10-01 10:20:31.233987274,PAT1001,79.9,96.4,131.5,
2026-10-01 10:21:00.434014509,PAT1001,76.3,97.8,127.1,37.0
2026-10-01 10:21:30.601335816,PAT1001,76.3,97.6,126.8,
2026-10-01 10:21:54.743273974,PAT1001,85.6,,128.0,37.27
2026-10-01 10:22:27.393819483,PAT1001,77.3,97.3,134.1,37.03
2026-10-01 10:23:02.811390363,PAT1001,78.4,98.0,129.3,37.11
2026-10-01 10:23:33.054870360,PAT1001,,,130.1,37.33
2026-10-01 10:23:59.304776272,PAT1001,79.3,97.7,117.0,
2026-10-01 10:24:24.166088282,PAT1001,84.8,,131.9,37.1
2026-10-01 10:24:48.356994036,PAT1001,78.3,97.8,128.0,37.26
2026-10-01 10:25:25.304153475,PAT1001,82.2,97.3,127.9,37.03
2026-10-01 10:26:07.852698902,PAT1001,79.9,96.2,126.6,37.2
2026-10-01 10:26:24.079111162,PAT1001,82.9,,129.2,37.23
2026-10-01 10:26:54.345704013,PAT1001,83.2,96.5,124.5,37.29
2026-10-01 10:27:28.547410715,PAT1001,80.7,97.4,128.5,37.18
2026-10-01 10:27:47.229158372,PAT1001,72.6,95.4,124.3,37.08
2026-10-01 10:28:12.184132227,PAT1001,84.1,97.3,124.9,37.09
2026-10-01 10:28:33.720807921,PAT1001,81.6,96.8,129.5,37.46
2026-10-01 10:28:52.817110569,PAT1001,84.5,97.1,,37.2
2026-10-01 10:29:28.707846885,PAT1001,85.3,97.5,122.3,37.17
2026-10-01 10:29:52.960369736,PAT1001,78.7,97.7,,37.18
2026-10-01 10:30:10.290945900,PAT1001,79.9,96.1,127.6,37.09
2026-10-01 10:30:41.068964346,PAT1001,76.4,97.5,127.2,37.25
2026-10-01 10:31:10.708718120,PAT1001,82.8,,127.7,
2026-10-01 10:31:36.560727398,PAT1001,84.1,96.9,133.5,37.18
2026-10-01 10:31:54.269406917,PAT1001,77.9,97.2,127.1,37.06
2026-10-01 10:32:24.994563582,PAT1001,,97.6,130.2,37.18
2026-10-01 10:32:41.856475880,PAT1001,77.6,,118.5,37.23
2026-10-01 10:33:03.470974920,PAT1001,80.5,97.2,134.4,37.08
2026-10-01 10:33:43.863870043,PAT1001,82.3,97.5,127.5,37.34
2026-10-01 10:34:17.277386861,PAT1001,85.0,96.2,,37.28
2026-10-01 10:34:37.383756569,PAT1001,82.0,96.6,122.8,37.21
2026-10-01 10:35:03.412157897,PAT1001,78.8,97.9,126.0,37.24
2026-10-01 10:35:30.235430890,PAT1001,79.7,97.8,134.0,37.2
2026-10-01 10:35:47.901124464,PAT1001,77.3,97.9,128.4,37.14
2026-10-01 10:36:27.845348579,PAT1001,80.0,97.8,123.4,37.31
2026-10-01 10:37:04.385477074,PAT1001,81.6,,118.4,37.11
2026-10-01 10:37:48.467383729,PAT1001,84.1,97.7,124.7,37.11
2026-10-01 10:38:19.006996577,PAT1001,80.3,95.7,116.8,37.35
2026-10-01 10:39:02.997573440,PAT1001,79.0,97.9,134.0,37.41
2026-10-01 10:39:27.024334027,PAT1001,82.6,97.7,134.4,37.23
2026-10-01 10:39:58.570230606,PAT1001,76.1,97.9,121.4,37.32
2026-10-01 10:40:37.526448144,PAT1001,,97.9,125.3,37.37
2026-10-01 10:41:21.796297175,PAT1001,79.5,97.6,121.3,37.31
2026-10-01 10:41:58.395184184,PAT1001,85.0,97.7,126.2,37.15
2026-10-01 10:42:32.371029623,PAT1001,,97.4,124.0,37.31
2026-10-01 10:43:08.238311239,PAT1001,85.0,96.4,127.0,37.2
2026-10-01 10:43:29.412980849,PAT1001,84.2,97.4,134.2,37.29
2026-10-01 10:43:54.976962607,PAT1001,78.1,98.0,121.7,37.09
2026-10-01 10:44:36.900749358,PAT1001,,97.2,122.7,
2026-10-01 10:45:09.107952017,PAT1001,79.1,97.8,133.4,37.31
2026-10-01 10:45:28.608329730,PAT1001,82.2,,127.8,37.13
2026-10-01 10:46:02.359979512,PAT1001,81.5,96.4,,37.19
2026-10-01 10:46:35.549377333,PAT1001,79.6,97.8,130.1,37.05
2026-10-01 10:47:04.372144570,PAT1001,76.5,97.8,127.1,37.04
2026-10-01 10:47:29.108837084,PAT1001,78.6,97.5,131.1,37.4
2026-10-01 10:47:57.211164728,PAT1001,79.8,97.9,122.7,37.29
2026-10-01 10:48:39.512440887,PAT1001,81.8,97.9,122.5,37.28
2026-10-01 10:48:59.806013875,PAT1001,90.2,97.8,126.2,37.27
2026-10-01 10:49:38.462652489,PAT1001,80.3,97.3,124.9,37.38
2026-10-01 10:49:56.043813376,PAT1001,77.4,97.8,134.7,37.14
2026-10-01 10:50:36.529015877,PAT1001,75.8,97.1,129.0,37.16
2026-10-01 10:51:09.843316059,PAT1001,81.0,97.0,128.6,37.17
2026-10-01 10:51:43.536226414,PAT1001,79.3,97.9,129.2,37.13
2026-10-01 10:52:09.077667218,PAT1001,82.1,97.3,132.0,
2026-10-01 10:52:43.508286080,PAT1001,90.8,97.9,130.9,37.18
2026-10-01 10:53:06.674251400,PAT1001,79.3,96.6,124.3,37.17
2026-10-01 10:53:30.387639927,PAT1001,86.2,96.7,120.2,37.29
2026-10-01 10:54:01.574774460,PAT1001,76.6,97.5,,37.19
2026-10-01 10:54:21.512757784,PAT1001,79.7,95.1,127.3,
2026-10-01 10:54:41.331103743,PAT1001,79.6,97.7,137.8,37.4
2026-10-01 10:55:05.795204986,PAT1001,76.2,97.1,128.1,37.24
2026-10-01 10:55:42.926654908,PAT1001,83.1,98.0,120.1,37.14
2026-10-01 10:56:02.476857651,PAT1001,84.5,97.4,126.6,37.3
2026-10-01 10:56:24.865197470,PAT1001,86.5,98.0,119.7,37.42
2026-10-01 10:56:59.827345122,PAT1001,82.1,96.9,128.2,37.33
2026-10-01 10:57:37.915093200,PAT1001,82.4,96.6,115.5,37.37
2026-10-01 10:58:13.855218051,PAT1001,88.2,97.6,125.6,37.42
2026-10-01 10:58:57.729892267,PAT1001,83.1,97.5,,37.25
2026-10-01 10:59:15.389608840,PAT1001,82.5,97.7,128.7,37.18
2026-10-01 10:59:51.254193845,PAT1001,84.0,98.0,129.9,37.42
2026-10-01 11:00:26.803403691,PAT1001,81.6,96.9,121.9,37.28
2026-10-01 11:01:03.064618630,PAT1001,78.5,96.7,,37.18
2026-10-01 11:01:40.564346639,PAT1001,76.5,98.0,124.4,37.33
2026-10-01 11:02:23.011341997,PAT1001,85.5,94.4,128.1,37.26
2026-10-01 11:02:45.972731826,PAT1001,78.9,97.7,124.1,37.28
2026-10-01 11:03:24.676504229,PAT1001,85.1,97.2,118.3,37.3
2026-10-01 11:04:02.087055973,PAT1001,80.3,,133.4,37.11
2026-10-01 11:04:43.479164321,PAT1001,79.7,96.4,127.9,37.2
2026-10-01 11:05:00.233936339,PAT1001,84.7,97.9,126.1,37.35
2026-10-01 11:05:16.302678147,PAT1001,82.9,97.7,127.1,37.2
2026-10-01 11:05:44.971646820,PAT1001,80.2,97.6,129.9,37.25
2026-10-01 11:06:05.209704199,PAT1001,83.3,97.9,125.4,37.3
2026-10-01 11:06:46.823146138,PAT1001,74.8,,133.8,37.3
2026-10-01 11:07:29.104169327,PAT1001,88.1,97.8,126.0,37.38
2026-10-01 11:07:49.302345031,PAT1001,77.5,96.7,129.8,37.19
2026-10-01 11:08:20.448390317,PAT1001,79.0,96.6,123.8,37.38
2026-10-01 11:08:39.154233915,PAT1001,81.3,98.0,130.0,
2026-10-01 11:09:06.608944041,PAT1001,,97.9,136.8,37.31
2026-10-01 11:09:36.262358204,PAT1001,89.1,97.4,127.1,37.39
2026-10-01 11:10:06.194305263,PAT1001,76.8,96.1,132.9,
2026-10-01 11:10:47.469919169,PAT1001,82.8,97.7,127.5,37.39
2026-10-01 11:11:20.738252371,PAT1001,80.5,97.6,132.2,37.34
2026-10-01 11:11:58.990800905,PAT1001,78.4,97.9,132.3,37.27
2026-10-01 11:12:40.125112134,PAT1001,82.6,97.3,132.2,37.29
2026-10-01 11:13:18.514431072,PAT1001,80.8,97.9,126.3,37.19
2026-10-01 11:13:44.054174994,PAT1001,89.4,97.6,125.1,37.19
2026-10-01 11:14:12.868070621,PAT1001,86.2,97.6,119.5,37.45
2026-10-01 11:14:54.946817311,PAT1001,,97.7,126.3,37.22
2026-10-01 11:15:38.042479690,PAT1001,77.1,95.7,133.6,37.44
2026-10-01 11:16:20.189166305,PAT1001,82.7,98.0,126.7,
2026-10-01 11:16:40.133385839,PAT1001,76.7,97.4,127.2,37.34
2026-10-01 11:17:07.690361214,PAT1001,82.7,97.3,128.5,37.42
2026-10-01 11:17:32.782473649,PAT1001,78.6,97.9,134.3,37.23
2026-10-01 11:17:53.417476075,PAT1001,86.8,97.9,136.4,37.21
2026-10-01 11:18:11.099978034,PAT1001,84.8,95.7,132.3,37.39
2026-10-01 11:18:31.255310690,PAT1001,85.0,97.2,122.1,37.18
2026-10-01 11:18:56.896252175,PAT1001,,96.9,133.5,37.29
2026-10-01 11:19:30.356599556,PAT1001,87.0,97.8,136.9,37.34
2026-10-01 11:19:57.001352275,PAT1001,87.8,97.5,129.6,37.28
2026-10-01 11:20:35.096675998,PAT1001,,97.7,126.8,37.19
2026-10-01 11:21:09.599567098,PAT1001,75.7,97.4,,37.33
2026-10-01 11:21:33.959797487,PAT1001,76.6,97.9,127.7,37.43
2026-10-01 11:21:52.297768967,PAT1001,80.3,97.8,120.0,37.48
2026-10-01 11:22:20.572004573,PAT1001,80.4,96.4,130.3,37.29
2026-10-01 11:23:03.335698974,PAT1001,77.8,96.2,,37.21
2026-10-01 11:23:32.165581683,PAT1001,86.1,96.0,,37.31
2026-10-01 11:23:51.679361276,PAT1001,80.4,97.8,123.9,37.36
2026-10-01 11:24:33.970314513,PAT1001,82.7,96.9,130.7,37.37
2026-10-01 11:24:56.868363107,PAT1001,79.9,97.1,131.0,37.39
2026-10-01 11:25:13.424389403,PAT1001,82.9,97.3,134.7,37.34
2026-10-01 11:25:34.805874304,PAT1001,84.1,,132.0,37.42
2026-10-01 11:26:16.242419220,PAT1001,77.1,97.7,134.6,37.32
2026-10-01 11:26:45.510844703,PAT1001,85.4,97.2,130.6,37.17
2026-10-01 11:27:22.631836929,PAT1001,81.5,97.7,125.5,37.29
2026-10-01 11:27:37.780659259,PAT1001,86.8,97.7,128.7,37.48
2026-10-01 11:28:21.043674074,PAT1001,,96.5,123.2,
2026-10-01 11:29:00.811467332,PAT1001,85.8,97.3,137.3,37.64
2026-10-01 11:29:18.015079167,PAT1001,85.2,97.9,131.2,37.25
2026-10-01 11:29:33.888799032,PAT1001,79.9,97.6,137.8,37.15
2026-10-01 11:29:56.189786094,PAT1001,83.2,98.0,129.1,
2026-10-01 11:30:16.245833313,PAT1001,82.5,97.4,123.9,37.34
2026-10-01 11:30:35.010177213,PAT1001,88.9,97.2,130.8,37.48
2026-10-01 11:31:15.045049313,PAT1001,80.5,96.5,127.5,37.29
2026-10-01 11:31:54.770610636,PAT1001,86.4,97.9,129.4,37.17
2026-10-01 11:32:25.488376184,PAT1001,79.7,97.8,125.1,37.43
2026-10-01 11:32:55.237554713,PAT1001,84.7,97.8,135.1,37.36
2026-10-01 11:33:33.340161180,PAT1001,77.7,96.5,141.6,
2026-10-01 11:33:50.505918580,PAT1001,86.7,97.3,,
2026-10-01 11:34:08.067243940,PAT1001,87.7,98.0,124.1,37.22
2026-10-01 11:34:37.236235085,PAT1001,86.0,97.2,129.8,37.35
2026-10-01 11:35:04.758520649,PAT1001,79.1,,126.2,37.46
2026-10-01 11:35:34.750392157,PAT1001,87.6,97.3,127.0,37.25
2026-10-01 11:36:04.757678183,PAT1001,81.5,,,37.26
2026-10-01 11:36:42.261794443,PAT1001,85.5,96.7,,37.32
2026-10-01 11:37:12.092729739,PAT1001,85.0,97.5,123.3,37.32
2026-10-01 11:37:49.056109450,PAT1001,85.8,96.3,135.0,37.23
2026-10-01 11:38:09.212346737,PAT1001,79.7,,131.3,37.37
2026-10-01 11:38:41.468678017,PAT1001,79.3,97.2,122.6,37.25
2026-10-01 11:39:04.900891297,PAT1001,84.5,97.4,135.1,37.28
2026-10-01 11:39:37.423907391,PAT1001,,97.5,135.7,37.28
2026-10-01 11:40:21.187193976,PAT1001,83.9,97.0,124.7,37.29
2026-10-01 11:40:54.173511104,PAT1001,80.3,98.0,126.9,37.35
2026-10-01 11:41:19.810494943,PAT1001,86.0,98.0,122.5,37.36
2026-10-01 11:41:56.595347147,PAT1001,76.7,97.6,131.2,37.47
2026-10-01 11:42:37.996418503,PAT1001,83.5,97.2,134.4,37.53
2026-10-01 11:42:57.997060463,PAT1001,81.1,97.8,131.2,37.32
2026-10-01 11:43:39.835844782,PAT1001,83.9,97.8,134.7,37.36
2026-10-01 11:43:58.455262320,PAT1001,81.2,97.5,130.3,37.35
2026-10-01 11:44:20.234807881,PAT1001,84.0,97.5,135.6,37.32
2026-10-01 11:44:44.982740796,PAT1001,81.6,97.4,124.5,37.28
2026-10-01 11:45:19.964075347,PAT1001,86.8,97.6,132.6,37.5
2026-10-01 11:45:38.323636289,PAT1001,80.6,96.7,122.5,
2026-10-01 11:46:12.180539801,PAT1001,87.3,97.5,128.9,37.38
2026-10-01 11:46:48.777198519,PAT1001,83.5,97.8,122.4,37.34
2026-10-01 11:47:11.291892896,PAT1001,85.7,97.4,129.9,37.22
2026-10-01 11:47:52.032102137,PAT1001,85.7,97.6,131.1,37.44
2026-10-01 11:48:34.344967517,PAT1001,84.2,97.5,123.6,37.44
2026-10-01 11:49:08.479043359,PAT1001,78.6,97.8,124.6,37.45
2026-10-01 11:49:24.885933527,PAT1001,90.9,97.6,129.5,37.35
2026-10-01 11:50:03.513863951,PAT1001,85.9,96.7,,37.33
2026-10-01 11:50:34.807654535,PAT1001,87.3,96.9,133.9,37.58
2026-10-01 11:51:15.457961616,PAT1001,84.8,98.0,130.4,37.29
2026-10-01 11:51:41.634173665,PAT1001,89.1,97.8,132.8,37.35
2026-10-01 11:51:56.799333513,PAT1001,79.5,97.7,136.2,37.26
2026-10-01 11:52:32.195293702,PAT1001,82.3,97.1,134.4,37.24
2026-10-01 11:52:54.308392205,PAT1001,79.0,97.8,126.8,37.28
2026-10-01 11:53:34.924367226,PAT1001,82.9,97.5,125.7,37.48
2026-10-01 11:54:07.297521091,PAT1001,82.0,96.1,124.8,37.38
2026-10-01 11:54:42.306172548,PAT1001,79.5,97.8,129.3,37.37
2026-10-01 11:55:03.279910193,PAT1001,82.8,,126.3,37.28
2026-10-01 11:55:47.606569847,PAT1001,77.6,96.1,123.4,37.36
2026-10-01 11:56:15.314827548,PAT1001,,97.5,135.8,37.33
2026-10-01 11:56:55.426683296,PAT1001,87.8,96.9,133.5,37.36
2026-10-01 11:57:14.143810124,PAT1001,85.9,97.6,138.4,
2026-10-01 11:57:40.679702238,PAT1001,80.4,97.9,133.5,37.47
2026-10-01 11:58:08.381729116,PAT1001,80.1,96.8,134.1,37.34
2026-10-01 11:58:50.991050161,PAT1001,84.9,96.0,128.0,37.33
2026-10-01 11:59:22.934178594,PAT1001,78.6,,134.5,37.21
2026-10-01 11:59:49.419454371,PAT1001,,97.4,133.3,37.2
2026-10-01 12:00:06.461125472,PAT1001,84.6,97.8,115.4,37.47
2026-10-01 12:00:26.838916847,PAT1001,79.0,97.5,131.5,37.26
2026-10-01 12:00:55.660962670,PAT1001,82.7,97.9,144.2,37.43
2026-10-01 12:01:34.657673284,PAT1001,76.3,97.3,122.9,37.61
2026-10-01 12:02:12.724552921,PAT1001,79.2,98.0,133.8,37.31
2026-10-01 12:02:39.831701067,PAT1001,78.6,97.7,130.9,37.43
2026-10-01 12:03:12.716251824,PAT1001,83.7,,121.2,
2026-10-01 12:03:49.908805436,PAT1001,78.7,97.9,134.3,
2026-10-01 12:04:15.310244477,PAT1001,82.4,,131.1,37.43
2026-10-01 12:04:38.977678952,PAT1001,85.1,97.7,123.1,37.28
2026-10-01 12:05:20.185168874,PAT1001,91.8,97.2,132.8,37.34
2026-10-01 12:05:45.177024422,PAT1001,89.1,97.6,130.7,37.39
2026-10-01 12:06:16.718988129,PAT1001,82.2,97.3,136.4,37.33
2026-10-01 12:06:38.378012355,PAT1001,78.6,95.9,,37.36
2026-10-01 12:07:07.286514822,PAT1001,81.9,96.9,128.3,37.3
2026-10-01 12:07:29.841505390,PAT1001,83.0,97.9,137.6,37.46
2026-10-01 12:08:03.083796121,PAT1001,93.7,97.8,127.9,37.45
2026-10-01 12:08:29.341097492,PAT1001,87.3,96.6,127.9,37.49
2026-10-01 12:08:48.146905829,PAT1001,84.0,96.9,137.2,37.55
2026-10-01 12:09:20.605085533,PAT1001,86.1,97.1,124.9,37.38
2026-10-01 12:09:54.254641268,PAT1001,83.5,97.9,132.9,37.44
2026-10-01 12:10:35.020587472,PAT1001,81.2,97.9,133.1,37.54
2026-10-01 12:11:13.008360677,PAT1001,88.4,98.0,143.3,37.41
2026-10-01 12:11:39.647260345,PAT1001,85.7,97.9,125.2,37.36
2026-10-01 12:12:22.259467079,PAT1001,80.7,97.5,126.3,37.37
2026-10-01 12:13:03.784311533,PAT1001,83.0,97.8,127.1,37.52
2026-10-01 12:13:39.355910567,PAT1001,83.5,95.7,125.2,37.43
2026-10-01 12:14:21.030358373,PAT1001,82.1,98.0,131.2,37.38
2026-10-01 12:15:03.487839184,PAT1001,86.4,,124.5,37.54
2026-10-01 12:15:34.562522859,PAT1001,86.1,97.2,127.2,37.5
2026-10-01 12:16:04.166625976,PAT1001,78.8,97.4,122.2,37.58
2026-10-01 12:16:43.870464158,PAT1001,83.7,97.3,126.3,37.49
2026-10-01 12:17:02.789323042,PAT1001,,96.0,134.8,37.38
2026-10-01 12:17:23.494501623,PAT1001,85.8,97.9,126.4,37.33
2026-10-01 12:17:52.848897150,PAT1001,90.6,96.2,133.3,
2026-10-01 12:18:17.200494180,PAT1001,90.3,97.9,131.1,37.43
2026-10-01 12:18:34.534631308,PAT1001,88.0,97.6,137.1,37.44
2026-10-01 12:18:50.709027849,PAT1001,81.2,97.6,133.5,37.32
2026-10-01 12:19:09.753321399,PAT1001,79.9,95.7,128.9,37.43
2026-10-01 12:19:53.051229386,PAT1001,82.3,97.0,130.2,37.28
2026-10-01 12:20:13.817329855,PAT1001,80.9,,133.5,37.33
2026-10-01 12:20:45.209998814,PAT1001,80.4,,127.9,37.32
2026-10-01 12:21:23.116042466,PAT1001,90.3,98.0,125.2,37.4
2026-10-01 12:21:48.997891559,PAT1001,81.8,97.9,,37.3
2026-10-01 12:22:16.186591624,PAT1001,79.0,97.6,,37.32
2026-10-01 12:22:43.013124087,PAT1001,83.3,97.9,131.0,37.36
2026-10-01 12:23:22.739495486,PAT1001,81.6,,135.3,
2026-10-01 12:23:42.919266428,PAT1001,84.0,97.4,136.1,37.53
2026-10-01 12:24:05.344622610,PAT1001,80.5,98.0,132.0,37.35
2026-10-01 12:24:28.161277668,PAT1001,84.9,97.9,130.8,37.43
2026-10-01 12:25:03.775778046,PAT1001,86.5,97.0,128.3,37.27
2026-10-01 12:25:27.349687726,PAT1001,78.7,96.6,135.3,37.35
2026-10-01 12:26:11.703565167,PAT1001,87.9,97.8,131.2,37.59
2026-10-01 12:26:48.427235743,PAT1001,85.1,97.6,128.5,37.36
2026-10-01 12:27:19.423228609,PAT1001,84.4,97.6,132.2,37.44
2026-10-01 12:27:54.362310761,PAT1001,,97.2,,37.55
2026-10-01 12:28:39.130183059,PAT1001,87.3,96.7,135.0,37.38
2026-10-01 12:29:03.741805980,PAT1001,89.4,97.9,128.7,37.56
2026-10-01 12:29:29.688424219,PAT1001,82.4,97.6,136.1,
2026-10-01 12:30:02.970008979,PAT1001,73.6,97.4,131.6,37.25
2026-10-01 12:30:24.826146900,PAT1001,85.4,96.9,125.4,37.47
2026-10-01 12:30:59.104576183,PAT1001,83.8,97.7,,
2026-10-01 12:31:36.277524438,PAT1001,81.5,96.5,132.7,37.34
2026-10-01 12:31:58.344263993,PAT1001,82.0,98.0,125.3,37.45
2026-10-01 12:32:28.381875207,PAT1001,,96.3,,37.3
2026-10-01 12:32:51.765288492,PAT1001,,97.8,129.3,37.5
2026-10-01 12:33:18.372928078,PAT1001,81.3,,130.3,37.44
2026-10-01 12:33:52.020819226,PAT1001,78.7,95.9,131.3,37.39
2026-10-01 12:34:36.058390665,PAT1001,81.9,97.4,,37.32
2026-10-01 12:35:17.348937707,PAT1001,78.0,97.5,137.5,37.5
2026-10-01 12:35:54.645950395,PAT1001,80.3,97.9,,37.54
2026-10-01 12:36:31.817334791,PAT1001,91.4,97.0,130.4,37.51
2026-10-01 12:37:06.100034342,PAT1001,83.4,97.5,124.1,
2026-10-01 12:37:48.568773558,PAT1001,83.6,97.7,127.9,37.53
2026-10-01 12:38:04.797106984,PAT1001,76.1,97.6,,
2026-10-01 12:38:33.913241937,PAT1001,87.4,97.7,131.5,37.36
2026-10-01 12:39:04.112566610,PAT1001,84.2,96.4,122.2,37.37
2026-10-01 12:39:39.456980863,PAT1001,80.8,97.8,130.7,37.23
2026-10-01 12:39:55.363332007,PAT1001,81.7,,129.4,37.47
2026-10-01 12:40:18.015631298,PAT1001,82.9,,129.4,37.37
2026-10-01 12:40:43.532816421,PAT1001,84.0,97.7,129.7,37.38
2026-10-01 12:40:59.898020181,PAT1001,81.4,98.0,,37.4
2026-10-01 12:41:16.662311967,PAT1001,84.6,97.9,135.5,37.39
2026-10-01 12:41:50.181713748,PAT1001,,97.3,125.6,37.47
2026-10-01 12:42:26.776271903,PAT1001,88.5,97.9,129.7,37.48
2026-10-01 12:42:53.673975255,PAT1001,84.8,96.1,132.1,37.38
2026-10-01 12:43:12.218045542,PAT1001,85.8,97.8,131.9,37.35
2026-10-01 12:43:28.593362344,PAT1001,82.7,97.1,137.6,37.31
2026-10-01 12:43:46.259591706,PAT1001,86.8,96.5,134.7,37.51
2026-10-01 12:44:28.918958876,PAT1001,83.1,97.7,123.8,37.32
2026-10-01 12:45:06.626315687,PAT1001,82.5,95.0,137.5,37.5
2026-10-01 12:45:50.029330032,PAT1001,81.0,97.7,130.5,37.49
2026-10-01 12:46:12.049344662,PAT1001,85.5,97.1,130.9,37.39
2026-10-01 12:46:43.438305045,PAT1001,84.9,97.7,131.8,37.41
2026-10-01 12:47:09.346827408,PAT1001,85.2,97.7,130.0,37.4
2026-10-01 12:47:35.084164959,PAT1001,82.7,97.8,,37.39
2026-10-01 12:48:07.992217893,PAT1001,76.3,,124.0,37.33
2026-10-01 12:48:41.829607695,PAT1001,84.7,,132.8,37.54
2026-10-01 12:48:58.542215083,PAT1001,83.4,97.8,129.9,37.49
2026-10-01 12:49:30.327104050,PAT1001,81.3,97.9,121.9,37.58
2026-10-01 12:49:58.185083911,PAT1001,81.5,96.6,124.9,37.42
2026-10-01 12:50:23.769390940,PAT1001,84.9,97.8,132.6,37.56
2026-10-01 12:50:57.062838722,PAT1001,83.9,,,37.49
2026-10-01 12:51:39.376639076,PAT1001,76.3,97.7,131.7,37.31
2026-10-01 12:52:14.693229270,PAT1001,81.7,95.6,124.5,37.39
2026-10-01 12:52:36.543044097,PAT1001,82.1,97.3,128.8,37.25
2026-10-01 12:52:55.820776157,PAT1001,82.5,97.7,133.2,37.4
2026-10-01 12:53:29.529500516,PAT1001,85.9,,123.9,37.48
2026-10-01 12:53:45.001306874,PAT1001,79.1,96.4,125.7,37.45
2026-10-01 12:54:09.653141639,PAT1001,86.6,97.9,128.3,37.61
2026-10-01 12:54:35.932611174,PAT1001,84.7,97.6,127.6,37.54
2026-10-01 12:55:08.662848526,PAT1001,82.4,97.9,133.1,
2026-10-01 12:55:31.390041592,PAT1001,85.3,96.9,137.4,37.49
2026-10-01 12:55:47.553846405,PAT1001,79.8,94.2,128.5,37.52
2026-10-01 12:56:14.451983071,PAT1001,82.3,97.3,132.6,37.39
2026-10-01 12:56:49.077442011,PAT1001,85.1,97.3,,
2026-10-01 12:57:05.618890168,PAT1001,85.6,,124.7,37.35
2026-10-01 12:57:36.752796211,PAT1001,85.8,97.3,139.2,37.47
2026-10-01 12:57:58.590883714,PAT1001,84.4,97.4,137.5,37.49
2026-10-01 12:58:22.852209703,PAT1001,,97.5,,
2026-10-01 12:58:49.404839111,PAT1001,88.3,97.9,133.1,37.48
2026-10-01 12:59:07.523515776,PAT1001,81.6,96.5,,37.39
2026-10-01 12:59:27.156116718,PAT1001,77.9,97.2,136.0,37.44
2026-10-01 12:59:49.857319894,PAT1001,89.3,97.6,126.9,37.4
2026-10-01 13:00:32.894531427,PAT1001,86.4,97.7,133.1,37.55
2026-10-01 13:01:04.407613954,PAT1001,81.4,97.9,126.9,37.49
2026-10-01 13:01:41.093170611,PAT1001,84.5,97.8,135.5,37.46
2026-10-01 13:02:17.149162053,PAT1001,86.3,97.1,124.6,37.45
2026-10-01 13:02:39.740782913,PAT1001,77.4,97.8,132.4,37.54
2026-10-01 13:03:21.945621217,PAT1001,80.1,97.7,126.3,37.54
2026-10-01 13:03:49.185309159,PAT1001,90.8,97.8,,37.37
2026-10-01 13:04:25.588778869,PAT1001,86.5,97.9,128.9,37.48
2026-10-01 13:04:52.935733185,PAT1001,83.3,,129.9,37.64
2026-10-01 13:05:34.052538421,PAT1001,80.0,95.9,125.0,37.55
2026-10-01 13:06:05.366418645,PAT1001,80.0,98.0,129.0,37.38
2026-10-01 13:06:38.530262240,PAT1001,84.8,98.0,122.8,37.5
2026-10-01 13:07:05.283382355,PAT1001,83.2,97.2,136.2,37.73
2026-10-01 13:07:38.812996025,PAT1001,87.6,97.9,125.2,37.5
2026-10-01 13:08:02.043177795,PAT1001,90.0,97.8,121.2,
2026-10-01 13:08:23.179138024,PAT1001,82.0,97.9,130.3,37.44
2026-10-01 13:08:39.327176241,PAT1001,87.9,97.8,127.7,37.55
2026-10-01 13:09:10.932876081,PAT1001,84.1,96.4,127.7,37.69
2026-10-01 13:09:37.613709781,PAT1001,89.4,97.4,131.9,37.31
2026-10-01 13:10:09.344914461,PAT1001,89.9,96.8,128.0,37.5
2026-10-01 13:10:29.318212086,PAT1001,85.9,97.3,135.5,37.58
2026-10-01 13:11:01.938005080,PAT1001,89.0,97.9,128.4,37.54
2026-10-01 13:11:37.884156669,PAT1001,87.5,97.1,138.6,37.27
2026-10-01 13:11:55.804729539,PAT1001,84.8,97.7,137.6,37.49
2026-10-01 13:12:40.759121422,PAT1001,83.6,97.5,134.9,37.43
2026-10-01 13:12:55.782155457,PAT1001,82.2,95.4,,37.36
2026-10-01 13:13:30.895059897,PAT1001,80.1,97.6,128.6,37.5
2026-10-01 13:13:59.469752959,PAT1001,88.3,97.2,136.3,37.34
2026-10-01 13:14:30.568659094,PAT1001,89.8,97.8,118.3,37.38
2026-10-01 13:15:07.259599667,PAT1001,84.8,97.9,,37.47
2026-10-01 13:15:36.427337978,PAT1001,89.7,97.5,129.4,37.48
2026-10-01 13:16:10.839520792,PAT1001,83.4,97.8,140.3,37.56
2026-10-01 13:16:27.151925283,PAT1001,86.6,97.9,128.1,37.45
2026-10-01 13:16:51.706363772,PAT1001,85.4,96.9,147.7,37.54
2026-10-01 13:17:16.058911893,PAT1001,89.4,98.0,136.3,37.43
2026-10-01 13:17:41.499498968,PAT1001,87.6,97.2,134.6,37.43
2026-10-01 13:18:08.695418083,PAT1001,87.1,97.7,133.3,37.52
2026-10-01 13:18:39.073218882,PAT1001,81.8,97.3,133.3,37.39
2026-10-01 13:18:56.507437735,PAT1001,90.9,98.0,129.1,37.53
2026-10-01 13:19:27.267603675,PAT1001,89.5,93.5,129.5,37.35
2026-10-01 13:19:57.535706522,PAT1001,86.7,97.2,129.0,37.48
2026-10-01 13:20:39.668706628,PAT1001,84.9,96.5,,37.37
2026-10-01 13:21:16.862241921,PAT1001,81.7,97.4,131.6,37.49
2026-10-01 13:21:33.772278409,PAT1001,85.3,97.9,131.4,37.35
2026-10-01 13:21:51.894193743,PAT1001,82.3,97.6,128.4,37.5
2026-10-01 13:22:35.291731819,PAT1001,88.7,97.8,139.9,37.52
2026-10-01 13:23:16.897530243,PAT1001,89.2,97.8,124.6,37.5
2026-10-01 13:23:58.951694098,PAT1001,88.8,97.7,132.1,37.39
2026-10-01 13:24:33.832605718,PAT1001,86.1,97.7,125.2,
2026-10-01 13:24:56.634589515,PAT1001,83.9,97.6,135.7,37.55
2026-10-01 13:25:36.314697291,PAT1001,84.1,97.6,126.5,37.54
2026-10-01 13:26:20.162682347,PAT1001,85.1,,131.6,37.55
2026-10-01 13:26:52.470913528,PAT1001,84.9,,126.0,37.48
2026-10-01 13:27:16.603566671,PAT1001,,97.1,,37.61
2026-10-01 13:27:49.903840555,PAT1001,91.0,97.6,131.9,37.41
2026-10-01 13:28:25.173097295,PAT1001,80.5,97.4,126.2,37.55
2026-10-01 13:29:03.848496632,PAT1001,89.7,,134.4,37.49
2026-10-01 13:29:30.759617332,PAT1001,88.4,97.5,129.7,37.5
2026-10-01 13:29:46.521589428,PAT1001,84.3,97.8,122.8,37.5
2026-10-01 13:30:27.492379736,PAT1001,85.9,97.5,,
2026-10-01 13:31:10.430762598,PAT1001,86.9,97.9,139.9,37.6
2026-10-01 13:31:48.918513588,PAT1001,85.3,97.2,131.4,37.43
2026-10-01 13:32:04.110506820,PAT1001,87.5,97.6,134.0,37.47
2026-10-01 13:32:28.384176654,PAT1001,,97.1,133.1,37.51
2026-10-01 13:32:55.003770353,PAT1001,85.7,97.4,126.8,37.37
2026-10-01 13:33:32.013800201,PAT1001,80.7,97.9,125.7,37.39
2026-10-01 13:34:04.797613069,PAT1001,81.3,95.0,132.7,37.49
2026-10-01 13:34:47.241369714,PAT1001,,97.2,125.9,37.6
2026-10-01 13:35:22.439764545,PAT1001,83.6,97.7,135.1,37.62
2026-10-01 13:35:56.928818352,PAT1001,82.2,97.8,131.6,37.44
2026-10-01 13:36:41.845192624,PAT1001,92.8,97.7,132.6,37.51
2026-10-01 13:37:09.626643456,PAT1001,85.1,97.8,128.0,37.31
2026-10-01 13:37:41.063190027,PAT1001,81.5,98.0,132.2,37.5
2026-10-01 13:38:02.139250822,PAT1001,85.8,97.8,132.5,37.44
2026-10-01 13:38:42.539863081,PAT1001,79.9,96.5,124.7,37.39
2026-10-01 13:39:17.178001018,PAT1001,86.1,,134.8,37.48
2026-10-01 13:39:45.840515921,PAT1001,84.3,97.8,128.4,37.59
2026-10-01 13:40:27.824703283,PAT1001,86.1,,128.3,37.5
2026-10-01 13:41:05.487702254,PAT1001,92.3,97.6,138.4,37.6
2026-10-01 13:41:37.395838542,PAT1001,85.7,97.1,,37.57
2026-10-01 13:42:10.531861711,PAT1001,86.3,97.9,134.6,37.57
2026-10-01 13:42:35.928512270,PAT1001,81.3,97.5,128.2,37.28
2026-10-01 13:43:04.718633783,PAT1001,81.6,96.9,135.2,37.53
2026-10-01 13:43:45.186606482,PAT1001,80.4,97.6,130.1,37.37
2026-10-01 13:44:22.797312240,PAT1001,,96.2,133.6,37.54
2026-10-01 13:44:47.624008857,PAT1001,82.3,97.1,129.0,37.41
2026-10-01 13:45:13.672110993,PAT1001,84.5,96.9,124.5,37.57
2026-10-01 13:45:29.222798950,PAT1001,86.7,97.5,130.6,37.32
2026-10-01 13:45:55.801396299,PAT1001,87.8,97.8,137.8,37.66
2026-10-01 13:46:29.668441753,PAT1001,85.0,97.5,130.8,
2026-10-01 13:47:13.423980417,PAT1001,78.0,97.9,131.2,37.48
2026-10-01 13:47:47.362401425,PAT1001,84.3,97.9,135.5,37.44
2026-10-01 13:48:28.517755361,PAT1001,82.3,,133.5,37.49
2026-10-01 13:49:03.825324920,PAT1001,89.6,97.2,,37.47
2026-10-01 13:49:33.467821587,PAT1001,85.3,96.9,141.4,37.37
2026-10-01 13:50:18.390111490,PAT1001,,97.1,136.2,37.5
2026-10-01 13:50:39.746126408,PAT1001,88.9,97.9,131.4,37.45
2026-10-01 13:51:12.767493622,PAT1001,81.9,97.5,132.4,37.41
2026-10-01 13:51:37.628108577,PAT1001,82.4,97.7,134.1,37.5
2026-10-01 13:52:06.255411795,PAT1001,85.7,97.6,131.7,37.65
2026-10-01 13:52:26.329784514,PAT1001,84.8,97.4,126.5,37.52
2026-10-01 13:52:46.538725047,PAT1001,88.2,97.7,130.6,37.51
2026-10-01 13:53:17.681569807,PAT1001,85.4,,137.9,37.51
2026-10-01 13:54:01.311368583,PAT1001,86.6,97.1,133.9,37.52
2026-10-01 13:54:45.223794445,PAT1001,84.8,97.8,136.2,37.31
2026-10-01 13:55:17.983308865,PAT1001,76.8,96.8,138.5,
2026-10-01 13:56:01.453554465,PAT1001,84.9,96.4,128.6,37.64
2026-10-01 13:56:31.759356945,PAT1001,82.6,97.2,129.8,37.48
2026-10-01 13:56:55.117616697,PAT1001,88.2,,141.1,37.57
2026-10-01 13:57:15.523953765,PAT1001,83.3,97.9,137.0,37.45
2026-10-01 13:57:59.851002081,PAT1001,,98.0,133.5,37.37
2026-10-01 13:58:21.609760864,PAT1001,88.1,97.5,136.5,37.46
2026-10-01 13:58:54.866327875,PAT1001,,,133.3,37.39
2026-10-01 13:59:36.277477265,PAT1001,,97.5,129.1,37.48
2026-10-01 13:59:54.881651931,PAT1001,85.4,97.1,133.2,37.53
2026-10-01 14:00:33.153597237,PAT1001,83.2,97.9,133.4,37.52
2026-10-01 14:01:08.236765037,PAT1001,82.7,97.7,132.6,37.36
2026-10-01 14:01:28.508036168,PAT1001,82.4,97.7,127.6,37.38
2026-10-01 14:01:47.117544862,PAT1001,83.3,97.7,128.9,37.65
2026-10-01 14:02:04.329901425,PAT1001,81.9,97.0,,37.63
2026-10-01 14:02:46.513943943,PAT1001,82.0,,132.2,37.49
2026-10-01 14:03:27.483290583,PAT1001,,97.7,132.6,37.41
2026-10-01 14:04:04.505242891,PAT1001,83.1,97.9,129.7,37.34
2026-10-01 14:04:20.432150510,PAT1001,82.9,97.0,132.2,
2026-10-01 14:05:01.304549842,PAT1001,88.1,96.8,134.2,37.6
2026-10-01 14:05:28.974142126,PAT1001,91.9,97.9,129.7,37.61
2026-10-01 14:06:07.471507062,PAT1001,81.5,97.5,132.4,37.65
2026-10-01 14:06:32.781067074,PAT1001,82.0,96.4,134.7,37.48
2026-10-01 14:07:00.375163682,PAT1001,78.2,97.7,145.7,37.43
2026-10-01 14:07:29.689960647,PAT1001,81.5,97.8,,37.39
2026-10-01 14:07:57.571939682,PAT1001,83.8,97.2,129.9,37.5
2026-10-01 14:08:16.553390159,PAT1001,83.4,97.8,133.7,37.32
2026-10-01 14:08:48.027171620,PAT1001,81.7,96.0,,37.33
2026-10-01 14:09:21.772021642,PAT1001,86.4,96.7,132.5,37.47
2026-10-01 14:09:40.937140772,PAT1001,,97.3,122.3,37.36
2026-10-01 14:09:59.219455750,PAT1001,88.8,97.7,121.6,37.72
2026-10-01 14:10:28.241037332,PAT1001,82.6,97.9,136.1,
2026-10-01 14:11:06.131758876,PAT1001,86.0,96.7,132.9,
2026-10-01 14:11:22.381622938,PAT1001,82.2,97.9,134.4,37.48
2026-10-01 14:11:53.076590849,PAT1001,86.2,97.2,140.0,37.6
2026-10-01 14:12:19.765381573,PAT1001,83.1,,134.1,
2026-10-01 14:12:48.181727248,PAT1001,83.9,97.7,125.9,37.32
2026-10-01 14:13:08.035356339,PAT1001,79.9,,132.8,37.42
2026-10-01 14:13:28.281712204,PAT1001,82.8,96.4,,37.59
2026-10-01 14:13:57.870934571,PAT1001,85.4,97.9,139.0,37.73
2026-10-01 14:14:20.908417848,PAT1001,86.5,96.6,127.4,
2026-10-01 14:14:43.230273892,PAT1001,86.7,97.5,128.9,37.47
2026-10-01 14:15:12.693601588,PAT1001,86.4,97.5,,37.67
2026-10-01 14:15:38.406106750,PAT1001,82.6,97.6,135.3,37.57
2026-10-01 14:16:06.421081037,PAT1001,84.1,98.0,132.3,37.42
2026-10-01 14:16:35.174431602,PAT1001,83.1,97.9,130.1,37.46
2026-10-01 14:17:01.134338379,PAT1001,,97.9,129.0,37.37
2026-10-01 14:17:20.719597430,PAT1001,85.7,97.5,137.6,37.61
2026-10-01 14:17:39.447107064,PAT1001,79.9,98.0,129.7,37.44
2026-10-01 14:18:20.282267570,PAT1001,89.7,97.0,120.5,37.36
2026-10-01 14:18:49.117634367,PAT1001,87.2,97.9,125.7,37.6
2026-10-01 14:19:27.122371297,PAT1001,87.7,96.7,127.9,37.54
2026-10-01 14:19:50.236978038,PAT1001,83.9,97.8,118.8,37.57
2026-10-01 14:20:32.360979955,PAT1001,86.0,97.4,129.3,37.55
2026-10-01 14:20:51.380846081,PAT1001,88.2,96.9,,37.59
2026-10-01 14:21:22.321649289,PAT1001,85.8,97.7,134.0,37.37
2026-10-01 14:21:50.165722305,PAT1001,80.1,97.7,127.4,37.53
2026-10-01 14:22:25.670453039,PAT1001,83.8,97.8,128.6,37.62
2026-10-01 14:22:58.173033244,PAT1001,87.7,97.3,133.8,37.38
2026-10-01 14:23:32.478548800,PAT1001,82.5,97.9,125.9,37.42
2026-10-01 14:24:00.489619535,PAT1001,81.2,97.9,129.9,37.45
2026-10-01 14:24:18.829795999,PAT1001,88.8,97.4,134.4,
2026-10-01 14:24:37.313040414,PAT1001,76.2,97.9,122.3,37.5
2026-10-01 14:25:17.210049621,PAT1001,83.5,97.9,,37.47
2026-10-01 14:25:59.531972303,PAT1001,,97.6,123.8,37.41
2026-10-01 14:26:15.669503759,PAT1001,87.4,97.8,,37.66
2026-10-01 14:26:38.390226659,PAT1001,82.1,96.9,127.1,37.42
2026-10-01 14:26:56.640758761,PAT1001,80.1,97.6,136.8,37.63
2026-10-01 14:27:40.787792125,PAT1001,88.5,97.5,135.3,37.5
2026-10-01 14:28:01.962117957,PAT1001,84.3,97.1,135.4,37.44
2026-10-01 14:28:36.731601573,PAT1001,86.8,97.4,137.3,37.46
2026-10-01 14:29:20.252209886,PAT1001,80.7,97.8,120.3,37.43
2026-10-01 14:29:44.004377190,PAT1001,86.5,,137.0,37.43
2026-10-01 14:29:59.216208092,PAT1001,,97.7,128.9,37.34
2026-10-01 14:30:17.652935978,PAT1001,91.9,97.6,,37.42
2026-10-01 14:30:54.350303189,PAT1001,86.1,97.4,136.3,37.33
2026-10-01 14:31:13.857817205,PAT1001,,97.4,125.8,37.72
2026-10-01 14:31:39.794086278,PAT1001,89.4,97.2,125.2,37.46
2026-10-01 14:32:06.652699852,PAT1001,81.3,97.9,130.3,37.65
2026-10-01 14:32:50.546292771,PAT1001,88.3,98.0,134.5,37.5
2026-10-01 14:33:25.301782776,PAT1001,81.9,97.6,,37.33
2026-10-01 14:34:03.162417949,PAT1001,86.2,97.3,136.0,37.52
2026-10-01 14:34:28.830076975,PAT1001,82.6,97.8,134.1,37.36
2026-10-01 14:35:08.502502230,PAT1001,83.1,97.8,135.5,37.62
2026-10-01 14:35:34.557287637,PAT1001,85.4,,135.4,37.49
2026-10-01 14:36:17.376356576,PAT1001,83.1,97.3,121.4,37.54
2026-10-01 14:36:56.125984393,PAT1001,84.1,97.2,125.7,37.35
2026-10-01 14:37:26.535746932,PAT1001,90.6,96.6,133.6,37.35
2026-10-01 14:37:47.087547224,PAT1001,86.8,97.7,122.7,37.51
2026-10-01 14:38:15.670175877,PAT1001,,97.8,129.6,37.38
2026-10-01 14:38:56.693371540,PAT1001,,97.9,122.9,37.56
2026-10-01 14:39:19.050355787,PAT1001,,98.0,,37.41
2026-10-01 14:39:56.472297132,PAT1001,82.8,97.2,133.8,37.43
2026-10-01 14:40:17.065981709,PAT1001,83.7,97.4,132.9,37.44
2026-10-01 14:40:55.580750327,PAT1001,86.3,97.5,122.3,37.53
2026-10-01 14:41:34.888245401,PAT1001,86.0,97.8,125.6,37.47
2026-10-01 14:41:51.639179628,PAT1001,85.8,97.9,,37.59
2026-10-01 14:42:29.449486006,PAT1001,83.5,97.8,134.9,37.27
2026-10-01 14:42:47.099339985,PAT1001,85.2,96.5,133.5,37.3
2026-10-01 14:43:10.925375917,PAT1001,88.3,97.5,129.9,37.56
2026-10-01 14:43:54.982470473,PAT1001,85.9,97.2,127.9,37.44
2026-10-01 14:44:15.642901942,PAT1001,87.2,97.8,134.6,37.65
2026-10-01 14:44:38.104626076,PAT1001,82.2,97.7,142.3,37.44
2026-10-01 14:45:01.704033771,PAT1001,77.6,96.7,133.6,37.51
2026-10-01 14:45:33.243595276,PAT1001,80.5,96.5,136.0,37.58
2026-10-01 14:45:56.467488076,PAT1001,86.0,97.2,138.4,37.46
2026-10-01 14:46:15.037749667,PAT1001,85.8,97.1,132.4,37.56
2026-10-01 14:46:41.417754925,PAT1001,88.0,97.8,136.7,37.46
2026-10-01 14:47:18.448288518,PAT1001,78.8,97.3,,37.2
2026-10-01 14:47:45.468462104,PAT1001,86.8,97.8,,37.53
2026-10-01 14:48:29.497960627,PAT1001,83.7,97.8,129.4,37.56
2026-10-01 14:48:58.011999528,PAT1001,79.9,98.0,126.6,37.74
2026-10-01 14:49:31.561185597,PAT1001,82.5,97.6,137.4,37.63
2026-10-01 14:50:09.603080514,PAT1001,80.2,97.5,131.1,37.53
2026-10-01 14:50:32.187579496,PAT1001,84.8,96.9,134.1,37.6
2026-10-01 14:50:52.143955877,PAT1001,83.7,97.3,133.5,37.39
2026-10-01 14:51:33.934809513,PAT1001,82.0,97.7,136.8,37.52
2026-10-01 14:52:15.528783879,PAT1001,88.5,97.6,,37.39
2026-10-01 14:52:37.548345937,PAT1001,,96.5,126.4,37.48
2026-10-01 14:53:09.357189774,PAT1001,91.4,97.7,127.1,37.48
2026-10-01 14:53:37.895188851,PAT1001,89.1,97.8,123.6,37.54
2026-10-01 14:54:06.914375617,PAT1001,84.2,97.8,128.8,37.62
2026-10-01 14:54:30.986213054,PAT1001,93.0,97.3,130.0,37.42
2026-10-01 14:54:55.976907994,PAT1001,76.3,98.0,129.2,37.3
2026-10-01 14:55:19.224973510,PAT1001,82.5,96.6,127.6,37.27
2026-10-01 14:56:00.733074273,PAT1001,80.5,97.7,132.5,37.55
2026-10-01 14:56:35.992638670,PAT1001,,97.8,137.5,37.49
2026-10-01 14:57:08.105441308,PAT1001,78.7,96.8,125.9,37.56
2026-10-01 14:57:25.222400669,PAT1001,82.5,97.8,131.9,37.41
2026-10-01 14:57:56.783753139,PAT1001,80.1,98.0,129.7,
2026-10-01 14:58:34.923224867,PAT1001,82.8,97.2,122.9,37.36
2026-10-01 14:58:51.578166759,PAT1001,87.3,97.0,130.3,37.34
2026-10-01 14:59:35.369037851,PAT1001,77.9,96.9,135.9,37.33
2026-10-01 14:59:55.849511518,PAT1001,82.2,98.0,,37.76
2026-10-01 15:00:11.897021981,PAT1001,79.0,97.6,138.4,37.43
2026-10-01 15:00:55.661090459,PAT1001,77.5,97.4,130.1,37.53
2026-10-01 15:01:37.438364678,PAT1001,81.2,97.4,129.0,37.45
2026-10-01 15:02:07.983998375,PAT1001,86.7,97.3,132.0,37.54
2026-10-01 15:02:24.253358668,PAT1001,86.7,97.6,128.6,37.47
2026-10-01 15:02:53.673567084,PAT1001,83.7,97.6,135.8,37.39
2026-10-01 15:03:28.162460545,PAT1001,81.4,97.4,121.3,37.61
2026-10-01 15:03:43.699693228,PAT1001,84.1,97.7,129.6,37.61
2026-10-01 15:04:09.834588061,PAT1001,93.6,97.4,125.8,
2026-10-01 15:04:25.777887035,PAT1001,79.2,97.8,118.8,37.49
2026-10-01 15:05:07.163980619,PAT1001,86.4,97.7,131.1,37.52
2026-10-01 15:05:22.196194048,PAT1001,84.0,97.4,133.9,37.46
2026-10-01 15:06:03.085176723,PAT1001,88.1,95.4,126.2,
2026-10-01 15:06:47.367875433,PAT1001,78.5,97.5,138.7,37.57
2026-10-01 15:07:15.115106569,PAT1001,90.2,97.9,126.3,37.45
2026-10-01 15:07:45.416717337,PAT1001,81.5,97.9,130.5,37.5
2026-10-01 15:08:15.815541436,PAT1001,80.6,97.3,124.7,37.59
2026-10-01 15:08:58.444667498,PAT1001,82.6,98.0,134.5,37.38
2026-10-01 15:09:27.234121337,PAT1001,86.7,97.4,127.4,37.42
2026-10-01 15:09:59.147534071,PAT1001,92.6,97.9,132.3,37.53
2026-10-01 15:10:24.530812832,PAT1001,83.6,97.0,,37.48
2026-10-01 15:11:06.881439941,PAT1001,83.0,97.2,134.5,37.43
2026-10-01 15:11:44.267859293,PAT1001,82.6,97.9,132.5,37.56
2026-10-01 15:12:02.874459086,PAT1001,77.7,97.4,122.5,37.53
2026-10-01 15:12:27.330929871,PAT1001,81.2,,,37.45
2026-10-01 15:12:54.164490981,PAT1001,83.0,98.0,133.8,37.33
2026-10-01 15:13:10.628468196,PAT1001,79.3,97.7,135.3,37.45
2026-10-01 15:13:41.689915610,PAT1001,81.7,97.9,131.1,37.3
2026-10-01 15:14:20.079990589,PAT1001,84.2,97.8,124.1,37.38
2026-10-01 15:14:49.244266488,PAT1001,78.3,97.8,138.2,37.42
2026-10-01 15:15:07.938160242,PAT1001,,97.7,131.2,37.45
2026-10-01 15:15:24.576547529,PAT1001,89.6,97.2,136.4,37.61
2026-10-01 15:15:44.913668584,PAT1001,86.0,97.7,131.5,37.41
2026-10-01 15:16:22.385508878,PAT1001,81.8,98.0,135.5,37.53
2026-10-01 15:16:38.236145931,PAT1001,82.9,97.6,136.3,37.49
2026-10-01 15:17:17.599217991,PAT1001,88.4,97.4,137.2,37.45
2026-10-01 15:18:00.765992040,PAT1001,81.1,97.8,121.6,37.47
2026-10-01 15:18:38.417122115,PAT1001,,97.2,127.7,37.3
2026-10-01 15:18:56.379489429,PAT1001,85.3,95.7,129.6,37.31
2026-10-01 15:19:26.830611020,PAT1001,81.5,98.0,130.5,37.5
2026-10-01 15:19:44.068146655,PAT1001,,96.9,133.1,37.5
2026-10-01 15:20:18.146623669,PAT1001,80.8,97.6,126.1,37.44
2026-10-01 15:20:55.722587107,PAT1001,83.8,97.2,,37.55
2026-10-01 15:21:17.291605173,PAT1001,88.4,,121.8,37.41
2026-10-01 15:21:55.679466637,PAT1001,94.5,98.0,123.8,37.55
2026-10-01 15:22:19.185928639,PAT1001,85.7,95.7,133.2,37.6
2026-10-01 15:22:38.545759970,PAT1001,87.4,97.3,120.4,37.37
2026-10-01 15:23:10.948920242,PAT1001,85.7,96.4,,37.45
2026-10-01 15:23:28.269274188,PAT1001,86.4,97.6,122.0,37.37
2026-10-01 15:23:58.376680700,PAT1001,76.0,97.5,129.5,37.5
2026-10-01 15:24:38.276183724,PAT1001,83.4,97.9,135.9,37.34
2026-10-01 15:25:17.021679865,PAT1001,84.5,96.8,127.1,37.46
2026-10-01 15:25:57.715610024,PAT1001,81.7,98.0,126.5,37.57
2026-10-01 15:26:32.102600735,PAT1001,80.5,,137.4,37.41
2026-10-01 15:27:04.729629897,PAT1001,87.7,97.9,127.5,37.61
2026-10-01 15:27:48.318248367,PAT1001,82.9,97.7,131.0,37.25
2026-10-01 15:28:03.714189208,PAT1001,81.3,97.4,135.8,37.47
2026-10-01 15:28:39.333189778,PAT1001,82.1,97.4,131.2,37.49
2026-10-01 15:29:22.760200671,PAT1001,81.6,98.0,124.5,37.58
2026-10-01 15:30:04.040545617,PAT1001,86.7,97.4,120.6,37.57
2026-10-01 15:30:40.396621777,PAT1001,85.3,97.8,126.0,37.73
2026-10-01 15:31:21.735745612,PAT1001,83.2,97.9,124.4,37.46
2026-10-01 15:32:00.838414861,PAT1001,81.9,96.5,121.4,37.59
2026-10-01 15:32:31.614261857,PAT1001,89.4,,131.7,37.58
2026-10-01 15:32:58.007979397,PAT1001,84.3,97.9,131.6,37.45
2026-10-01 15:33:23.210636779,PAT1001,,,132.9,37.5
2026-10-01 15:34:04.118760558,PAT1001,79.4,95.9,130.3,37.44
2026-10-01 15:34:22.204720517,PAT1001,80.4,97.3,126.1,37.44
2026-10-01 15:35:05.941167723,PAT1001,84.6,96.8,128.3,37.45
2026-10-01 15:35:21.149747504,PAT1001,85.1,97.5,132.5,37.41
2026-10-01 15:35:59.881730452,PAT1001,81.9,97.7,133.9,37.36
2026-10-01 15:36:27.588534045,PAT1001,84.2,97.1,125.5,37.58
2026-10-01 15:37:02.981235872,PAT1001,85.1,96.7,130.3,37.4
2026-10-01 15:37:28.012043898,PAT1001,81.7,97.6,128.4,37.47
2026-10-01 15:37:50.751000122,PAT1001,80.7,,125.9,37.4
2026-10-01 15:38:26.461095881,PAT1001,,97.4,,37.38
2026-10-01 15:38:49.567744727,PAT1001,84.3,97.8,131.5,37.61
2026-10-01 15:39:20.288866289,PAT1001,90.4,,131.5,37.44
2026-10-01 15:39:50.447603188,PAT1001,77.3,97.7,130.9,37.57
2026-10-01 15:40:14.159696254,PAT1001,86.9,97.4,130.5,37.52
2026-10-01 15:40:57.640576587,PAT1001,86.5,97.9,124.9,37.44
2026-10-01 15:41:33.036824450,PAT1001,83.5,97.9,128.1,
2026-10-01 15:41:57.998206737,PAT1001,85.3,96.3,130.3,37.44
2026-10-01 15:42:18.615771592,PAT1001,87.2,97.6,132.6,37.41
2026-10-01 15:42:56.449685351,PAT1001,87.1,97.8,,37.6
2026-10-01 15:43:17.323354112,PAT1001,80.2,97.8,132.6,37.52
2026-10-01 15:43:59.219012576,PAT1001,86.5,97.4,127.2,
2026-10-01 15:44:40.277507790,PAT1001,92.1,97.4,125.1,37.43
2026-10-01 15:45:22.292754219,PAT1001,,97.8,128.4,37.54
2026-10-01 15:45:48.537892027,PAT1001,81.9,97.5,129.8,37.57
2026-10-01 15:46:23.120881897,PAT1001,80.6,96.6,135.8,37.55
2026-10-01 15:46:51.956808013,PAT1001,86.6,97.8,122.1,
2026-10-01 15:47:29.570370607,PAT1001,79.6,96.8,131.8,37.53
2026-10-01 15:47:50.485469693,PAT1001,83.7,97.9,132.0,37.12
2026-10-01 15:48:35.354414656,PAT1001,79.9,97.9,132.8,
2026-10-01 15:49:15.543893595,PAT1001,84.1,97.8,132.4,
2026-10-01 15:49:38.796985859,PAT1001,82.7,97.9,121.7,37.35
2026-10-01 15:50:22.917024405,PAT1001,82.5,97.9,130.0,37.58
2026-10-01 15:50:40.956419405,PAT1001,87.4,96.7,130.1,37.45
2026-10-01 15:51:22.604295049,PAT1001,81.8,97.5,137.4,37.44
2026-10-01 15:51:42.215907196,PAT1001,89.9,97.7,128.1,37.5
2026-10-01 15:52:14.224623428,PAT1001,83.8,98.0,128.1,37.39
2026-10-01 15:52:53.138018539,PAT1001,80.3,97.9,136.5,37.62
2026-10-01 15:53:32.073450445,PAT1001,85.3,98.0,127.9,37.19
2026-10-01 15:53:47.930232193,PAT1001,78.1,97.7,129.8,37.41
2026-10-01 15:54:17.277118153,PAT1001,88.3,97.1,139.1,37.37
2026-10-01 15:54:32.353941318,PAT1001,84.8,96.0,129.7,37.41
2026-10-01 15:55:11.612167709,PAT1001,,97.9,134.2,37.45
2026-10-01 15:55:39.635687133,PAT1001,82.3,97.6,124.3,37.64
2026-10-01 15:55:58.497023855,PAT1001,82.9,,131.2,37.4
2026-10-01 15:56:19.559521923,PAT1001,88.7,95.8,130.9,37.39
2026-10-01 15:56:38.581363845,PAT1001,81.2,97.6,,37.41
2026-10-01 15:56:56.309089180,PAT1001,76.1,96.5,138.4,37.66
2026-10-01 15:57:34.891500824,PAT1001,80.7,97.6,136.6,
2026-10-01 15:57:54.424925455,PAT1001,83.7,97.4,130.2,37.41
2026-10-01 15:58:19.781497057,PAT1001,84.1,97.8,126.9,37.41
2026-10-01 15:58:53.170715517,PAT1001,87.4,98.0,122.1,37.2
2026-10-01 15:59:32.057117927,PAT1001,79.0,96.8,128.1,37.43
2026-10-01 16:00:15.047464069,PAT1001,82.1,98.0,127.3,37.36
2026-10-01 16:00:43.503266923,PAT1001,78.7,98.0,133.5,37.44
2026-10-01 16:01:01.983908457,PAT1001,80.8,,135.0,37.51
2026-10-01 16:01:43.471029553,PAT1001,81.9,97.9,,37.41
2026-10-01 16:02:18.816314197,PAT1001,85.5,98.0,124.8,37.48
2026-10-01 16:02:36.644506332,PAT1001,79.4,97.9,132.9,37.41
2026-10-01 16:03:00.781158824,PAT1001,82.1,98.0,,37.52
2026-10-01 16:03:25.261798471,PAT1001,80.2,97.9,130.6,37.37
2026-10-01 16:03:55.549415933,PAT1001,85.9,97.9,134.9,37.51
2026-10-01 16:04:14.785984724,PAT1001,83.2,,131.5,37.39
2026-10-01 16:04:35.225399925,PAT1001,,97.7,134.0,37.55
2026-10-01 16:04:59.783476892,PAT1001,80.5,97.7,139.4,37.52
2026-10-01 16:05:24.370539508,PAT1001,84.1,98.0,,37.37
2026-10-01 16:06:05.509562345,PAT1001,80.6,97.3,131.7,37.44
2026-10-01 16:06:25.493159578,PAT1001,76.0,96.7,130.1,37.6
2026-10-01 16:06:53.277882981,PAT1001,,97.6,131.3,37.27
2026-10-01 16:07:19.875241354,PAT1001,,97.5,127.3,37.49
2026-10-01 16:07:54.477420639,PAT1001,85.0,96.9,124.9,37.5
2026-10-01 16:08:14.129670079,PAT1001,89.3,94.8,126.2,37.39
2026-10-01 16:08:49.283550662,PAT1001,84.9,98.0,119.7,37.4
2026-10-01 16:09:29.117405943,PAT1001,87.4,97.9,127.2,37.4
2026-10-01 16:10:03.743555923,PAT1001,84.2,96.5,132.3,
2026-10-01 16:10:45.154132285,PAT1001,81.8,,125.0,37.34
2026-10-01 16:11:02.294771451,PAT1001,89.0,97.7,127.0,37.38
2026-10-01 16:11:34.971199564,PAT1001,84.9,96.0,122.4,37.35
2026-10-01 16:12:16.670677984,PAT1001,80.7,98.0,134.1,37.36
2026-10-01 16:12:57.408389506,PAT1001,79.8,,120.3,37.46
2026-10-01 16:13:22.495577462,PAT1001,82.1,97.8,129.0,37.35
2026-10-01 16:13:37.655835504,PAT1001,83.1,,131.5,37.38
2026-10-01 16:14:13.860747316,PAT1001,79.8,98.0,123.0,37.28
2026-10-01 16:14:51.493142406,PAT1001,81.2,97.9,124.7,37.39
2026-10-01 16:15:26.557678759,PAT1001,80.4,98.0,128.8,37.45
2026-10-01 16:15:44.997807452,PAT1001,79.0,98.0,136.3,37.52
2026-10-01 16:16:21.671030932,PAT1001,88.0,97.7,125.4,37.35
2026-10-01 16:16:52.042379334,PAT1001,87.7,97.7,122.4,37.27
2026-10-01 16:17:15.454678614,PAT1001,82.6,97.4,127.2,37.3
2026-10-01 16:17:37.525744399,PAT1001,89.5,97.7,126.2,37.37
2026-10-01 16:18:13.094337956,PAT1001,78.8,,123.0,37.44
2026-10-01 16:18:37.903452522,PAT1001,83.3,97.7,,37.51
2026-10-01 16:19:21.890100087,PAT1001,82.0,,121.3,
2026-10-01 16:20:00.624635613,PAT1001,85.3,97.7,,37.44
2026-10-01 16:20:28.786767724,PAT1001,85.1,97.9,133.7,37.43
2026-10-01 16:20:56.681812817,PAT1001,81.5,96.3,125.1,37.46
2026-10-01 16:21:20.677155234,PAT1001,86.1,97.9,131.2,37.46
2026-10-01 16:21:49.206555786,PAT1001,83.8,,131.3,37.56
2026-10-01 16:22:04.210791983,PAT1001,85.0,97.5,136.7,37.6
2026-10-01 16:22:26.446243553,PAT1001,83.2,97.9,,37.37
2026-10-01 16:22:54.626662287,PAT1001,,97.7,122.5,37.41
2026-10-01 16:23:16.044445793,PAT1001,84.2,94.5,131.6,37.41
2026-10-01 16:23:58.035083959,PAT1001,87.8,97.6,133.7,37.33
2026-10-01 16:24:40.352490795,PAT1001,84.8,97.7,117.6,37.51
2026-10-01 16:25:22.684763047,PAT1001,80.5,97.6,,37.56
2026-10-01 16:25:51.983057836,PAT1001,79.9,97.7,129.6,37.39
2026-10-01 16:26:31.702228808,PAT1001,,97.1,119.8,37.19
2026-10-01 16:27:06.324642788,PAT1001,82.7,98.0,122.6,37.32
2026-10-01 16:27:42.655965590,PAT1001,84.0,,120.1,37.56
2026-10-01 16:28:08.300611876,PAT1001,87.6,96.1,130.8,37.45
2026-10-01 16:28:41.787349210,PAT1001,91.2,97.5,137.9,37.58
2026-10-01 16:29:22.081429815,PAT1001,81.8,96.1,133.0,37.52
2026-10-01 16:29:44.490152061,PAT1001,83.7,97.7,125.5,37.37
2026-10-01 16:30:17.352992259,PAT1001,81.7,97.9,131.3,37.36
2026-10-01 16:30:41.399405304,PAT1001,81.5,97.2,130.5,37.47
2026-10-01 16:31:04.083150431,PAT1001,85.8,97.9,118.9,37.49
2026-10-01 16:31:40.620040174,PAT1001,81.4,97.5,135.2,37.55
2026-10-01 16:32:16.994612170,PAT1001,81.3,96.8,124.2,37.45
2026-10-01 16:32:46.447633328,PAT1001,82.9,97.8,128.4,37.38
2026-10-01 16:33:01.874156122,PAT1001,85.1,98.0,135.2,37.55
2026-10-01 16:33:40.978057791,PAT1001,80.4,95.8,128.7,37.49
2026-10-01 16:34:21.139428733,PAT1001,84.4,97.9,133.9,
2026-10-01 16:34:42.248207893,PAT1001,81.8,97.8,132.6,37.39
2026-10-01 16:35:25.742500495,PAT1001,78.8,98.0,138.8,37.44
2026-10-01 16:35:51.126123067,PAT1001,87.0,97.9,,
2026-10-01 16:36:12.337615247,PAT1001,80.8,97.7,119.8,37.31
2026-10-01 16:36:44.582592451,PAT1001,83.2,96.0,125.7,37.45
2026-10-01 16:37:14.040921502,PAT1001,81.5,97.1,122.8,
2026-10-01 16:37:51.142696118,PAT1001,85.6,97.9,118.5,37.41
2026-10-01 16:38:17.757481168,PAT1001,82.3,97.6,126.1,37.29
2026-10-01 16:38:54.878816032,PAT1001,83.2,97.9,128.4,37.32
2026-10-01 16:39:13.492393509,PAT1001,85.8,98.0,129.0,37.32
2026-10-01 16:39:50.131430660,PAT1001,82.9,97.6,123.2,37.34
2026-10-01 16:40:26.026891185,PAT1001,87.3,97.2,122.7,37.39
2026-10-01 16:40:44.257666569,PAT1001,78.9,97.9,130.2,37.41
2026-10-01 16:41:28.388788145,PAT1001,82.6,96.4,125.0,37.31
2026-10-01 16:41:52.272153668,PAT1001,85.7,,133.1,37.38
2026-10-01 16:42:12.277773726,PAT1001,81.1,98.0,,37.54
2026-10-01 16:42:37.713241464,PAT1001,82.6,97.7,120.8,37.35
2026-10-01 16:43:07.800217155,PAT1001,76.7,98.0,135.3,37.3
2026-10-01 16:43:25.040644525,PAT1001,,97.7,119.9,37.31
2026-10-01 16:43:45.147408439,PAT1001,82.7,97.8,122.9,37.28
2026-10-01 16:44:04.813889298,PAT1001,79.9,96.6,125.2,37.45
2026-10-01 16:44:43.128086186,PAT1001,88.4,97.5,121.5,37.4
2026-10-01 16:45:06.023537179,PAT1001,77.0,97.8,119.9,37.31
2026-10-01 16:45:49.804291926,PAT1001,88.0,96.9,125.0,37.24
2026-10-01 16:46:10.973762501,PAT1001,81.4,97.3,130.6,37.4
2026-10-01 16:46:35.330589754,PAT1001,82.5,96.9,121.7,
2026-10-01 16:46:59.843652894,PAT1001,87.9,98.0,132.3,37.4
2026-10-01 16:47:43.456622599,PAT1001,86.9,97.9,131.6,37.29
2026-10-01 16:48:15.241622837,PAT1001,90.1,97.9,121.6,37.41
2026-10-01 16:48:38.917260306,PAT1001,80.8,,,37.33
2026-10-01 16:49:23.675290190,PAT1001,81.4,97.5,131.2,
2026-10-01 16:49:50.476397300,PAT1001,88.3,97.6,127.3,37.52
2026-10-01 16:50:26.015412422,PAT1001,76.0,97.1,118.8,37.49
2026-10-01 16:50:54.205480208,PAT1001,81.8,97.2,120.4,37.15
2026-10-01 16:51:30.286949558,PAT1001,85.9,97.7,117.4,37.45
2026-10-01 16:51:59.180704236,PAT1001,79.8,96.8,122.7,37.44
2026-10-01 16:52:33.512105089,PAT1001,81.9,96.7,,37.45
2026-10-01 16:52:58.206269207,PAT1001,80.3,98.0,126.2,37.41
2026-10-01 16:53:41.823043084,PAT1001,83.8,97.4,127.1,37.44
2026-10-01 16:54:19.810394410,PAT1001,81.1,97.2,,
2026-10-01 16:55:04.709063233,PAT1001,75.9,97.9,126.2,37.38
2026-10-01 16:55:40.450326341,PAT1001,82.2,97.6,126.2,37.52
2026-10-01 16:56:17.700857594,PAT1001,83.3,97.8,122.0,37.32
2026-10-01 16:57:02.361667091,PAT1001,83.7,97.5,133.1,37.64
2026-10-01 16:57:45.793793038,PAT1001,86.1,96.7,113.5,
2026-10-01 16:58:03.249556920,PAT1001,83.9,,127.6,37.32
2026-10-01 16:58:31.577432819,PAT1001,79.8,97.1,119.9,37.33
2026-10-01 16:59:12.886533038,PAT1001,85.8,97.4,137.2,37.45
2026-10-01 16:59:40.604145836,PAT1001,83.0,,127.3,37.38
2026-10-01 17:00:21.039230716,PAT1001,88.8,,128.3,37.38
2026-10-01 17:01:02.596037370,PAT1001,82.3,,127.1,37.3
2026-10-01 17:01:28.779697414,PAT1001,83.4,95.1,,37.42
2026-10-01 17:02:04.199746833,PAT1001,90.1,97.8,125.4,37.37
2026-10-01 17:02:30.396383510,PAT1001,86.2,97.1,127.7,37.21
2026-10-01 17:03:03.796752029,PAT1001,78.9,,126.9,37.44
2026-10-01 17:03:34.279595932,PAT1001,77.1,97.9,121.2,
2026-10-01 17:04:07.993468646,PAT1001,,96.4,126.6,
2026-10-01 17:04:24.465356998,PAT1001,79.4,,132.9,37.23
2026-10-01 17:04:41.919861520,PAT1001,82.2,97.9,122.9,37.5
2026-10-01 17:04:57.422482680,PAT1001,85.4,97.5,132.1,37.24
2026-10-01 17:05:28.229326930,PAT1001,87.1,96.8,134.6,37.27
2026-10-01 17:05:49.627217398,PAT1001,86.1,97.4,117.4,37.35
2026-10-01 17:06:20.589574289,PAT1001,81.5,97.7,,37.26
2026-10-01 17:06:59.829154061,PAT1001,77.8,97.6,128.0,37.21
2026-10-01 17:07:18.859518586,PAT1001,85.2,97.8,131.9,37.38
2026-10-01 17:07:55.655867235,PAT1001,81.4,96.9,120.7,37.27
2026-10-01 17:08:14.198257033,PAT1001,83.4,96.7,121.6,37.29
2026-10-01 17:08:35.910317941,PAT1001,81.4,,132.5,37.34
2026-10-01 17:09:12.273248267,PAT1001,78.4,97.7,128.4,37.33
2026-10-01 17:09:30.321756940,PAT1001,87.2,97.5,132.0,
2026-10-01 17:10:12.904470860,PAT1001,80.9,97.4,111.7,37.22
2026-10-01 17:10:47.849955792,PAT1001,84.7,97.7,135.1,37.38
2026-10-01 17:11:19.205782622,PAT1001,85.5,97.1,127.6,37.41
2026-10-01 17:11:53.755440766,PAT1001,85.2,97.4,124.7,
2026-10-01 17:12:09.015373431,PAT1001,80.8,96.8,133.9,37.32
2026-10-01 17:12:40.151334712,PAT1001,80.9,97.5,123.0,37.34
2026-10-01 17:13:08.346997144,PAT1001,,97.3,125.2,37.23
2026-10-01 17:13:38.572966950,PAT1001,81.0,96.6,132.1,37.25
2026-10-01 17:14:17.966060574,PAT1001,84.1,97.0,126.2,37.4
2026-10-01 17:15:01.744857410,PAT1001,85.5,98.0,124.0,37.22
2026-10-01 17:15:39.669944753,PAT1001,83.5,97.5,,37.39
2026-10-01 17:16:22.087625578,PAT1001,78.7,97.9,121.0,37.31
2026-10-01 17:16:44.410165999,PAT1001,79.7,95.9,128.7,37.26
2026-10-01 17:17:19.453585239,PAT1001,85.1,97.7,128.8,37.24
2026-10-01 17:17:54.278247821,PAT1001,82.5,97.7,118.8,37.19
2026-10-01 17:18:14.105361465,PAT1001,91.8,97.5,131.1,37.55
2026-10-01 17:18:55.189621349,PAT1001,85.7,96.9,115.3,37.3
2026-10-01 17:19:34.737418555,PAT1001,87.4,,129.8,37.33
2026-10-01 17:20:01.473293399,PAT1001,79.7,96.8,,37.31
2026-10-01 17:20:25.982034570,PAT1001,78.2,97.7,128.4,37.32
2026-10-01 17:21:04.956118150,PAT1001,84.5,97.9,123.8,37.4
2026-10-01 17:21:45.437742982,PAT1001,82.0,97.2,132.0,
2026-10-01 17:22:22.651902737,PAT1001,81.3,97.4,134.1,37.3
2026-10-01 17:23:07.646636002,PAT1001,85.6,97.0,123.9,37.39
2026-10-01 17:23:50.021555605,PAT1001,79.5,,130.9,37.24
2026-10-01 17:24:21.341118774,PAT1001,81.5,97.9,139.4,37.34
2026-10-01 17:24:46.008534792,PAT1001,,95.9,124.0,37.24
2026-10-01 17:25:03.026918719,PAT1001,82.7,,,37.5
2026-10-01 17:25:24.489358847,PAT1001,79.3,98.0,119.4,37.33
2026-10-01 17:26:09.099701352,PAT1001,84.4,,127.5,37.49
2026-10-01 17:26:37.132773791,PAT1001,87.1,96.8,118.9,37.08
2026-10-01 17:26:58.313808729,PAT1001,87.2,,130.1,37.3
2026-10-01 17:27:19.665541688,PAT1001,86.1,97.4,127.8,37.36
2026-10-01 17:27:38.207699583,PAT1001,81.3,97.8,123.4,37.3
2026-10-01 17:28:04.892223776,PAT1001,77.9,97.9,126.1,37.29
2026-10-01 17:28:25.944038581,PAT1001,83.3,97.4,118.8,37.48
2026-10-01 17:28:50.916466282,PAT1001,86.3,97.2,123.6,37.26
2026-10-01 17:29:12.153172629,PAT1001,85.0,96.6,130.9,37.39
2026-10-01 17:29:29.330480429,PAT1001,76.4,93.9,127.8,37.35
2026-10-01 17:30:05.177988690,PAT1001,83.0,97.9,115.8,37.22
2026-10-01 17:30:33.158012350,PAT1001,79.8,,117.5,37.25
2026-10-01 17:30:55.643288924,PAT1001,72.7,97.8,136.4,37.25
2026-10-01 17:31:15.293032218,PAT1001,82.1,97.1,122.3,37.38
2026-10-01 17:31:42.799772215,PAT1001,87.7,96.6,132.6,37.19
2026-10-01 17:32:04.419493051,PAT1001,89.9,96.8,120.9,37.0
2026-10-01 17:32:34.148303968,PAT1001,87.2,97.5,124.6,37.31
2026-10-01 17:33:03.734381873,PAT1001,78.0,97.6,129.9,37.27
2026-10-01 17:33:44.111039593,PAT1001,76.9,97.1,124.4,37.14
2026-10-01 17:34:26.746367253,PAT1001,79.8,97.5,120.8,37.19
2026-10-01 17:35:10.696061100,PAT1001,80.2,97.4,122.5,37.31
2026-10-01 17:35:42.993789591,PAT1001,89.8,97.2,126.6,37.26
2026-10-01 17:36:23.798493881,PAT1001,88.7,97.1,130.8,37.2
2026-10-01 17:37:06.904950263,PAT1001,79.2,97.5,123.6,37.11
2026-10-01 17:37:32.686022620,PAT1001,84.2,97.0,131.8,37.07
2026-10-01 17:37:55.515837159,PAT1001,86.1,97.4,118.6,37.3
2026-10-01 17:38:32.380099298,PAT1001,90.3,97.4,127.8,37.22
2026-10-01 17:39:15.880916178,PAT1001,81.1,97.4,118.6,37.27
2026-10-01 17:39:38.261896380,PAT1001,82.7,97.9,122.1,37.27
2026-10-01 17:40:04.075841783,PAT1001,77.4,97.9,126.3,37.41
2026-10-01 17:40:48.858148161,PAT1001,77.9,98.0,116.8,37.11
2026-10-01 17:41:22.497755609,PAT1001,82.3,97.9,129.0,37.09
2026-10-01 17:41:43.820543903,PAT1001,88.5,97.8,129.8,37.34
2026-10-01 17:42:14.806092230,PAT1001,77.4,97.1,125.8,37.15
2026-10-01 17:42:44.245732491,PAT1001,76.1,97.8,130.3,37.22
2026-10-01 17:42:59.672854160,PAT1001,80.1,97.9,122.5,37.31
2026-10-01 17:43:42.249408154,PAT1001,75.3,97.7,126.2,37.33
2026-10-01 17:44:21.585117816,PAT1001,82.0,96.9,125.1,37.36
2026-10-01 17:45:05.258397300,PAT1001,87.4,97.2,125.8,37.34
2026-10-01 17:45:26.884905214,PAT1001,87.4,96.6,125.6,37.24
2026-10-01 17:45:45.037806493,PAT1001,80.9,97.0,122.8,37.37
2026-10-01 17:46:29.485379134,PAT1001,87.7,94.5,120.4,37.23
2026-10-01 17:47:05.725451926,PAT1001,79.7,96.8,122.9,37.11
2026-10-01 17:47:30.833013906,PAT1001,81.4,96.9,129.8,37.15
2026-10-01 17:47:48.026570161,PAT1001,76.0,96.7,127.7,37.45
2026-10-01 17:48:04.161588089,PAT1001,84.7,97.6,125.6,37.2
2026-10-01 17:48:28.138057749,PAT1001,82.3,96.8,123.5,37.16
2026-10-01 17:48:50.809150686,PAT1001,76.9,96.9,123.7,37.21
2026-10-01 17:49:07.260169986,PAT1001,77.0,97.9,122.0,37.19
2026-10-01 17:49:27.571612818,PAT1001,83.5,97.2,138.5,37.3
2026-10-01 17:49:59.131239227,PAT1001,76.5,97.2,128.0,37.14
2026-10-01 17:50:19.177825949,PAT1001,80.8,98.0,118.8,37.12
2026-10-01 17:50:38.700264518,PAT1001,83.6,96.9,,37.41
2026-10-01 17:51:15.408035967,PAT1001,78.6,97.5,118.6,37.32
2026-10-01 17:51:51.448025253,PAT1001,85.4,96.4,130.2,37.32
2026-10-01 17:52:08.736494595,PAT1001,81.5,97.7,130.9,37.23
2026-10-01 17:52:29.785062937,PAT1001,83.7,96.2,123.6,37.25
2026-10-01 17:52:48.777406156,PAT1001,,97.3,128.1,37.22
2026-10-01 17:53:27.305398706,PAT1001,77.2,98.0,122.0,37.29
2026-10-01 17:54:00.836462814,PAT1001,75.0,97.9,123.8,37.32
2026-10-01 17:54:37.321082476,PAT1001,,97.4,129.8,37.4
2026-10-01 17:55:20.088424126,PAT1001,81.4,97.4,128.0,37.27
2026-10-01 17:55:38.947153578,PAT1001,87.1,97.0,128.7,37.19
2026-10-01 17:56:12.336348259,PAT1001,77.0,,122.5,
2026-10-01 17:56:42.877344601,PAT1001,79.8,97.8,127.8,37.33
2026-10-01 17:57:19.709681200,PAT1001,80.6,97.9,,
2026-10-01 17:57:39.172360345,PAT1001,85.5,97.9,116.2,37.13
2026-10-01 17:58:09.739580867,PAT1001,,97.0,129.9,37.33
2026-10-01 17:58:25.082199135,PAT1001,80.8,98.0,121.6,37.25
2026-10-01 17:58:47.678472204,PAT1001,77.4,94.6,122.0,37.25
2026-10-01 17:59:07.935565324,PAT1001,80.8,96.9,,37.3
2026-10-01 17:59:30.897528787,PAT1001,,,126.5,37.19
2026-10-01 17:59:53.659658716,PAT1001,85.9,97.7,123.7,37.16
2026-10-01 18:00:33.340061773,PAT1001,85.2,96.7,127.1,37.22
2026-10-01 18:00:58.699496480,PAT1001,85.0,97.1,129.6,37.21
2026-10-01 18:01:21.142464807,PAT1001,84.5,97.8,121.7,37.3
2026-10-01 18:01:52.310778810,PAT1001,88.3,95.8,117.1,37.35
2026-10-01 18:02:34.949050849,PAT1001,81.6,98.0,126.3,37.22
2026-10-01 18:02:51.475792410,PAT1001,84.5,96.6,128.5,37.29
2026-10-01 18:03:15.695592625,PAT1001,75.6,97.9,121.6,37.2
2026-10-01 18:03:58.170346691,PAT1001,71.2,97.3,,37.37
2026-10-01 18:04:41.655453573,PAT1001,80.6,97.2,131.2,37.29
2026-10-01 18:05:11.375834571,PAT1001,80.2,97.6,121.3,37.15
2026-10-01 18:05:38.311987329,PAT1001,84.0,97.8,126.7,37.27
2026-10-01 18:06:15.268134938,PAT1001,81.8,97.8,125.7,37.26
2026-10-01 18:06:34.716369015,PAT1001,82.2,97.6,117.0,37.28
2026-10-01 18:07:00.763261057,PAT1001,84.4,97.7,127.5,37.23
2026-10-01 18:07:40.484198501,PAT1001,78.6,96.9,125.8,37.17
2026-10-01 18:07:59.589925362,PAT1001,,97.1,115.9,37.32
2026-10-01 18:08:37.246014840,PAT1001,86.3,97.9,118.9,37.36
2026-10-01 18:09:10.711471006,PAT1001,82.3,97.4,121.3,37.37
2026-10-01 18:09:54.496993560,PAT1001,85.7,98.0,123.3,37.1
2026-10-01 18:10:37.273385292,PAT1001,85.0,97.9,131.2,37.15
2026-10-01 18:11:09.841127036,PAT1001,77.6,96.6,129.8,37.11
2026-10-01 18:11:26.327246377,PAT1001,80.2,97.9,124.6,37.33
2026-10-01 18:11:43.095844844,PAT1001,79.0,97.4,130.0,37.18
2026-10-01 18:12:22.318869611,PAT1001,79.8,,117.1,37.32
2026-10-01 18:12:53.873033027,PAT1001,81.5,97.9,116.7,37.24
2026-10-01 18:13:17.908889306,PAT1001,77.7,97.8,124.4,37.3
2026-10-01 18:14:00.846072620,PAT1001,89.1,97.9,131.8,37.17
2026-10-01 18:14:17.674491715,PAT1001,,96.9,120.9,37.12
2026-10-01 18:14:52.976617280,PAT1001,74.4,97.8,,37.41
2026-10-01 18:15:07.999161253,PAT1001,80.5,,126.5,37.37
2026-10-01 18:15:23.750711450,PAT1001,77.7,,139.1,37.33
2026-10-01 18:15:41.439313350,PAT1001,77.7,96.9,127.5,37.31
2026-10-01 18:16:16.464217808,PAT1001,79.3,,122.7,37.16
2026-10-01 18:16:48.869529159,PAT1001,81.1,97.9,127.6,37.28
2026-10-01 18:17:22.193562671,PAT1001,83.0,98.0,121.2,37.17
2026-10-01 18:17:44.869131469,PAT1001,,98.0,120.3,37.25
2026-10-01 18:18:01.964945104,PAT1001,78.8,96.8,124.1,37.07
2026-10-01 18:18:20.379474651,PAT1001,77.8,97.4,121.0,37.11
2026-10-01 18:18:38.241481430,PAT1001,84.4,96.5,120.2,37.45
2026-10-01 18:19:22.131645451,PAT1001,83.7,,126.3,37.07
2026-10-01 18:19:53.139777765,PAT1001,80.5,97.6,118.3,37.32
2026-10-01 18:20:23.135376503,PAT1001,76.9,96.7,113.2,
2026-10-01 18:21:03.015113270,PAT1001,82.2,96.9,,37.11
2026-10-01 18:21:18.020414564,PAT1001,77.6,97.6,128.3,37.3
2026-10-01 18:21:52.630764009,PAT1001,80.8,96.7,125.2,37.2
2026-10-01 18:22:32.575169527,PAT1001,77.8,97.8,128.3,37.18
2026-10-01 18:23:05.048465640,PAT1001,81.0,97.9,113.1,37.22
2026-10-01 18:23:39.615414748,PAT1001,81.5,97.6,130.9,37.18
2026-10-01 18:24:06.838229487,PAT1001,80.0,,131.7,37.24
2026-10-01 18:24:37.124563118,PAT1001,76.8,98.0,124.7,37.2
2026-10-01 18:25:00.600109036,PAT1001,78.2,97.4,126.4,37.24
2026-10-01 18:25:26.120354019,PAT1001,81.9,96.2,125.0,37.17
2026-10-01 18:25:44.182152157,PAT1001,75.7,97.9,120.2,37.25
2026-10-01 18:26:06.556994218,PAT1001,78.5,97.3,,37.36
2026-10-01 18:26:43.528716806,PAT1001,81.0,97.8,125.2,37.19
2026-10-01 18:27:02.510176700,PAT1001,81.9,97.8,128.4,37.4
2026-10-01 18:27:36.435517845,PAT1001,83.8,,129.2,37.19
2026-10-01 18:28:06.182465321,PAT1001,76.4,97.6,127.7,37.18
2026-10-01 18:28:38.121895526,PAT1001,77.6,,118.1,37.24
2026-10-01 18:28:58.509413567,PAT1001,81.1,97.1,,37.32
2026-10-01 18:29:19.105589193,PAT1001,80.3,97.5,124.8,37.28
2026-10-01 18:29:41.719875022,PAT1001,87.5,97.8,129.2,37.19
2026-10-01 18:30:16.687987901,PAT1001,75.3,97.2,125.1,37.44
2026-10-01 18:30:58.669941437,PAT1001,78.8,97.3,127.2,37.09
2026-10-01 18:31:28.596399346,PAT1001,81.9,97.3,127.0,37.25
2026-10-01 18:32:04.151022358,PAT1001,79.8,97.6,126.3,37.21
2026-10-01 18:32:23.280399508,PAT1001,,94.5,119.0,37.18
2026-10-01 18:32:39.926459935,PAT1001,78.4,98.0,119.5,37.11
2026-10-01 18:32:58.927384707,PAT1001,85.1,97.8,126.7,37.26
2026-10-01 18:33:43.596688617,PAT1001,82.7,96.1,133.1,37.19
2026-10-01 18:34:04.733666279,PAT1001,78.2,,122.2,37.18
2026-10-01 18:34:34.667809802,PAT1001,79.1,96.9,,37.01
2026-10-01 18:35:08.937555341,PAT1001,78.6,,119.1,36.99
2026-10-01 18:35:24.073394745,PAT1001,85.5,97.3,116.6,37.18
2026-10-01 18:35:40.563315098,PAT1001,75.1,96.0,126.6,37.08
2026-10-01 18:35:58.078478852,PAT1001,80.3,,126.2,37.16
2026-10-01 18:36:33.086492197,PAT1001,75.5,97.9,123.1,37.17
2026-10-01 18:37:00.241230604,PAT1001,79.9,98.0,123.3,37.25
2026-10-01 18:37:44.365950367,PAT1001,80.3,97.2,130.9,36.9
2026-10-01 18:38:18.761700464,PAT1001,79.8,96.9,121.3,37.19
2026-10-01 18:38:40.957164691,PAT1001,82.5,96.4,125.7,37.17
2026-10-01 18:39:23.657135645,PAT1001,81.2,97.4,128.5,37.16
2026-10-01 18:39:42.033508162,PAT1001,77.6,97.5,123.8,37.08
2026-10-01 18:39:58.432887648,PAT1001,78.5,97.3,123.8,37.06
2026-10-01 18:40:19.379213928,PAT1001,80.5,97.1,121.8,37.28
2026-10-01 18:40:52.168444630,PAT1001,78.9,97.7,128.9,37.12
2026-10-01 18:41:27.848343984,PAT1001,79.1,98.0,133.5,37.21
2026-10-01 18:42:12.310928893,PAT1001,80.9,97.8,109.1,37.3
2026-10-01 18:42:40.239242946,PAT1001,83.8,98.0,120.8,37.14
2026-10-01 18:43:24.536682095,PAT1001,85.8,97.1,119.9,37.17
2026-10-01 18:43:40.548882240,PAT1001,78.4,97.7,116.4,
2026-10-01 18:44:05.226750651,PAT1001,79.6,97.6,123.7,37.11
2026-10-01 18:44:31.569133183,PAT1001,82.3,97.7,121.6,37.28
2026-10-01 18:45:03.591772495,PAT1001,86.2,97.8,118.2,37.09
2026-10-01 18:45:43.521424871,PAT1001,82.1,97.2,120.5,37.41
2026-10-01 18:46:28.018782946,PAT1001,81.0,96.7,123.0,37.25
2026-10-01 18:46:43.431752357,PAT1001,85.3,96.9,119.8,
2026-10-01 18:47:12.456223465,PAT1001,84.4,97.6,,
2026-10-01 18:47:37.543795384,PAT1001,82.0,97.4,121.7,37.35
2026-10-01 18:48:15.600282828,PAT1001,84.3,98.0,125.5,37.11
2026-10-01 18:48:59.969747781,PAT1001,76.2,97.6,123.4,37.15
2026-10-01 18:49:24.164259837,PAT1001,85.6,96.9,118.9,37.26
2026-10-01 18:50:03.261128792,PAT1001,83.4,96.5,126.2,37.2
2026-10-01 18:50:39.246955673,PAT1001,79.0,96.6,,37.29
2026-10-01 18:51:05.608862635,PAT1001,,98.0,120.9,37.1
2026-10-01 18:51:33.946599749,PAT1001,79.2,97.9,117.2,
2026-10-01 18:52:09.714556630,PAT1001,79.1,97.9,125.5,37.14
2026-10-01 18:52:34.030789526,PAT1001,78.8,97.7,105.7,37.09
2026-10-01 18:53:15.166779309,PAT1001,80.4,97.9,,36.99
2026-10-01 18:53:54.209811867,PAT1001,87.3,97.7,130.9,37.12
2026-10-01 18:54:35.065091779,PAT1001,,97.9,122.9,37.34
2026-10-01 18:55:00.810555372,PAT1001,,97.9,124.2,37.04
2026-10-01 18:55:39.572592390,PAT1001,,96.2,120.8,
2026-10-01 18:56:06.425637139,PAT1001,,97.0,115.5,37.17
2026-10-01 18:56:37.675509584,PAT1001,83.8,97.6,120.0,37.09
2026-10-01 18:57:20.307960165,PAT1001,79.0,97.9,126.6,37.0
2026-10-01 18:57:55.400987482,PAT1001,82.6,97.9,126.3,37.22
2026-10-01 18:58:32.837283408,PAT1001,74.7,,,
2026-10-01 18:59:16.840328508,PAT1001,76.3,96.7,116.2,37.04
2026-10-01 18:59:51.955756720,PAT1001,80.4,96.1,129.7,36.94
2026-10-01 19:00:32.506888256,PAT1001,82.5,97.8,108.1,37.2
2026-10-01 19:01:15.991218874,PAT1001,78.2,97.2,119.1,37.02
2026-10-01 19:01:52.051942873,PAT1001,77.5,97.9,128.1,37.17
2026-10-01 19:02:29.556269917,PAT1001,79.0,96.6,130.7,37.09
2026-10-01 19:02:48.270843908,PAT1001,75.3,97.9,119.3,37.17
2026-10-01 19:03:32.223756295,PAT1001,82.4,95.8,126.5,37.19
2026-10-01 19:04:00.003222724,PAT1001,81.6,,128.0,36.93
2026-10-01 19:04:28.280448997,PAT1001,83.1,97.7,120.4,37.08
2026-10-01 19:05:00.263144357,PAT1001,85.4,96.4,118.3,37.2
2026-10-01 19:05:44.081735642,PAT1001,75.7,97.8,124.2,
2026-10-01 19:06:02.228965516,PAT1001,82.2,97.7,127.2,
2026-10-01 19:06:26.570111772,PAT1001,85.8,97.7,125.1,37.08
2026-10-01 19:07:01.501700183,PAT1001,81.3,95.5,,37.05
2026-10-01 19:07:24.061925133,PAT1001,78.6,97.9,118.4,37.12
2026-10-01 19:07:55.862736520,PAT1001,,,117.2,37.0
2026-10-01 19:08:21.025663901,PAT1001,83.8,97.4,,37.02
2026-10-01 19:09:02.460351343,PAT1001,78.8,97.6,,37.01
2026-10-01 19:09:38.847384249,PAT1001,80.7,97.9,127.9,
2026-10-01 19:10:06.430338163,PAT1001,,,117.2,37.22
2026-10-01 19:10:40.441673131,PAT1001,85.3,97.4,122.6,37.16
2026-10-01 19:11:06.947416560,PAT1001,78.5,97.5,119.6,36.97
2026-10-01 19:11:47.526905875,PAT1001,75.2,96.1,,37.09
2026-10-01 19:12:27.390197393,PAT1001,78.3,97.6,124.5,37.12
2026-10-01 19:13:00.549141158,PAT1001,79.1,97.7,113.3,
2026-10-01 19:13:34.525579759,PAT1001,,97.2,126.6,37.1
2026-10-01 19:14:06.064181377,PAT1001,74.9,97.4,,37.17
2026-10-01 19:14:25.822284486,PAT1001,81.8,97.5,124.1,37.02
2026-10-01 19:14:46.830358852,PAT1001,78.4,97.1,126.6,37.17
2026-10-01 19:15:18.513005645,PAT1001,75.2,,125.8,36.97
2026-10-01 19:15:53.430018048,PAT1001,83.5,96.4,111.6,37.0
2026-10-01 19:16:37.901158926,PAT1001,81.6,97.2,126.2,36.97
2026-10-01 19:17:21.783334835,PAT1001,76.1,96.4,122.9,37.27
2026-10-01 19:17:42.416745157,PAT1001,,97.7,120.3,36.96
2026-10-01 19:18:16.126264280,PAT1001,77.1,97.9,124.9,37.17
2026-10-01 19:18:31.978715883,PAT1001,76.0,97.8,115.3,37.06
2026-10-01 19:18:56.362356751,PAT1001,,97.9,124.9,37.05
2026-10-01 19:19:14.145837709,PAT1001,78.8,97.5,118.7,37.04
2026-10-01 19:19:31.977220205,PAT1001,81.5,,118.2,
2026-10-01 19:20:12.282274353,PAT1001,80.5,97.9,121.7,37.07
2026-10-01 19:20:41.233338616,PAT1001,76.0,96.6,119.4,37.22
2026-10-01 19:21:10.992041257,PAT1001,86.0,97.9,120.0,37.07
2026-10-01 19:21:44.389595829,PAT1001,74.1,97.2,127.0,37.08
2026-10-01 19:22:20.997672193,PAT1001,83.4,97.8,118.0,37.02
2026-10-01 19:22:40.373735221,PAT1001,75.2,97.8,122.1,37.11
2026-10-01 19:23:22.005185150,PAT1001,75.4,98.0,119.3,37.1
2026-10-01 19:24:03.801447994,PAT1001,74.8,97.2,118.2,37.0
2026-10-01 19:24:40.777294849,PAT1001,79.6,97.9,135.9,37.15
2026-10-01 19:25:15.806761883,PAT1001,79.3,97.7,118.1,36.85
2026-10-01 19:25:55.703026043,PAT1001,75.6,97.6,122.4,
2026-10-01 19:26:30.983694191,PAT1001,80.3,97.8,121.0,37.05
2026-10-01 19:26:59.634004746,PAT1001,88.9,97.8,123.3,37.03
2026-10-01 19:27:37.865431839,PAT1001,74.1,97.9,120.7,37.11
2026-10-01 19:28:15.680190341,PAT1001,81.8,97.9,,37.13
2026-10-01 19:28:34.119268168,PAT1001,79.6,,133.5,37.22
2026-10-01 19:29:17.416843390,PAT1001,75.4,97.1,113.6,37.04
2026-10-01 19:29:38.206827992,PAT1001,73.5,,111.6,37.02
2026-10-01 19:30:21.816698317,PAT1001,,97.2,119.4,36.94
2026-10-01 19:30:44.637697941,PAT1001,84.7,97.5,114.8,36.89
2026-10-01 19:31:16.145700108,PAT1001,73.0,97.5,124.6,36.87
2026-10-01 19:31:59.562852842,PAT1001,75.2,97.4,122.4,
2026-10-01 19:32:27.428071911,PAT1001,77.8,97.7,114.9,36.85
2026-10-01 19:32:49.840295352,PAT1001,75.6,96.6,109.0,36.88
2026-10-01 19:33:16.867726645,PAT1001,77.5,97.2,120.4,37.27
2026-10-01 19:33:53.983603614,PAT1001,74.6,,123.8,36.97
2026-10-01 19:34:09.222640036,PAT1001,79.9,96.1,108.5,37.05
2026-10-01 19:34:40.766905875,PAT1001,85.3,98.0,122.3,36.94
2026-10-01 19:35:19.888605020,PAT1001,81.4,97.8,121.2,36.81
2026-10-01 19:35:55.099211985,PAT1001,78.3,,127.6,36.88
2026-10-01 19:36:11.810159837,PAT1001,80.6,97.6,,37.08
2026-10-01 19:36:32.377013369,PAT1001,79.0,97.5,118.5,37.1
2026-10-01 19:36:56.390536785,PAT1001,80.4,96.7,118.4,37.24
2026-10-01 19:37:15.941372763,PAT1001,74.1,97.3,119.8,37.1
2026-10-01 19:37:54.105647370,PAT1001,88.7,97.6,111.6,37.16
2026-10-01 19:38:09.236700856,PAT1001,76.1,97.9,126.3,36.94
2026-10-01 19:38:31.496566274,PAT1001,81.4,98.0,120.4,37.01
2026-10-01 19:38:58.532187840,PAT1001,74.0,97.4,124.3,
2026-10-01 19:39:40.794415191,PAT1001,82.1,97.8,124.3,37.01
2026-10-01 19:40:01.557033547,PAT1001,74.8,97.6,,37.1
2026-10-01 19:40:37.333551920,PAT1001,77.3,97.3,124.8,37.12
2026-10-01 19:41:00.854772408,PAT1001,84.6,97.6,122.0,36.91
2026-10-01 19:41:30.109303602,PAT1001,81.2,97.9,113.7,36.99
2026-10-01 19:42:11.805004668,PAT1001,83.2,97.4,124.2,36.84
2026-10-01 19:42:44.350574588,PAT1001,,97.1,117.1,37.07
2026-10-01 19:43:17.627845725,PAT1001,78.9,98.0,116.2,37.13
2026-10-01 19:43:46.807991261,PAT1001,,97.3,116.0,36.99
2026-10-01 19:44:28.072486818,PAT1001,73.0,97.8,109.1,36.83
2026-10-01 19:44:50.088329303,PAT1001,78.6,96.9,116.1,36.85
2026-10-01 19:45:17.796352762,PAT1001,79.6,96.0,118.1,37.06
2026-10-01 19:45:46.934884522,PAT1001,88.1,97.0,115.6,
2026-10-01 19:46:02.871906623,PAT1001,76.3,97.9,125.8,37.07
2026-10-01 19:46:45.073539784,PAT1001,77.7,97.4,114.3,36.91
2026-10-01 19:47:13.146049566,PAT1001,75.0,97.7,115.3,36.91
2026-10-01 19:47:30.881376373,PAT1001,79.7,97.2,124.7,37.04
2026-10-01 19:47:59.980349253,PAT1001,69.9,97.4,116.5,36.96
2026-10-01 19:48:25.969917659,PAT1001,78.0,,121.1,36.95
2026-10-01 19:49:04.574772573,PAT1001,77.2,97.7,117.5,36.99
2026-10-01 19:49:25.556086100,PAT1001,74.0,97.4,121.6,36.93
2026-10-01 19:50:03.928746562,PAT1001,78.8,97.9,108.9,36.91
2026-10-01 19:50:26.755544414,PAT1001,77.7,97.9,118.2,37.11
2026-10-01 19:51:08.845111604,PAT1001,78.2,97.8,125.0,36.95
2026-10-01 19:51:28.047127928,PAT1001,83.4,97.6,111.9,
2026-10-01 19:52:10.048534058,PAT1001,81.7,98.0,122.4,36.86
2026-10-01 19:52:36.310300515,PAT1001,76.0,97.5,124.5,36.84
2026-10-01 19:52:58.874580461,PAT1001,76.9,95.0,111.7,37.01
2026-10-01 19:53:40.479127549,PAT1001,72.6,97.6,116.5,36.8
2026-10-01 19:53:55.742741458,PAT1001,,,117.6,36.96
2026-10-01 19:54:39.850444142,PAT1001,88.0,97.7,116.1,37.0
2026-10-01 19:55:03.332405803,PAT1001,78.1,98.0,,36.98
2026-10-01 19:55:21.896956993,PAT1001,78.4,97.6,116.9,36.98
2026-10-01 19:55:57.662568229,PAT1001,79.5,97.5,121.4,36.96
2026-10-01 19:56:31.006953083,PAT1001,84.1,96.6,124.9,37.04
2026-10-01 19:57:01.386654390,PAT1001,77.7,97.1,122.1,
2026-10-01 19:57:36.006571611,PAT1001,76.5,96.4,116.1,37.09
2026-10-01 19:57:56.697652889,PAT1001,82.6,97.4,113.1,37.0
2026-10-01 19:58:16.558380039,PAT1001,76.5,97.7,118.1,
2026-10-01 19:58:54.124471493,PAT1001,83.1,97.4,122.1,
2026-10-01 19:59:27.709139132,PAT1001,,97.3,110.3,36.88
2026-10-01 20:00:04.647701190,PAT1001,79.7,98.0,124.9,37.09
2026-10-01 20:00:48.529481657,PAT1001,84.6,97.9,109.0,37.02
2026-10-01 20:01:08.828147982,PAT1001,81.2,,121.2,37.04
2026-10-01 20:01:43.359809664,PAT1001,75.4,97.8,114.8,37.05
2026-10-01 20:02:19.936779714,PAT1001,73.8,97.8,116.8,37.1
2026-10-01 20:02:46.511336196,PAT1001,71.2,97.7,112.4,37.21
2026-10-01 20:03:16.621816879,PAT1001,79.3,97.9,123.8,36.9
2026-10-01 20:03:42.995377740,PAT1001,80.3,98.0,122.0,37.09
2026-10-01 20:04:12.010202969,PAT1001,74.1,97.9,114.6,36.99
2026-10-01 20:04:39.226524754,PAT1001,74.9,97.8,113.6,37.08
2026-10-01 20:04:57.669090555,PAT1001,73.1,97.0,115.6,37.0
2026-10-01 20:05:40.310362080,PAT1001,76.0,96.8,124.6,36.99
2026-10-01 20:06:19.458648651,PAT1001,81.6,96.9,118.2,36.9
2026-10-01 20:06:54.190335065,PAT1001,74.8,97.7,119.8,36.92
2026-10-01 20:07:11.784900697,PAT1001,75.8,98.0,,36.95
2026-10-01 20:07:52.693467147,PAT1001,,93.8,113.3,37.07
2026-10-01 20:08:30.324015548,PAT1001,76.9,97.6,118.7,37.01
2026-10-01 20:08:53.546086156,PAT1001,78.5,,114.9,36.82
2026-10-01 20:09:14.750603108,PAT1001,72.6,97.9,117.1,37.0
2026-10-01 20:09:54.169654474,PAT1001,84.5,96.7,,36.96
2026-10-01 20:10:35.776776707,PAT1001,78.1,95.4,121.0,36.94
2026-10-01 20:11:05.461568144,PAT1001,77.0,96.3,114.5,36.8
2026-10-01 20:11:42.906269083,PAT1001,81.4,97.5,122.5,36.99
2026-10-01 20:12:08.376562753,PAT1001,75.5,97.1,120.4,37.06
2026-10-01 20:12:26.060334946,PAT1001,74.4,97.9,122.9,36.94
2026-10-01 20:12:50.806329574,PAT1001,72.3,97.9,115.2,36.82
2026-10-01 20:13:30.195249952,PAT1001,82.3,97.6,119.4,37.0
2026-10-01 20:14:00.305368558,PAT1001,85.2,97.8,113.5,36.86
2026-10-01 20:14:44.153773236,PAT1001,77.5,98.0,112.6,36.87
2026-10-01 20:15:00.428458746,PAT1001,83.7,97.8,121.4,36.88
2026-10-01 20:15:18.824890273,PAT1001,80.3,97.5,122.1,36.85
2026-10-01 20:15:49.250097924,PAT1001,75.4,96.5,121.0,36.99
2026-10-01 20:16:17.720798798,PAT1001,77.5,97.5,123.5,36.82
2026-10-01 20:16:53.588610079,PAT1001,78.4,97.0,119.7,37.01
2026-10-01 20:17:25.607174763,PAT1001,86.5,96.7,,36.97
2026-10-01 20:17:59.070662135,PAT1001,76.9,97.9,117.6,37.0
2026-10-01 20:18:23.782344146,PAT1001,78.7,97.1,118.6,37.07
2026-10-01 20:18:44.908857147,PAT1001,76.5,97.1,126.2,37.06
2026-10-01 20:19:13.627888145,PAT1001,74.3,97.2,117.2,36.88
2026-10-01 20:19:58.321466490,PAT1001,74.2,97.8,122.9,36.99
2026-10-01 20:20:19.561474907,PAT1001,70.4,,111.8,36.94
2026-10-01 20:21:00.589926810,PAT1001,74.5,97.7,118.2,37.08
2026-10-01 20:21:34.702962951,PAT1001,72.4,97.9,111.1,36.84
2026-10-01 20:22:03.206350599,PAT1001,72.2,97.6,,36.88
2026-10-01 20:22:27.812145910,PAT1001,78.0,,129.2,36.94
2026-10-01 20:23:11.554740653,PAT1001,80.8,97.7,105.7,36.85
2026-10-01 20:23:49.960143691,PAT1001,76.5,97.7,119.5,37.05
2026-10-01 20:24:14.664198397,PAT1001,76.9,96.1,114.3,
2026-10-01 20:24:39.941601318,PAT1001,79.8,,115.3,37.05
2026-10-01 20:25:14.392969104,PAT1001,72.7,97.5,117.0,36.69
2026-10-01 20:25:34.834711733,PAT1001,74.6,97.5,109.8,36.8
2026-10-01 20:25:51.628120343,PAT1001,79.5,97.2,119.4,36.87
2026-10-01 20:26:24.498014057,PAT1001,77.6,97.5,109.7,
2026-10-01 20:26:48.926357584,PAT1001,77.2,97.8,120.4,36.99
2026-10-01 20:27:16.796677210,PAT1001,80.2,97.5,109.1,36.88
2026-10-01 20:28:00.605853158,PAT1001,77.3,97.7,118.5,36.93
2026-10-01 20:28:27.821772595,PAT1001,78.2,96.9,123.0,37.01
2026-10-01 20:28:56.558351291,PAT1001,81.5,97.6,113.0,37.01
2026-10-01 20:29:12.277015843,PAT1001,83.4,97.0,122.5,36.93
2026-10-01 20:29:56.331634522,PAT1001,83.2,97.7,123.5,36.92
2026-10-01 20:30:40.874570119,PAT1001,76.0,97.9,113.9,37.0
2026-10-01 20:31:02.914475127,PAT1001,79.5,97.4,113.1,36.92
2026-10-01 20:31:23.824062661,PAT1001,78.3,97.0,114.4,36.89
2026-10-01 20:32:03.253772089,PAT1001,82.4,96.4,127.5,36.83
2026-10-01 20:32:46.865484442,PAT1001,73.1,97.8,115.9,36.97
2026-10-01 20:33:20.329271941,PAT1001,83.2,97.3,124.9,36.73
2026-10-01 20:33:49.381133505,PAT1001,75.4,97.7,116.0,36.75
2026-10-01 20:34:24.831933598,PAT1001,77.7,97.1,,36.81
2026-10-01 20:34:48.442203474,PAT1001,73.0,,111.6,
2026-10-01 20:35:23.342683695,PAT1001,80.3,98.0,117.5,36.81
2026-10-01 20:36:00.089440527,PAT1001,75.8,97.7,120.8,36.96
2026-10-01 20:36:19.545660101,PAT1001,71.8,97.4,116.3,36.8
2026-10-01 20:36:55.515067441,PAT1001,73.6,97.7,113.2,36.89
2026-10-01 20:37:30.488139780,PAT1001,,97.6,123.4,37.02
2026-10-01 20:37:51.027680401,PAT1001,80.0,97.4,112.8,37.14
2026-10-01 20:38:26.547561177,PAT1001,80.5,,108.4,36.86
2026-10-01 20:39:04.291902547,PAT1001,75.0,97.5,113.4,36.86
2026-10-01 20:39:31.749569374,PAT1001,77.3,,114.7,36.98
2026-10-01 20:39:53.287660083,PAT1001,81.5,97.8,112.0,36.73
2026-10-01 20:40:34.914488822,PAT1001,77.6,97.2,,
2026-10-01 20:41:11.561194271,PAT1001,73.0,96.6,108.7,36.78
2026-10-01 20:41:44.464777930,PAT1001,,97.9,116.3,37.0
2026-10-01 20:42:10.530932377,PAT1001,77.9,97.8,114.3,36.71
2026-10-01 20:42:32.805265172,PAT1001,78.6,,119.2,37.07
2026-10-01 20:42:50.904550783,PAT1001,74.9,97.9,123.6,36.84
2026-10-01 20:43:17.296886387,PAT1001,,98.0,125.0,36.85
2026-10-01 20:43:55.793375530,PAT1001,79.2,97.2,116.1,36.81
2026-10-01 20:44:27.141054030,PAT1001,75.3,97.9,108.9,37.05
2026-10-01 20:44:42.777163310,PAT1001,,97.4,112.1,36.89
2026-10-01 20:45:17.875795474,PAT1001,79.5,97.8,118.4,36.79
2026-10-01 20:45:37.823331163,PAT1001,84.0,97.5,124.1,
2026-10-01 20:45:54.986991216,PAT1001,78.9,97.4,114.1,36.91
2026-10-01 20:46:25.611244533,PAT1001,68.7,96.3,111.0,37.04
2026-10-01 20:46:44.445162967,PAT1001,77.6,,115.9,36.9
2026-10-01 20:47:11.406132925,PAT1001,75.1,97.9,117.0,36.75
2026-10-01 20:47:47.166810315,PAT1001,71.2,98.0,117.3,36.87
2026-10-01 20:48:17.910048007,PAT1001,80.3,96.5,,36.8
2026-10-01 20:49:01.431232423,PAT1001,78.7,97.9,110.0,36.92
2026-10-01 20:49:34.517319429,PAT1001,75.9,97.4,114.7,36.95
2026-10-01 20:50:08.175168259,PAT1001,76.1,97.1,117.0,36.96
2026-10-01 20:50:34.506614508,PAT1001,74.7,95.8,,
2026-10-01 20:51:11.183086587,PAT1001,72.6,97.3,122.9,36.93
2026-10-01 20:51:31.083787734,PAT1001,78.1,97.6,116.4,37.01
2026-10-01 20:52:03.813847182,PAT1001,78.1,97.2,123.4,36.91
2026-10-01 20:52:19.971207023,PAT1001,82.8,97.8,114.5,36.8
2026-10-01 20:53:03.591118320,PAT1001,73.3,96.4,115.9,36.89
2026-10-01 20:53:28.893515670,PAT1001,74.2,96.9,112.1,36.97
2026-10-01 20:53:54.300739062,PAT1001,74.2,96.4,113.5,36.7
2026-10-01 20:54:25.367604120,PAT1001,,97.9,116.3,36.87
2026-10-01 20:55:08.229473028,PAT1001,76.2,,116.9,36.96
2026-10-01 20:55:50.316488855,PAT1001,78.1,96.1,116.2,36.92
2026-10-01 20:56:11.541087960,PAT1001,74.4,,,36.86
2026-10-01 20:56:33.077828686,PAT1001,77.0,,106.4,36.76
2026-10-01 20:57:14.658219297,PAT1001,76.9,96.7,116.4,36.87
2026-10-01 20:57:40.580114982,PAT1001,77.3,97.2,115.7,36.61
2026-10-01 20:58:17.507882854,PAT1001,76.5,97.2,114.2,37.0
2026-10-01 20:58:41.741296272,PAT1001,77.2,98.0,107.0,36.89
2026-10-01 20:58:58.832350966,PAT1001,82.2,97.2,106.5,36.92
2026-10-01 20:59:32.654686172,PAT1001,75.8,96.3,113.1,36.98
2026-10-01 20:59:48.620718650,PAT1001,76.3,97.9,123.1,36.62
2026-10-01 21:00:20.667577172,PAT1001,69.1,97.7,113.3,36.64
2026-10-01 21:00:48.531141951,PAT1001,73.2,96.3,118.4,36.73
2026-10-01 21:01:18.427124171,PAT1001,74.7,97.2,108.4,36.62
2026-10-01 21:01:44.279671428,PAT1001,73.1,97.7,115.7,36.95
2026-10-01 21:02:16.616359283,PAT1001,78.9,97.9,114.3,36.77
2026-10-01 21:02:48.262623796,PAT1001,69.1,97.3,113.7,36.79
2026-10-01 21:03:19.190048251,PAT1001,81.4,98.0,111.4,36.94
2026-10-01 21:04:01.881400550,PAT1001,75.4,,122.0,36.7
2026-10-01 21:04:25.465132664,PAT1001,69.1,97.5,113.1,36.81
2026-10-01 21:05:05.757389249,PAT1001,73.0,,111.2,36.69
2026-10-01 21:05:33.690264692,PAT1001,74.4,97.7,122.4,36.69
2026-10-01 21:05:57.571752739,PAT1001,78.7,96.6,120.0,36.83
2026-10-01 21:06:40.781959894,PAT1001,75.5,97.9,119.3,36.61
2026-10-01 21:07:23.672324656,PAT1001,73.3,97.8,116.4,36.77
2026-10-01 21:07:55.033622460,PAT1001,74.4,97.7,113.1,36.85
2026-10-01 21:08:33.630844248,PAT1001,78.4,97.2,108.6,36.83
2026-10-01 21:08:55.651421183,PAT1001,77.4,97.8,,
2026-10-01 21:09:32.337332641,PAT1001,,97.9,121.9,36.8
2026-10-01 21:10:10.333638561,PAT1001,69.7,97.9,116.3,36.86
2026-10-01 21:10:40.382050370,PAT1001,,97.5,114.6,36.75
2026-10-01 21:11:14.825496121,PAT1001,81.1,97.7,115.8,36.75
2026-10-01 21:11:40.865374406,PAT1001,75.1,97.9,112.7,36.85
2026-10-01 21:11:56.711374050,PAT1001,74.4,97.5,118.4,37.0
2026-10-01 21:12:15.361240183,PAT1001,,97.9,108.3,36.66
2026-10-01 21:12:46.350189061,PAT1001,75.4,97.7,122.7,
2026-10-01 21:13:16.009403987,PAT1001,74.0,97.0,106.4,36.79
2026-10-01 21:13:44.525851574,PAT1001,72.7,97.5,117.4,36.68
2026-10-01 21:14:16.428308127,PAT1001,81.3,97.9,119.3,36.76
2026-10-01 21:14:59.564659834,PAT1001,75.2,97.9,,36.82
2026-10-01 21:15:39.182314242,PAT1001,,97.1,112.1,36.67
2026-10-01 21:15:55.035441509,PAT1001,73.5,97.9,111.5,36.73
2026-10-01 21:16:25.127808315,PAT1001,,97.5,112.8,36.71
2026-10-01 21:16:50.986471261,PAT1001,71.8,97.9,120.2,36.79
2026-10-01 21:17:15.059438985,PAT1001,74.9,97.9,110.4,36.88
2026-10-01 21:17:49.600403510,PAT1001,78.8,97.7,115.1,36.78
2026-10-01 21:18:26.415772285,PAT1001,,97.1,110.2,36.78
2026-10-01 21:18:54.533300753,PAT1001,77.8,,120.7,36.94
2026-10-01 21:19:28.615078729,PAT1001,,97.2,108.6,36.68
2026-10-01 21:20:10.034823826,PAT1001,76.7,98.0,113.8,36.77
2026-10-01 21:20:45.201222082,PAT1001,77.4,,108.8,36.66
2026-10-01 21:21:05.679451876,PAT1001,76.0,97.5,110.1,36.74
2026-10-01 21:21:45.540135389,PAT1001,77.4,97.8,115.7,36.82
2026-10-01 21:22:11.861452254,PAT1001,79.1,97.7,110.9,36.83
2026-10-01 21:22:55.147510208,PAT1001,75.3,96.5,107.7,
2026-10-01 21:23:34.358331596,PAT1001,73.8,97.2,109.8,36.82
2026-10-01 21:23:54.835459371,PAT1001,68.0,97.6,112.0,36.73
2026-10-01 21:24:37.160320347,PAT1001,74.7,97.2,105.8,36.88
2026-10-01 21:24:58.172507603,PAT1001,74.2,97.9,111.6,36.76
2026-10-01 21:25:14.342176877,PAT1001,77.9,97.3,113.5,36.85
2026-10-01 21:25:34.736094588,PAT1001,70.5,97.2,110.5,36.84
2026-10-01 21:26:01.647003242,PAT1001,74.8,97.8,120.3,36.93
2026-10-01 21:26:45.876879910,PAT1001,75.8,95.7,112.7,
2026-10-01 21:27:12.483895446,PAT1001,68.9,97.3,114.6,36.73
2026-10-01 21:27:45.552778481,PAT1001,81.8,96.9,104.7,36.86
2026-10-01 21:28:25.583362165,PAT1001,,97.8,107.7,36.77
2026-10-01 21:29:04.359316482,PAT1001,74.9,98.0,111.2,36.65
2026-10-01 21:29:23.355680385,PAT1001,75.1,97.9,116.1,37.09
2026-10-01 21:30:04.511457867,PAT1001,74.2,97.1,113.8,
2026-10-01 21:30:34.715779942,PAT1001,73.1,,124.1,36.77
2026-10-01 21:31:06.342829896,PAT1001,84.6,97.6,98.3,36.79
2026-10-01 21:31:44.423185427,PAT1001,77.6,97.5,123.1,36.87
2026-10-01 21:32:00.741439216,PAT1001,75.9,97.4,117.9,36.78
2026-10-01 21:32:30.467916326,PAT1001,74.6,97.8,118.1,36.81
2026-10-01 21:32:54.189249728,PAT1001,72.1,97.7,104.5,36.86
2026-10-01 21:33:18.811979620,PAT1001,77.2,97.3,113.8,36.83
2026-10-01 21:33:45.526746939,PAT1001,75.0,97.8,115.3,36.8
2026-10-01 21:34:26.392983030,PAT1001,76.7,97.1,117.8,36.75
2026-10-01 21:35:06.955731237,PAT1001,74.2,97.7,106.1,36.73
2026-10-01 21:35:40.571994791,PAT1001,79.6,97.5,110.6,36.73
2026-10-01 21:36:18.406859312,PAT1001,71.8,97.9,,36.9
2026-10-01 21:36:45.595477466,PAT1001,78.9,97.8,108.6,36.84
2026-10-01 21:37:21.483558838,PAT1001,71.1,97.7,115.0,36.82
2026-10-01 21:38:02.013792812,PAT1001,76.3,96.2,114.7,36.87
2026-10-01 21:38:29.979890098,PAT1001,77.1,97.0,,36.71
2026-10-01 21:39:02.021184331,PAT1001,75.9,97.6,112.0,36.75
2026-10-01 21:39:21.594218082,PAT1001,77.3,98.0,115.2,36.76
2026-10-01 21:39:49.036706627,PAT1001,70.3,97.9,115.1,36.78
2026-10-01 21:40:18.556639476,PAT1001,81.8,97.6,112.6,36.65
2026-10-01 21:40:57.624274394,PAT1001,75.6,98.0,,36.69
2026-10-01 21:41:28.418379359,PAT1001,77.6,97.2,109.3,36.84
2026-10-01 21:41:49.858904041,PAT1001,72.5,97.6,,36.77
2026-10-01 21:42:33.921804244,PAT1001,70.4,97.9,103.5,36.68
2026-10-01 21:42:52.104903081,PAT1001,70.6,96.9,119.5,36.65
2026-10-01 21:43:27.250391249,PAT1001,75.0,97.6,111.1,37.09
2026-10-01 21:43:45.970607159,PAT1001,73.9,97.7,116.9,36.84
2026-10-01 21:44:16.996182115,PAT1001,76.0,97.5,117.0,36.67
2026-10-01 21:44:32.691844786,PAT1001,79.6,96.9,110.8,36.65
2026-10-01 21:45:10.512983434,PAT1001,75.1,97.8,111.2,36.73
2026-10-01 21:45:53.276726506,PAT1001,73.8,96.8,116.3,36.7
2026-10-01 21:46:13.849639253,PAT1001,79.0,97.1,111.7,36.75
2026-10-01 21:46:42.169490382,PAT1001,,,111.3,36.85
2026-10-01 21:47:04.997235254,PAT1001,81.5,97.8,114.9,36.88
2026-10-01 21:47:32.498433401,PAT1001,74.6,97.6,,36.76
2026-10-01 21:48:02.896975612,PAT1001,80.3,97.1,114.8,36.85
2026-10-01 21:48:29.993638897,PAT1001,75.5,96.3,110.7,
2026-10-01 21:49:00.956573863,PAT1001,71.6,97.5,116.3,36.86
2026-10-01 21:49:21.740769432,PAT1001,,97.9,,36.6
2026-10-01 21:50:04.173876006,PAT1001,79.1,,118.1,36.74
2026-10-01 21:50:28.199252624,PAT1001,68.2,97.2,119.5,36.86
2026-10-01 21:50:46.121911219,PAT1001,74.4,97.9,107.8,36.73
2026-10-01 21:51:10.673077251,PAT1001,75.5,97.9,111.2,36.65
2026-10-01 21:51:27.859908770,PAT1001,71.6,98.0,117.0,36.78
2026-10-01 21:51:49.793678943,PAT1001,70.7,98.0,112.1,36.7
2026-10-01 21:52:15.057515193,PAT1001,73.1,97.9,113.1,36.73
2026-10-01 21:52:30.081520104,PAT1001,79.3,97.2,121.7,37.03
2026-10-01 21:53:06.683733270,PAT1001,74.7,97.2,116.1,36.91
2026-10-01 21:53:44.002309045,PAT1001,77.2,95.9,114.5,36.7
2026-10-01 21:54:20.952626693,PAT1001,78.5,97.8,,36.86
2026-10-01 21:54:57.157604335,PAT1001,68.1,97.3,107.5,
2026-10-01 21:55:25.935114047,PAT1001,76.7,97.2,110.4,36.65
2026-10-01 21:55:54.940176634,PAT1001,72.6,97.7,120.0,36.69
2026-10-01 21:56:16.052300629,PAT1001,70.7,97.7,106.5,36.6
2026-10-01 21:56:44.662229644,PAT1001,74.8,95.9,111.1,36.8
2026-10-01 21:57:24.117535706,PAT1001,70.7,98.0,,36.59
2026-10-01 21:57:46.832764349,PAT1001,74.5,97.3,110.7,36.72
2026-10-01 21:58:22.080711712,PAT1001,75.8,95.6,105.1,36.79
2026-10-01 21:58:57.855935783,PAT1001,78.4,98.0,120.7,36.62
2026-10-01 21:59:27.837071515,PAT1001,71.8,97.8,104.6,36.73
2026-10-01 22:00:08.300570075,PAT1001,78.8,95.4,117.5,36.73
2026-10-01 22:00:29.072212527,PAT1001,,95.8,,36.78
2026-10-01 22:00:58.566439115,PAT1001,67.1,96.5,111.6,
2026-10-01 22:01:41.023674250,PAT1001,74.9,96.1,105.0,36.73
2026-10-01 22:01:56.112605860,PAT1001,74.9,,112.3,36.63
2026-10-01 22:02:18.655324962,PAT1001,,96.5,111.7,36.66
2026-10-01 22:03:02.763720387,PAT1001,78.0,96.4,118.2,36.78
2026-10-01 22:03:23.923178851,PAT1001,79.6,96.5,111.7,36.78
2026-10-01 22:03:44.199720984,PAT1001,72.2,93.9,114.0,36.62
2026-10-01 22:04:18.342887757,PAT1001,77.6,96.2,104.7,36.78
2026-10-01 22:04:44.018834980,PAT1001,72.1,96.3,113.2,
2026-10-01 22:04:59.931541619,PAT1001,78.7,95.5,111.2,36.75
2026-10-01 22:05:28.480178599,PAT1001,76.3,94.8,118.8,36.74
2026-10-01 22:05:58.670719817,PAT1001,,,110.0,36.81
2026-10-01 22:06:36.697397302,PAT1001,74.1,96.3,111.8,
2026-10-01 22:07:19.580588076,PAT1001,73.9,95.0,114.0,36.58
2026-10-01 22:07:39.157126606,PAT1001,76.7,95.9,110.7,36.81
2026-10-01 22:08:12.690116790,PAT1001,73.2,,113.8,36.72
2026-10-01 22:08:36.017553085,PAT1001,76.2,,109.5,36.65
2026-10-01 22:09:09.435075723,PAT1001,64.8,96.0,105.5,36.65
2026-10-01 22:09:28.144977252,PAT1001,70.3,95.2,112.9,36.63
2026-10-01 22:10:12.544692207,PAT1001,74.5,,102.2,36.6
2026-10-01 22:10:27.942841226,PAT1001,73.4,94.2,109.4,36.67
2026-10-01 22:10:48.186470942,PAT1001,72.2,96.2,112.4,36.65
2026-10-01 22:11:30.690448986,PAT1001,,95.6,110.5,36.57
2026-10-01 22:11:47.724656206,PAT1001,75.3,96.0,122.1,36.7
2026-10-01 22:12:32.187989497,PAT1001,74.0,95.9,109.5,36.78
2026-10-01 22:13:08.117915826,PAT1001,70.6,96.5,118.4,36.61
2026-10-01 22:13:25.791206903,PAT1001,74.1,95.0,114.5,
2026-10-01 22:13:44.413415580,PAT1001,68.7,95.6,105.7,36.66
2026-10-01 22:14:20.670705756,PAT1001,71.7,96.4,,36.68
2026-10-01 22:14:54.829555258,PAT1001,74.2,96.1,109.0,36.58
2026-10-01 22:15:35.851358554,PAT1001,73.8,96.1,106.7,36.67
2026-10-01 22:15:59.655505297,PAT1001,74.8,96.3,121.5,
2026-10-01 22:16:35.075318522,PAT1001,75.4,96.1,,36.6
2026-10-01 22:17:10.930498568,PAT1001,72.5,,105.4,36.63
2026-10-01 22:17:33.149301688,PAT1001,73.9,95.3,105.9,36.69
2026-10-01 22:17:49.230658470,PAT1001,,,,36.72
2026-10-01 22:18:21.558248996,PAT1001,72.7,96.3,106.7,36.58
2026-10-01 22:18:43.677618456,PAT1001,74.2,96.3,101.2,36.57
2026-10-01 22:19:20.069445392,PAT1001,70.4,95.7,105.2,
2026-10-01 22:19:49.533153000,PAT1001,78.4,96.4,104.2,36.71
2026-10-01 22:20:13.855312902,PAT1001,75.4,96.4,112.6,36.5
2026-10-01 22:20:52.337641990,PAT1001,,96.4,106.2,36.74
2026-10-01 22:21:07.371500728,PAT1001,,95.6,109.7,36.78
2026-10-01 22:21:50.603737065,PAT1001,75.2,94.5,108.0,36.58
2026-10-01 22:22:29.491551108,PAT1001,75.0,96.1,105.5,36.69
2026-10-01 22:23:13.214130271,PAT1001,,96.4,108.9,36.41
2026-10-01 22:23:40.705962291,PAT1001,74.9,96.4,110.7,36.72
2026-10-01 22:24:04.353386068,PAT1001,76.8,95.3,117.3,36.73
2026-10-01 22:24:40.522744442,PAT1001,78.7,,111.9,36.56
2026-10-01 22:25:16.192018018,PAT1001,79.8,96.5,,36.81
2026-10-01 22:25:36.651515913,PAT1001,67.8,,111.8,36.72
2026-10-01 22:26:05.701977758,PAT1001,73.2,95.7,112.6,36.66
2026-10-01 22:26:21.979877428,PAT1001,77.7,95.0,106.3,
2026-10-01 22:26:46.919318533,PAT1001,73.7,96.1,108.1,36.5
2026-10-01 22:27:03.346688424,PAT1001,75.5,96.4,116.9,36.63
2026-10-01 22:27:18.663712251,PAT1001,72.4,95.8,111.7,36.62
2026-10-01 22:27:52.269425941,PAT1001,67.5,96.2,111.2,36.67
2026-10-01 22:28:08.623541157,PAT1001,75.8,96.5,115.3,36.67
2026-10-01 22:28:29.892111080,PAT1001,78.3,96.1,112.8,36.58
2026-10-01 22:28:50.131003982,PAT1001,71.6,95.6,,36.55
2026-10-01 22:29:14.229307559,PAT1001,73.6,95.9,113.4,36.51
2026-10-01 22:29:40.522590648,PAT1001,67.2,96.4,109.1,36.61
2026-10-01 22:30:23.806435652,PAT1001,74.0,96.3,104.8,36.68
2026-10-01 22:30:49.266056114,PAT1001,72.7,95.5,109.1,36.61
2026-10-01 22:31:21.843204174,PAT1001,66.2,95.5,121.5,36.64
2026-10-01 22:32:02.946198031,PAT1001,81.7,96.1,110.9,36.53
2026-10-01 22:32:23.704725227,PAT1001,67.4,96.3,109.5,36.51
2026-10-01 22:32:43.451444314,PAT1001,64.6,,111.4,36.59
2026-10-01 22:33:21.395898357,PAT1001,76.8,96.1,108.0,36.83
2026-10-01 22:33:51.833967464,PAT1001,82.5,96.5,111.8,36.72
2026-10-01 22:34:12.341543752,PAT1001,,95.9,108.0,36.62
2026-10-01 22:34:41.446002463,PAT1001,69.8,,104.6,36.72
2026-10-01 22:35:20.929883142,PAT1001,73.9,93.8,111.1,36.67
2026-10-01 22:35:57.828561237,PAT1001,,96.3,103.5,36.7
2026-10-01 22:36:29.024970559,PAT1001,71.2,95.8,102.2,36.55
2026-10-01 22:36:45.697154050,PAT1001,74.8,95.8,106.2,36.63
2026-10-01 22:37:08.029938218,PAT1001,70.2,95.9,106.0,36.75
2026-10-01 22:37:52.760121572,PAT1001,77.0,95.7,110.2,36.7
2026-10-01 22:38:16.782215805,PAT1001,71.1,96.2,108.8,36.52
2026-10-01 22:38:56.275726889,PAT1001,75.7,96.4,111.7,36.61
2026-10-01 22:39:15.226392691,PAT1001,75.8,96.2,117.7,36.68
2026-10-01 22:39:54.511350724,PAT1001,76.9,95.8,119.5,36.54
2026-10-01 22:40:28.023990292,PAT1001,71.2,96.1,111.4,
2026-10-01 22:41:00.051763396,PAT1001,70.0,95.9,113.3,36.56
2026-10-01 22:41:25.469214171,PAT1001,72.7,93.9,108.1,36.66
2026-10-01 22:42:03.828925021,PAT1001,69.8,95.0,107.9,36.74
2026-10-01 22:42:37.271930406,PAT1001,79.8,96.5,107.1,
2026-10-01 22:43:00.478001467,PAT1001,70.9,96.4,,36.72
2026-10-01 22:43:29.750515000,PAT1001,69.9,,105.3,36.62
2026-10-01 22:43:48.950620257,PAT1001,,96.4,107.6,36.77
2026-10-01 22:44:30.721258316,PAT1001,69.7,96.1,110.2,36.61
2026-10-01 22:44:55.866107508,PAT1001,71.3,96.5,112.3,36.68
2026-10-01 22:45:34.781020615,PAT1001,75.4,96.5,,36.78
2026-10-01 22:45:50.096794435,PAT1001,69.1,96.5,100.0,36.61
2026-10-01 22:46:14.514223180,PAT1001,68.6,95.5,106.9,36.8
2026-10-01 22:46:44.608571953,PAT1001,74.2,95.6,109.8,36.4
2026-10-01 22:47:16.852042963,PAT1001,73.3,95.6,111.6,36.54
2026-10-01 22:47:39.958641326,PAT1001,76.4,95.3,115.1,36.71
2026-10-01 22:48:15.711455900,PAT1001,80.0,96.4,113.1,36.64
2026-10-01 22:48:38.732487531,PAT1001,68.6,95.6,111.3,36.65
2026-10-01 22:49:04.887357066,PAT1001,75.4,96.4,110.9,36.66
2026-10-01 22:49:47.781019604,PAT1001,76.9,96.3,103.9,36.61
2026-10-01 22:50:13.585984503,PAT1001,74.8,96.4,114.4,36.7
2026-10-01 22:50:36.749347037,PAT1001,68.0,96.0,115.4,36.5
2026-10-01 22:51:14.468501354,PAT1001,,96.3,110.5,36.64
2026-10-01 22:51:30.988589859,PAT1001,78.9,96.5,,
2026-10-01 22:51:50.253343171,PAT1001,75.0,95.7,113.5,36.68
2026-10-01 22:52:10.897747008,PAT1001,69.6,96.5,112.0,36.59
2026-10-01 22:52:28.588440119,PAT1001,70.1,,105.0,36.46
2026-10-01 22:53:10.040546230,PAT1001,69.7,94.7,118.3,36.54
2026-10-01 22:53:42.678720942,PAT1001,80.8,96.3,113.6,36.78
2026-10-01 22:54:05.765030678,PAT1001,68.6,95.9,115.5,
2026-10-01 22:54:23.606489887,PAT1001,70.4,95.0,109.7,36.62
2026-10-01 22:55:04.284059804,PAT1001,80.2,96.5,107.1,
2026-10-01 22:55:39.511351799,PAT1001,73.0,96.4,114.0,36.81
2026-10-01 22:56:16.402721414,PAT1001,72.2,95.3,111.2,36.62
2026-10-01 22:56:55.426546824,PAT1001,72.5,96.5,111.5,36.46
2026-10-01 22:57:21.319249360,PAT1001,70.1,96.0,,36.65
2026-10-01 22:57:44.724350430,PAT1001,74.7,96.2,,36.84
2026-10-01 22:58:06.965521311,PAT1001,74.3,95.8,105.3,36.59
2026-10-01 22:58:33.501115581,PAT1001,66.9,96.3,109.6,36.69
2026-10-01 22:59:00.798647222,PAT1001,74.2,,105.7,36.63
2026-10-01 22:59:23.556494981,PAT1001,70.4,,112.6,36.61
2026-10-01 22:59:53.669238418,PAT1001,68.2,95.5,115.1,
2026-10-01 23:00:20.508920622,PAT1001,71.1,95.7,104.9,
2026-10-01 23:00:41.608396086,PAT1001,72.4,95.6,106.7,36.68
2026-10-01 23:01:09.558264315,PAT1001,73.8,96.3,118.8,36.63
2026-10-01 23:01:49.179644601,PAT1001,73.4,95.9,105.1,36.47
2026-10-01 23:02:20.902669683,PAT1001,64.0,96.1,113.3,36.66
2026-10-01 23:02:51.227631229,PAT1001,73.7,95.9,115.0,36.54
2026-10-01 23:03:09.062222105,PAT1001,70.5,93.9,112.3,36.56
2026-10-01 23:03:35.563363294,PAT1001,72.8,94.5,114.1,36.67
2026-10-01 23:04:08.317650280,PAT1001,78.8,96.4,111.4,36.64
2026-10-01 23:04:27.526454829,PAT1001,,96.2,104.4,36.5
2026-10-01 23:05:08.336799103,PAT1001,69.8,96.3,112.7,36.57
2026-10-01 23:05:33.520016538,PAT1001,81.7,95.0,99.9,36.77
2026-10-01 23:06:11.452440074,PAT1001,78.5,95.7,113.5,36.72
2026-10-01 23:06:52.702629656,PAT1001,68.8,96.5,104.1,36.57
2026-10-01 23:07:28.628088187,PAT1001,75.0,94.6,106.9,36.53
2026-10-01 23:08:11.205083877,PAT1001,,95.9,105.8,36.71
2026-10-01 23:08:35.810663794,PAT1001,72.0,,114.0,36.56
2026-10-01 23:08:56.871342644,PAT1001,63.8,94.3,113.0,36.72
2026-10-01 23:09:33.243068288,PAT1001,73.0,95.8,112.8,36.58
2026-10-01 23:10:08.527310292,PAT1001,72.9,96.4,109.5,36.49
2026-10-01 23:10:37.392817896,PAT1001,73.3,,113.4,36.54
2026-10-01 23:11:17.084324215,PAT1001,70.2,96.1,110.4,
2026-10-01 23:11:46.611847428,PAT1001,71.5,96.1,104.2,36.58
2026-10-01 23:12:26.963702443,PAT1001,74.9,95.1,108.1,36.56
2026-10-01 23:12:59.496497229,PAT1001,70.4,95.9,109.7,
2026-10-01 23:13:19.932575169,PAT1001,71.0,96.2,105.3,36.7
2026-10-01 23:13:44.307498148,PAT1001,73.5,95.7,110.3,36.51
2026-10-01 23:14:24.894595691,PAT1001,73.5,96.0,115.8,36.71
2026-10-01 23:14:47.839771368,PAT1001,71.6,94.8,112.0,36.72
2026-10-01 23:15:25.387805903,PAT1001,79.4,95.4,109.0,36.57
2026-10-01 23:15:49.573589665,PAT1001,75.6,96.1,103.0,36.68
2026-10-01 23:16:16.868656493,PAT1001,74.5,96.4,109.8,36.56
2026-10-01 23:16:55.447112035,PAT1001,68.4,,103.5,
2026-10-01 23:17:33.057370068,PAT1001,72.2,,,36.55
2026-10-01 23:18:01.490244259,PAT1001,72.8,,,36.57
2026-10-01 23:18:46.091805648,PAT1001,66.9,94.0,100.3,
2026-10-01 23:19:07.436204728,PAT1001,69.4,96.3,119.8,
2026-10-01 23:19:27.023125684,PAT1001,67.8,,102.7,36.56
2026-10-01 23:19:46.121641258,PAT1001,69.0,96.0,107.6,36.58
2026-10-01 23:20:04.884543955,PAT1001,74.9,96.3,115.7,36.58
2026-10-01 23:20:24.320127397,PAT1001,67.5,96.0,110.0,36.75
2026-10-01 23:20:45.491772525,PAT1001,68.7,96.3,109.0,36.64
2026-10-01 23:21:13.626562277,PAT1001,71.3,95.7,111.4,36.64
2026-10-01 23:21:50.265783124,PAT1001,71.3,95.8,111.2,36.51
2026-10-01 23:22:35.245571711,PAT1001,78.8,96.0,106.3,36.7
2026-10-01 23:23:18.553717200,PAT1001,70.8,,,36.7
2026-10-01 23:23:48.693533959,PAT1001,72.3,95.7,114.7,36.69
2026-10-01 23:24:25.740029275,PAT1001,71.3,,106.2,36.48
2026-10-01 23:25:08.463366619,PAT1001,72.6,96.1,104.6,36.57
2026-10-01 23:25:44.026168786,PAT1001,72.4,96.0,112.9,36.55
2026-10-01 23:26:11.608134854,PAT1001,73.6,96.2,118.5,36.62
2026-10-01 23:26:52.167746229,PAT1001,,95.4,103.9,36.42
2026-10-01 23:27:17.447779923,PAT1001,76.1,95.6,107.4,36.57
2026-10-01 23:28:01.893657383,PAT1001,71.8,96.3,106.2,36.63
2026-10-01 23:28:40.969349872,PAT1001,69.3,95.7,108.4,36.59
2026-10-01 23:29:07.736902561,PAT1001,70.1,95.4,113.7,36.58
2026-10-01 23:29:23.884914939,PAT1001,68.7,96.2,105.4,36.49
2026-10-01 23:29:52.553992317,PAT1001,70.3,96.5,111.5,36.48
2026-10-01 23:30:15.978517377,PAT1001,75.8,95.6,111.2,36.71
2026-10-01 23:30:47.435775192,PAT1001,74.0,96.4,115.5,36.49
2026-10-01 23:31:11.851571433,PAT1001,,95.5,106.8,36.54
2026-10-01 23:31:53.121458343,PAT1001,73.4,,,36.45
2026-10-01 23:32:09.175838005,PAT1001,72.6,,97.1,36.62
2026-10-01 23:32:38.805294655,PAT1001,71.4,96.5,,36.6
2026-10-01 23:33:06.844471604,PAT1001,74.3,96.1,106.1,36.47
2026-10-01 23:33:43.541135642,PAT1001,71.3,96.0,111.2,36.54
2026-10-01 23:34:18.647784056,PAT1001,67.9,96.3,107.4,36.48
2026-10-01 23:34:44.569023968,PAT1001,75.2,96.1,113.8,36.52
2026-10-01 23:35:13.884309347,PAT1001,78.8,96.5,112.1,
2026-10-01 23:35:53.872102872,PAT1001,75.7,95.2,,36.59
2026-10-01 23:36:09.492911520,PAT1001,70.9,95.7,105.8,36.61
2026-10-01 23:36:27.050456546,PAT1001,76.6,96.4,110.0,36.56
2026-10-01 23:37:11.467309890,PAT1001,,96.4,121.5,36.38
2026-10-01 23:37:37.022911389,PAT1001,69.0,96.3,110.0,36.44
2026-10-01 23:38:21.846394639,PAT1001,,96.2,114.2,36.58
2026-10-01 23:38:37.758476561,PAT1001,76.0,96.4,109.7,36.43
2026-10-01 23:39:03.149008501,PAT1001,72.8,92.9,116.0,36.44
2026-10-01 23:39:37.196490566,PAT1001,73.1,96.3,101.2,36.47
2026-10-01 23:40:00.668847956,PAT1001,74.1,96.1,104.8,36.56
2026-10-01 23:40:32.794336428,PAT1001,78.5,96.5,107.0,36.59
2026-10-01 23:41:04.428425161,PAT1001,74.3,96.4,100.8,36.4
2026-10-01 23:41:33.437915807,PAT1001,74.4,96.3,111.2,36.38
2026-10-01 23:41:51.234578467,PAT1001,71.6,95.5,97.8,36.8
2026-10-01 23:42:35.641920622,PAT1001,78.6,95.3,107.6,36.43
2026-10-01 23:42:58.443471666,PAT1001,75.3,95.7,117.9,36.55
2026-10-01 23:43:33.316872410,PAT1001,76.6,96.1,,36.6
2026-10-01 23:43:56.027076139,PAT1001,77.6,95.8,109.0,36.35
2026-10-01 23:44:22.129974218,PAT1001,73.8,96.5,111.7,36.55
2026-10-01 23:45:03.594626392,PAT1001,,95.8,112.5,36.46
2026-10-01 23:45:31.274317717,PAT1001,76.1,96.4,108.4,36.73
2026-10-01 23:46:03.770502475,PAT1001,71.2,96.2,107.7,36.54
2026-10-01 23:46:33.637810425,PAT1001,72.3,95.9,109.0,36.58
2026-10-01 23:47:09.080396953,PAT1001,62.2,95.8,110.1,36.67
2026-10-01 23:47:53.895309537,PAT1001,69.7,96.4,108.9,36.64
2026-10-01 23:48:21.772959475,PAT1001,80.4,,105.3,36.5
2026-10-01 23:48:41.665502109,PAT1001,72.7,96.3,100.4,36.52
2026-10-01 23:49:07.677761830,PAT1001,69.1,95.9,,36.37
2026-10-01 23:49:27.271055137,PAT1001,71.8,96.4,110.0,36.62
2026-10-01 23:49:46.258862141,PAT1001,70.7,95.8,,36.54
2026-10-01 23:50:05.794403471,PAT1001,66.6,95.4,107.9,36.53
2026-10-01 23:50:46.772991801,PAT1001,65.1,95.6,112.6,36.38
2026-10-01 23:51:20.255054592,PAT1001,,94.2,108.6,36.42
2026-10-01 23:52:04.925253456,PAT1001,72.5,96.4,106.4,
2026-10-01 23:52:45.714092641,PAT1001,69.3,95.2,107.9,36.44
2026-10-01 23:53:25.098178673,PAT1001,69.6,96.4,105.8,
2026-10-01 23:53:55.499792157,PAT1001,71.9,95.4,100.1,36.59
2026-10-01 23:54:19.210316673,PAT1001,74.2,96.4,105.1,36.55
2026-10-01 23:54:39.862399046,PAT1001,,,97.1,36.46
2026-10-01 23:55:17.956264405,PAT1001,73.1,96.5,107.1,36.41
2026-10-01 23:55:44.266112496,PAT1001,64.2,,110.2,36.53
2026-10-01 23:56:13.575815645,PAT1001,74.9,96.1,108.3,36.62
2026-10-01 23:56:39.375798550,PAT1001,76.5,96.1,106.1,
2026-10-01 23:57:12.960410240,PAT1001,78.1,95.1,99.2,36.47
2026-10-01 23:57:56.460179730,PAT1001,74.0,95.4,108.3,36.54
2026-10-01 23:58:31.939167439,PAT1001,71.2,96.0,104.7,36.56
2026-10-01 23:59:05.890413065,PAT1001,72.0,96.3,,36.46
2026-10-01 23:59:41.704419973,PAT1001,77.3,95.6,111.3,
2026-10-02 00:00:24.014967626,PAT1001,71.7,95.9,114.4,36.61
2026-10-02 00:00:55.117928657,PAT1001,73.4,96.4,104.4,36.5
2026-10-02 00:01:26.326199412,PAT1001,71.1,96.4,111.5,36.64
2026-10-02 00:02:01.167334824,PAT1001,,96.5,105.6,36.61
2026-10-02 00:02:39.484204254,PAT1001,70.1,95.7,103.5,36.39
2026-10-02 00:03:06.380413606,PAT1001,,96.1,107.7,36.39
2026-10-02 00:03:42.141738107,PAT1001,69.7,95.3,109.1,36.51
2026-10-02 00:04:07.937063479,PAT1001,70.4,96.2,103.5,36.43
2026-10-02 00:04:37.064441857,PAT1001,73.6,95.9,104.7,36.42
2026-10-02 00:05:18.478079841,PAT1001,67.3,96.3,103.8,36.42
2026-10-02 00:05:48.743400595,PAT1001,,96.4,99.9,36.45
2026-10-02 00:06:15.997236537,PAT1001,72.2,94.7,110.4,36.57
2026-10-02 00:06:40.120748982,PAT1001,76.1,96.5,106.7,36.54
2026-10-02 00:07:16.680736432,PAT1001,69.6,95.2,107.6,36.41
2026-10-02 00:07:40.001970959,PAT1001,71.1,96.4,109.5,36.54
2026-10-02 00:08:12.635267249,PAT1001,72.4,96.1,105.4,36.37
2026-10-02 00:08:33.120738802,PAT1001,71.3,96.3,94.8,36.51
2026-10-02 00:08:58.994008958,PAT1001,69.7,96.2,103.9,36.43
2026-10-02 00:09:19.243251745,PAT1001,78.4,96.5,104.7,36.45
2026-10-02 00:09:42.328925203,PAT1001,72.2,96.0,106.3,36.54
2026-10-02 00:10:13.739686023,PAT1001,66.5,96.0,105.5,36.58
2026-10-02 00:10:55.571978770,PAT1001,72.1,96.0,103.4,
2026-10-02 00:11:25.022743491,PAT1001,73.8,96.4,111.6,36.45
2026-10-02 00:11:48.473929388,PAT1001,69.3,96.3,103.8,36.62
2026-10-02 00:12:18.925665805,PAT1001,,95.9,106.8,36.59
2026-10-02 00:12:55.913457769,PAT1001,77.9,96.2,110.2,36.54
2026-10-02 00:13:26.863924089,PAT1001,,95.9,102.8,36.4
2026-10-02 00:13:46.510529804,PAT1001,78.3,,103.5,36.46
2026-10-02 00:14:19.109511441,PAT1001,74.5,96.2,113.2,
2026-10-02 00:14:38.926579440,PAT1001,69.5,96.1,107.8,36.48
2026-10-02 00:15:04.799577251,PAT1001,67.2,94.4,119.2,36.62
2026-10-02 00:15:31.390622894,PAT1001,67.6,96.4,114.0,36.61
2026-10-02 00:15:57.055660908,PAT1001,74.0,96.2,110.9,36.6
2026-10-02 00:16:25.516797776,PAT1001,75.8,95.4,107.3,36.48
2026-10-02 00:17:06.625756448,PAT1001,72.5,96.4,102.7,36.56
2026-10-02 00:17:37.603050201,PAT1001,74.8,95.2,106.0,36.43
2026-10-02 00:17:54.613621777,PAT1001,67.9,96.1,102.5,36.32
2026-10-02 00:18:30.964686755,PAT1001,73.9,,110.3,36.3
2026-10-02 00:19:05.311081551,PAT1001,74.5,96.2,,
2026-10-02 00:19:34.845738223,PAT1001,68.9,96.4,114.6,36.47
2026-10-02 00:20:16.749697234,PAT1001,72.6,95.9,107.6,36.4
2026-10-02 00:20:53.704156048,PAT1001,67.1,95.8,105.2,36.48
2026-10-02 00:21:33.373563212,PAT1001,69.8,95.8,101.1,36.61
2026-10-02 00:22:00.152477466,PAT1001,67.8,96.3,103.1,36.52
2026-10-02 00:22:19.979993319,PAT1001,75.4,95.2,,
2026-10-02 00:23:02.202763011,PAT1001,79.9,,102.4,36.57
2026-10-02 00:23:26.379589357,PAT1001,73.8,96.4,106.6,36.35
2026-10-02 00:23:50.826676535,PAT1001,75.3,96.4,107.3,36.56
2026-10-02 00:24:20.159044284,PAT1001,74.1,95.4,104.6,36.66
2026-10-02 00:24:58.351061708,PAT1001,73.0,96.4,112.2,36.61
2026-10-02 00:25:21.112404620,PAT1001,69.3,96.3,111.1,36.5
2026-10-02 00:25:55.270422442,PAT1001,72.2,,111.7,36.38
2026-10-02 00:26:21.423736988,PAT1001,75.4,,106.3,36.53
2026-10-02 00:26:37.846674853,PAT1001,76.7,96.4,106.9,36.67
2026-10-02 00:27:22.660557476,PAT1001,71.2,96.4,104.2,36.49
2026-10-02 00:28:03.010595832,PAT1001,69.4,96.4,99.6,36.54
2026-10-02 00:28:34.900137132,PAT1001,74.1,95.4,108.5,36.63
2026-10-02 00:29:15.784043630,PAT1001,71.2,96.5,107.3,36.48
2026-10-02 00:29:46.010048143,PAT1001,68.7,96.3,105.9,36.4
2026-10-02 00:30:15.891262951,PAT1001,78.9,96.3,110.9,36.39
2026-10-02 00:30:51.149345583,PAT1001,75.6,,111.1,36.51
2026-10-02 00:31:26.919195178,PAT1001,74.6,96.2,100.1,36.53
2026-10-02 00:32:11.347044992,PAT1001,,,103.7,36.53
2026-10-02 00:32:33.169021374,PAT1001,70.4,96.2,113.1,36.37
2026-10-02 00:32:49.560821398,PAT1001,,,103.0,36.55
2026-10-02 00:33:09.230212924,PAT1001,69.1,96.5,104.9,36.31
2026-10-02 00:33:40.798041278,PAT1001,,95.6,101.7,36.61
2026-10-02 00:34:07.497159331,PAT1001,75.9,94.0,103.3,36.48
2026-10-02 00:34:27.003684994,PAT1001,,,111.0,36.56
2026-10-02 00:34:51.684069240,PAT1001,75.4,95.4,112.0,36.55
2026-10-02 00:35:21.621632162,PAT1001,77.4,96.4,102.6,36.61
2026-10-02 00:35:58.459915923,PAT1001,73.6,95.5,101.3,36.44
2026-10-02 00:36:28.681299003,PAT1001,78.5,94.8,109.8,36.49
2026-10-02 00:37:12.771782090,PAT1001,73.0,96.3,104.5,36.64
2026-10-02 00:37:52.733788429,PAT1001,72.5,96.3,96.4,36.37
2026-10-02 00:38:29.318546805,PAT1001,,96.3,103.5,36.52
2026-10-02 00:39:07.605417611,PAT1001,70.1,96.4,102.9,36.58
2026-10-02 00:39:35.428265009,PAT1001,66.5,,106.8,36.42
2026-10-02 00:40:09.592917304,PAT1001,72.1,96.4,117.1,36.37
2026-10-02 00:40:41.646115486,PAT1001,66.8,96.4,103.9,36.54
2026-10-02 00:41:20.943653206,PAT1001,74.8,96.3,105.5,36.49
2026-10-02 00:41:58.788635002,PAT1001,70.0,95.5,107.2,36.53
2026-10-02 00:42:32.097186525,PAT1001,67.0,96.4,99.9,36.51
2026-10-02 00:43:00.416815931,PAT1001,63.9,95.4,106.0,36.4
2026-10-02 00:43:21.484724924,PAT1001,74.8,96.2,111.2,36.57
2026-10-02 00:43:38.152083292,PAT1001,73.0,96.3,98.1,36.56
2026-10-02 00:44:04.153120157,PAT1001,64.6,96.4,,
2026-10-02 00:44:36.585621317,PAT1001,73.3,96.3,107.1,36.77
2026-10-02 00:44:53.040916473,PAT1001,71.9,95.4,103.8,36.43
2026-10-02 00:45:37.479160813,PAT1001,77.0,95.9,102.2,
2026-10-02 00:46:22.031505249,PAT1001,69.9,96.3,106.2,36.51
2026-10-02 00:46:49.031604770,PAT1001,74.3,96.3,107.4,36.64
2026-10-02 00:47:28.699418913,PAT1001,63.7,96.5,104.3,36.4
2026-10-02 00:47:58.372615208,PAT1001,76.1,96.1,101.4,36.54
2026-10-02 00:48:32.683094505,PAT1001,66.8,96.4,110.4,36.45
2026-10-02 00:49:09.354333103,PAT1001,73.8,96.4,,36.61
2026-10-02 00:49:24.981391275,PAT1001,69.9,96.5,93.8,36.59
2026-10-02 00:49:55.528641680,PAT1001,71.4,95.5,109.5,36.4
2026-10-02 00:50:29.869702767,PAT1001,75.9,95.7,113.3,36.39
2026-10-02 00:50:46.734158478,PAT1001,70.0,96.5,114.8,36.45
2026-10-02 00:51:22.865995001,PAT1001,,96.1,112.8,36.54
2026-10-02 00:51:56.899762918,PAT1001,70.8,96.4,111.6,36.55
2026-10-02 00:52:39.229274465,PAT1001,80.6,96.1,,
2026-10-02 00:52:54.955670499,PAT1001,74.6,96.4,111.1,36.44
2026-10-02 00:53:12.368482373,PAT1001,66.9,95.6,102.9,36.37
2026-10-02 00:53:37.421365313,PAT1001,69.0,96.0,110.9,36.55
2026-10-02 00:54:11.782999965,PAT1001,69.4,,106.6,36.51
2026-10-02 00:54:38.357410707,PAT1001,68.7,96.2,,36.47
2026-10-02 00:55:05.279985936,PAT1001,69.1,95.7,,
2026-10-02 00:55:35.828275209,PAT1001,69.5,95.9,104.4,36.41
2026-10-02 00:56:04.984164869,PAT1001,73.4,95.2,102.4,36.71
2026-10-02 00:56:45.375609884,PAT1001,71.6,94.8,108.4,36.55
2026-10-02 00:57:18.061580331,PAT1001,66.6,95.8,111.6,36.69
2026-10-02 00:57:36.438308421,PAT1001,,96.1,102.4,36.54
2026-10-02 00:58:07.664048410,PAT1001,71.6,95.5,,36.5
2026-10-02 00:58:39.976836324,PAT1001,70.0,96.2,104.2,36.34
2026-10-02 00:58:58.555997213,PAT1001,64.5,96.3,104.8,
2026-10-02 00:59:22.663737433,PAT1001,72.3,96.3,104.3,36.42
2026-10-02 00:59:45.845484345,PAT1001,67.5,,103.9,36.5
2026-10-02 01:00:30.610956747,PAT1001,,96.3,112.0,36.37
2026-10-02 01:01:09.381584656,PAT1001,72.6,95.9,110.0,36.46
2026-10-02 01:01:31.935989100,PAT1001,76.0,96.0,110.4,36.49
2026-10-02 01:02:04.041090119,PAT1001,71.2,95.7,104.3,36.55
2026-10-02 01:02:44.528347082,PAT1001,67.2,94.9,112.7,36.33
2026-10-02 01:03:23.576098386,PAT1001,72.1,96.2,108.4,36.48
2026-10-02 01:03:55.692946534,PAT1001,71.5,96.3,112.0,36.52
2026-10-02 01:04:38.911597227,PAT1001,69.4,96.1,111.3,36.46
2026-10-02 01:05:16.128030325,PAT1001,68.3,95.9,109.3,36.6
2026-10-02 01:05:33.617818583,PAT1001,74.7,96.3,106.1,36.65
2026-10-02 01:06:04.069836975,PAT1001,70.1,96.2,99.3,36.38
2026-10-02 01:06:32.216937406,PAT1001,72.7,95.9,108.4,36.66
2026-10-02 01:07:13.511167260,PAT1001,70.6,96.2,109.0,36.43
2026-10-02 01:07:41.889130970,PAT1001,71.9,96.1,,36.54
2026-10-02 01:08:16.430999521,PAT1001,66.0,95.0,99.6,36.46
2026-10-02 01:08:31.814428281,PAT1001,69.3,95.8,102.2,36.32
2026-10-02 01:09:13.588125239,PAT1001,67.3,96.1,,36.44
2026-10-02 01:09:36.086670348,PAT1001,75.4,95.6,100.2,36.63
2026-10-02 01:09:59.863897812,PAT1001,76.1,95.2,106.9,36.59
2026-10-02 01:10:36.318361821,PAT1001,78.4,95.8,104.6,36.49
2026-10-02 01:11:09.645489048,PAT1001,76.4,95.6,99.5,36.51
2026-10-02 01:11:48.067936725,PAT1001,73.7,95.1,,36.45
2026-10-02 01:12:22.325009436,PAT1001,72.5,96.4,101.0,36.58
2026-10-02 01:13:05.780185060,PAT1001,76.1,96.1,108.5,36.64
2026-10-02 01:13:33.387647603,PAT1001,71.0,,101.3,36.54
2026-10-02 01:14:06.335141077,PAT1001,72.5,96.0,107.2,36.52
2026-10-02 01:14:21.488978554,PAT1001,,95.8,106.6,36.59
2026-10-02 01:14:45.164971096,PAT1001,68.7,,113.3,36.43
2026-10-02 01:15:07.505819529,PAT1001,66.1,96.3,104.6,36.45
2026-10-02 01:15:32.671074855,PAT1001,71.5,95.6,103.1,36.5
2026-10-02 01:15:54.029345506,PAT1001,72.4,,,36.43
2026-10-02 01:16:31.115952622,PAT1001,,96.4,103.6,36.49
2026-10-02 01:16:50.783358351,PAT1001,74.7,96.3,103.6,36.39
2026-10-02 01:17:15.829623254,PAT1001,74.3,96.4,111.7,36.35
2026-10-02 01:17:34.388041763,PAT1001,67.3,96.4,112.5,36.66
2026-10-02 01:18:05.600657277,PAT1001,72.0,96.3,107.6,36.5
2026-10-02 01:18:25.530787401,PAT1001,69.0,96.3,,36.25
2026-10-02 01:19:08.189482337,PAT1001,68.5,,111.5,
2026-10-02 01:19:48.252650259,PAT1001,75.6,95.3,104.8,36.54
2026-10-02 01:20:22.882634445,PAT1001,76.5,94.8,,36.63
2026-10-02 01:21:01.391633733,PAT1001,69.6,96.2,105.1,36.53
2026-10-02 01:21:29.981859243,PAT1001,74.7,96.2,99.8,36.36
2026-10-02 01:21:49.750598975,PAT1001,67.7,96.3,97.2,36.31
2026-10-02 01:22:28.391574914,PAT1001,71.9,96.3,102.1,36.59
2026-10-02 01:23:12.136552991,PAT1001,74.5,96.0,111.4,36.4
2026-10-02 01:23:49.228643127,PAT1001,74.0,,110.9,36.4
2026-10-02 01:24:19.863129624,PAT1001,71.9,,,36.27
2026-10-02 01:24:57.099806053,PAT1001,74.4,96.0,96.6,36.44
2026-10-02 01:25:41.865401262,PAT1001,71.9,96.3,101.7,36.58
2026-10-02 01:26:14.760765503,PAT1001,,96.5,103.6,36.27
2026-10-02 01:26:51.038134271,PAT1001,70.1,94.0,104.6,
2026-10-02 01:27:28.516585884,PAT1001,73.3,96.0,,36.32
2026-10-02 01:28:06.212299147,PAT1001,,95.7,,36.49
2026-10-02 01:28:49.561635715,PAT1001,77.0,94.6,111.5,
2026-10-02 01:29:19.696614876,PAT1001,70.4,96.1,115.8,36.58
2026-10-02 01:30:00.034008913,PAT1001,76.1,95.6,104.1,36.52
2026-10-02 01:30:26.583131237,PAT1001,70.1,95.2,106.5,36.42
2026-10-02 01:31:06.193198381,PAT1001,71.3,95.9,99.1,36.24
2026-10-02 01:31:42.087358864,PAT1001,75.1,96.2,116.9,36.5
2026-10-02 01:32:01.286976896,PAT1001,68.4,95.2,,36.78
2026-10-02 01:32:28.777255942,PAT1001,72.9,96.3,107.2,36.58
2026-10-02 01:33:05.603853875,PAT1001,72.1,95.6,107.6,36.54
2026-10-02 01:33:48.596798221,PAT1001,66.2,96.4,114.2,
2026-10-02 01:34:27.558992360,PAT1001,70.9,96.3,97.4,36.35
2026-10-02 01:34:54.722037375,PAT1001,72.6,95.4,,36.58
2026-10-02 01:35:30.565840142,PAT1001,67.4,95.5,102.5,36.26
2026-10-02 01:35:48.379377858,PAT1001,70.1,96.3,97.0,
2026-10-02 01:36:04.452552714,PAT1001,70.7,96.4,109.1,36.44
2026-10-02 01:36:49.000168394,PAT1001,76.8,94.5,99.4,36.59
2026-10-02 01:37:18.257120174,PAT1001,79.4,,108.3,36.41
2026-10-02 01:37:53.728350041,PAT1001,76.0,96.3,109.8,36.51
2026-10-02 01:38:21.146046885,PAT1001,67.2,96.4,94.8,36.49
2026-10-02 01:38:36.814349192,PAT1001,76.8,96.4,111.9,36.41
2026-10-02 01:38:54.453363838,PAT1001,71.7,,99.4,
2026-10-02 01:39:25.725695316,PAT1001,73.1,95.7,103.6,36.36
2026-10-02 01:40:04.118256957,PAT1001,71.5,96.4,,36.4
2026-10-02 01:40:37.837791274,PAT1001,69.8,,108.5,36.61
2026-10-02 01:41:07.978522490,PAT1001,70.9,95.8,107.7,36.44
2026-10-02 01:41:50.421778650,PAT1001,69.7,93.9,109.4,36.52
2026-10-02 01:42:23.223349737,PAT1001,74.3,95.9,114.9,36.49
2026-10-02 01:42:53.062998844,PAT1001,67.5,95.6,106.3,36.5
2026-10-02 01:43:34.744472104,PAT1001,70.4,95.4,96.9,36.54
2026-10-02 01:44:10.808109410,PAT1001,,95.1,106.5,36.67
2026-10-02 01:44:34.135786425,PAT1001,72.0,96.2,110.4,
2026-10-02 01:45:03.187716720,PAT1001,72.2,,107.4,36.49
2026-10-02 01:45:40.405844783,PAT1001,69.6,96.2,99.2,36.45
2026-10-02 01:45:55.528996432,PAT1001,71.1,96.2,97.3,36.57
2026-10-02 01:46:33.065852861,PAT1001,71.3,94.5,107.3,36.47
2026-10-02 01:46:53.719948230,PAT1001,64.9,96.5,103.4,36.4
2026-10-02 01:47:23.311640018,PAT1001,69.7,95.1,106.5,36.53
2026-10-02 01:47:56.855640582,PAT1001,,96.3,106.4,36.47
2026-10-02 01:48:37.200674724,PAT1001,,96.2,110.8,36.26
2026-10-02 01:49:19.265218038,PAT1001,69.1,95.6,101.8,36.39
2026-10-02 01:49:35.300459676,PAT1001,67.2,96.0,116.7,
2026-10-02 01:49:52.684060215,PAT1001,67.8,,104.7,36.52
2026-10-02 01:50:11.835279747,PAT1001,73.5,,105.6,36.48
2026-10-02 01:50:33.764138399,PAT1001,70.8,95.8,109.2,36.34
2026-10-02 01:51:02.630026699,PAT1001,76.6,95.4,98.3,36.43
2026-10-02 01:51:19.439535281,PAT1001,70.1,96.5,102.0,36.62
2026-10-02 01:51:58.073248575,PAT1001,71.0,,103.2,36.58
2026-10-02 01:52:16.809148908,PAT1001,73.2,96.4,104.5,36.65
2026-10-02 01:52:49.498208361,PAT1001,75.8,96.2,104.5,36.36
2026-10-02 01:53:18.051746108,PAT1001,74.5,96.3,107.3,36.58
2026-10-02 01:53:33.983937157,PAT1001,70.0,96.1,109.8,36.58
2026-10-02 01:54:04.506864757,PAT1001,68.5,96.1,99.4,
2026-10-02 01:54:39.210198342,PAT1001,73.8,96.4,102.7,36.4
2026-10-02 01:55:18.227859287,PAT1001,76.4,96.0,99.8,36.44
2026-10-02 01:55:53.863717181,PAT1001,67.7,96.2,95.5,36.35
2026-10-02 01:56:17.055881955,PAT1001,71.6,94.9,,36.48
2026-10-02 01:56:45.237142864,PAT1001,70.0,93.8,113.0,36.57
2026-10-02 01:57:08.913350230,PAT1001,71.6,,105.7,36.52
2026-10-02 01:57:34.553867129,PAT1001,73.4,96.5,106.5,36.41
2026-10-02 01:58:18.124835065,PAT1001,74.0,96.3,,36.4
2026-10-02 01:58:48.310950748,PAT1001,73.8,95.9,120.0,36.4
2026-10-02 01:59:32.501374259,PAT1001,68.8,96.3,,36.48
2026-10-02 01:59:57.014983926,PAT1001,70.0,96.1,113.2,36.47
2026-10-02 02:00:17.417039742,PAT1001,69.4,95.5,101.7,36.64
2026-10-02 02:00:53.435433556,PAT1001,69.1,,109.6,36.36
2026-10-02 02:01:22.185115912,PAT1001,70.1,96.4,101.8,36.53
2026-10-02 02:01:43.978588139,PAT1001,70.3,96.5,,36.4
2026-10-02 02:02:19.066462761,PAT1001,68.2,96.3,115.8,36.5
2026-10-02 02:02:43.508095982,PAT1001,70.2,,111.9,36.7
2026-10-02 02:03:05.318232593,PAT1001,61.0,96.0,,36.49
2026-10-02 02:03:43.765097560,PAT1001,68.6,96.1,101.2,36.61
2026-10-02 02:04:03.625075335,PAT1001,68.8,,96.4,36.52
2026-10-02 02:04:46.813824800,PAT1001,71.8,95.9,109.3,36.57
2026-10-02 02:05:14.324525453,PAT1001,67.3,95.8,110.2,36.52
2026-10-02 02:05:45.454634099,PAT1001,,96.4,96.9,36.58
2026-10-02 02:06:00.882942591,PAT1001,69.6,96.2,113.1,36.5
2026-10-02 02:06:26.594306769,PAT1001,64.9,95.8,101.1,36.54
2026-10-02 02:06:58.273828279,PAT1001,85.2,,,36.63
2026-10-02 02:07:23.786408864,PAT1001,72.6,96.2,102.9,36.5
2026-10-02 02:08:06.437445446,PAT1001,69.3,96.2,98.1,36.57
2026-10-02 02:08:49.557452156,PAT1001,75.9,95.5,,36.63
2026-10-02 02:09:11.809587283,PAT1001,71.1,96.4,108.5,36.42
2026-10-02 02:09:41.259273991,PAT1001,74.8,95.7,112.7,36.56
2026-10-02 02:10:19.949555287,PAT1001,70.1,95.6,107.1,36.54
2026-10-02 02:10:38.097983173,PAT1001,76.7,95.8,96.8,36.5
2026-10-02 02:11:00.551199871,PAT1001,71.0,94.9,107.5,36.25
2026-10-02 02:11:32.471535945,PAT1001,74.0,95.8,108.7,36.45
2026-10-02 02:12:10.815746129,PAT1001,74.5,95.2,105.0,36.48
2026-10-02 02:12:40.921137148,PAT1001,69.6,95.7,104.8,36.53
2026-10-02 02:13:06.226570198,PAT1001,69.6,96.4,100.2,36.44
2026-10-02 02:13:28.398024364,PAT1001,72.6,96.4,102.3,36.45
2026-10-02 02:13:57.842453188,PAT1001,73.7,95.0,,36.55
2026-10-02 02:14:41.895100881,PAT1001,73.0,,107.8,36.31
2026-10-02 02:15:11.299806608,PAT1001,71.4,96.3,103.8,36.47
2026-10-02 02:15:35.311236569,PAT1001,75.4,95.9,105.7,36.33
2026-10-02 02:16:13.053760186,PAT1001,74.6,95.0,102.4,36.63
2026-10-02 02:16:35.601471475,PAT1001,75.6,95.4,106.7,36.48
2026-10-02 02:17:18.974364302,PAT1001,67.7,96.5,,36.51
2026-10-02 02:18:01.006343719,PAT1001,67.8,96.4,111.2,36.46
2026-10-02 02:18:45.886223442,PAT1001,79.7,96.1,110.6,36.45
2026-10-02 02:19:26.485973830,PAT1001,70.6,96.5,106.0,
2026-10-02 02:19:56.932777881,PAT1001,79.9,96.0,109.4,36.56
2026-10-02 02:20:17.558551474,PAT1001,70.5,96.0,,36.52
2026-10-02 02:20:53.395903561,PAT1001,80.8,95.5,93.8,36.46
2026-10-02 02:21:19.627102263,PAT1001,71.6,95.3,98.0,36.5
2026-10-02 02:21:49.179760354,PAT1001,74.5,95.9,108.2,
2026-10-02 02:22:16.324962016,PAT1001,65.8,96.1,103.9,36.65
2026-10-02 02:22:39.772139082,PAT1001,73.5,95.0,105.3,36.51
2026-10-02 02:23:11.592246277,PAT1001,69.1,95.8,111.6,36.57
2026-10-02 02:23:34.570811348,PAT1001,70.2,95.8,106.4,36.6
2026-10-02 02:24:08.905707971,PAT1001,67.7,96.4,103.2,36.31
2026-10-02 02:24:42.351932943,PAT1001,64.9,,106.3,36.42
2026-10-02 02:25:24.632825822,PAT1001,73.4,96.4,103.7,36.5
2026-10-02 02:26:00.747703637,PAT1001,73.0,94.9,104.4,36.54
2026-10-02 02:26:28.520232729,PAT1001,72.5,95.8,97.9,
2026-10-02 02:26:51.511142797,PAT1001,71.7,,109.4,36.48
2026-10-02 02:27:09.716891773,PAT1001,71.4,96.5,,36.18
2026-10-02 02:27:36.509022001,PAT1001,,95.7,104.8,36.46
2026-10-02 02:27:57.258849680,PAT1001,73.8,,105.2,36.36
2026-10-02 02:28:26.070096658,PAT1001,74.4,95.9,110.7,
2026-10-02 02:28:51.155716113,PAT1001,64.5,95.9,110.0,36.41
2026-10-02 02:29:19.348115935,PAT1001,71.1,,,36.36
2026-10-02 02:29:46.834221141,PAT1001,67.7,96.4,104.5,36.49
2026-10-02 02:30:24.737745177,PAT1001,71.4,94.4,105.5,36.59
2026-10-02 02:31:00.524701707,PAT1001,76.5,94.9,104.5,36.46
2026-10-02 02:31:15.826297211,PAT1001,72.1,96.2,107.3,36.46
2026-10-02 02:31:50.678829670,PAT1001,73.0,96.1,102.9,36.57
2026-10-02 02:32:33.398566505,PAT1001,72.9,96.0,99.7,
2026-10-02 02:32:56.084067453,PAT1001,75.4,96.2,104.9,36.67
2026-10-02 02:33:38.049003371,PAT1001,68.6,96.2,102.5,36.47
2026-10-02 02:34:18.981825888,PAT1001,72.2,94.8,104.9,36.5
2026-10-02 02:34:39.112617644,PAT1001,72.7,95.6,111.6,36.49
2026-10-02 02:35:09.835494134,PAT1001,78.7,96.4,104.5,36.48
2026-10-02 02:35:24.937968432,PAT1001,71.9,96.5,113.9,36.57
2026-10-02 02:35:47.632708157,PAT1001,,96.3,111.6,36.39
2026-10-02 02:36:13.477390038,PAT1001,76.3,95.7,110.5,36.54
2026-10-02 02:36:40.331935115,PAT1001,69.4,94.7,106.5,36.42
2026-10-02 02:36:57.553572590,PAT1001,73.5,96.3,,36.27
2026-10-02 02:37:29.884869060,PAT1001,69.6,96.1,,36.35
2026-10-02 02:37:54.164560208,PAT1001,68.2,96.4,105.1,36.45
2026-10-02 02:38:37.962651535,PAT1001,69.8,,101.4,36.65
2026-10-02 02:39:22.225987618,PAT1001,69.3,95.9,110.3,36.51
2026-10-02 02:39:46.314842708,PAT1001,78.8,96.1,106.1,36.6
2026-10-02 02:40:08.390262628,PAT1001,73.1,95.5,102.0,36.54
2026-10-02 02:40:23.543474673,PAT1001,69.1,96.0,105.4,36.21
2026-10-02 02:40:52.235861001,PAT1001,71.4,95.0,108.6,36.37
2026-10-02 02:41:35.697532819,PAT1001,70.1,96.1,104.6,36.4
2026-10-02 02:42:15.798412308,PAT1001,73.3,95.5,103.5,36.41
2026-10-02 02:42:41.579320397,PAT1001,76.0,96.2,100.2,
2026-10-02 02:43:09.673692129,PAT1001,66.4,95.9,113.7,36.51
2026-10-02 02:43:30.719874267,PAT1001,68.5,96.1,107.4,36.27
2026-10-02 02:44:10.296549452,PAT1001,72.3,96.0,109.6,36.47
2026-10-02 02:44:42.973312743,PAT1001,68.8,96.0,114.0,36.41
2026-10-02 02:45:06.206916770,PAT1001,75.3,95.9,117.0,36.45
2026-10-02 02:45:31.608995018,PAT1001,69.6,96.0,109.9,36.44
2026-10-02 02:46:02.661114947,PAT1001,73.4,,99.8,36.4
2026-10-02 02:46:40.382814266,PAT1001,74.7,96.4,102.9,
2026-10-02 02:47:16.086485403,PAT1001,79.0,96.4,115.5,36.41
2026-10-02 02:47:54.400095498,PAT1001,76.3,95.9,,36.48
2026-10-02 02:48:35.419654661,PAT1001,,95.9,104.6,36.58
2026-10-02 02:49:13.414472683,PAT1001,,95.3,99.3,36.55
2026-10-02 02:49:37.756585003,PAT1001,74.8,96.0,107.0,36.64
2026-10-02 02:50:08.607755308,PAT1001,77.7,96.4,106.7,36.6
2026-10-02 02:50:40.898084256,PAT1001,73.8,95.6,101.2,36.54
2026-10-02 02:51:11.905783388,PAT1001,72.6,,107.0,36.48
2026-10-02 02:51:56.696375481,PAT1001,73.2,96.4,109.3,36.58
2026-10-02 02:52:31.876878497,PAT1001,75.5,95.3,103.3,36.63
2026-10-02 02:52:55.772431069,PAT1001,72.9,94.8,114.2,36.37
2026-10-02 02:53:20.052632993,PAT1001,70.6,95.9,94.9,36.48
2026-10-02 02:53:38.534334347,PAT1001,68.9,95.3,107.5,36.59
2026-10-02 02:54:02.536048651,PAT1001,69.8,96.0,101.7,36.45
2026-10-02 02:54:22.336269420,PAT1001,72.5,95.8,97.0,36.56
2026-10-02 02:54:47.356385824,PAT1001,66.0,96.3,103.3,36.73
2026-10-02 02:55:07.034088974,PAT1001,73.1,,,36.48
2026-10-02 02:55:28.798339942,PAT1001,73.0,96.3,107.6,36.42
2026-10-02 02:56:01.990299589,PAT1001,70.0,95.7,100.5,36.43
2026-10-02 02:56:37.425674299,PAT1001,75.2,92.3,105.1,36.43
2026-10-02 02:56:55.162596951,PAT1001,69.9,94.1,98.4,36.39
2026-10-02 02:57:13.433566508,PAT1001,65.0,95.8,104.9,36.59
2026-10-02 02:57:43.852810560,PAT1001,71.4,,,36.68
2026-10-02 02:58:09.734698346,PAT1001,74.5,96.2,96.7,36.77
2026-10-02 02:58:43.691936735,PAT1001,75.8,96.5,,36.34
2026-10-02 02:59:05.049309150,PAT1001,72.2,96.5,108.6,36.44
2026-10-02 02:59:41.418520077,PAT1001,73.0,,,36.53
2026-10-02 03:00:24.508510090,PAT1001,72.6,95.7,,36.64
2026-10-02 03:01:09.451231102,PAT1001,71.5,96.3,108.7,36.38
2026-10-02 03:01:24.473705587,PAT1001,67.1,96.0,98.3,36.49
2026-10-02 03:01:47.364278321,PAT1001,77.7,,100.5,36.59
2026-10-02 03:02:32.271044985,PAT1001,69.2,96.2,112.2,36.59
2026-10-02 03:02:51.050875788,PAT1001,76.7,,105.6,36.65
2026-10-02 03:03:24.128038839,PAT1001,71.7,95.2,105.9,36.37
2026-10-02 03:03:44.616512238,PAT1001,77.7,,107.8,36.58
2026-10-02 03:04:18.605840664,PAT1001,73.8,96.5,106.2,36.47
2026-10-02 03:05:02.017874991,PAT1001,67.4,96.4,100.6,36.62
2026-10-02 03:05:30.447987143,PAT1001,72.3,95.9,114.3,36.53
2026-10-02 03:06:14.700644881,PAT1001,71.0,96.4,105.3,
2026-10-02 03:06:58.738926039,PAT1001,74.8,96.1,106.1,36.51
2026-10-02 03:07:23.393686558,PAT1001,67.8,96.0,100.0,36.46
2026-10-02 03:07:46.875389908,PAT1001,67.7,95.9,103.3,36.74
2026-10-02 03:08:01.983098312,PAT1001,71.7,96.0,104.6,36.6
2026-10-02 03:08:42.094222251,PAT1001,73.7,94.2,104.0,36.47
2026-10-02 03:09:15.516029590,PAT1001,66.2,96.3,111.0,36.43
2026-10-02 03:09:36.019090159,PAT1001,76.3,96.3,106.9,36.43
2026-10-02 03:09:53.299586566,PAT1001,74.5,94.6,102.5,36.52
2026-10-02 03:10:33.266000579,PAT1001,68.8,96.5,109.8,36.43
2026-10-02 03:10:58.005868905,PAT1001,78.7,,102.0,36.62
2026-10-02 03:11:18.375473571,PAT1001,68.0,96.3,,36.46
2026-10-02 03:11:41.139881367,PAT1001,78.0,95.9,105.9,36.5
2026-10-02 03:12:22.644702095,PAT1001,73.6,95.6,111.9,36.42
2026-10-02 03:12:43.938630554,PAT1001,73.7,,100.1,36.58
2026-10-02 03:13:21.079367395,PAT1001,76.8,95.9,109.0,
2026-10-02 03:14:02.431908302,PAT1001,77.0,96.1,,36.63
2026-10-02 03:14:25.869865156,PAT1001,71.6,96.5,103.5,36.67
2026-10-02 03:14:55.557162569,PAT1001,74.2,96.5,97.2,36.44
2026-10-02 03:15:22.867260045,PAT1001,68.1,95.9,100.0,36.54
2026-10-02 03:15:44.544977805,PAT1001,69.1,94.5,109.0,36.33
2026-10-02 03:16:18.002211588,PAT1001,70.5,96.2,99.6,36.31
2026-10-02 03:16:36.070021397,PAT1001,73.4,96.3,110.2,36.58
2026-10-02 03:17:10.248898089,PAT1001,68.7,94.9,103.4,36.6
2026-10-02 03:17:33.402347136,PAT1001,75.6,96.1,113.2,36.5
2026-10-02 03:18:13.343283873,PAT1001,70.2,95.4,,36.56
2026-10-02 03:18:30.943597648,PAT1001,79.3,96.3,104.7,36.64
2026-10-02 03:18:58.798494804,PAT1001,67.5,95.9,119.4,36.47
2026-10-02 03:19:24.508482788,PAT1001,65.7,96.3,102.6,36.47
2026-10-02 03:20:06.738193100,PAT1001,74.6,93.1,108.2,36.51
2026-10-02 03:20:41.076880926,PAT1001,74.8,96.4,108.4,36.49
2026-10-02 03:21:21.736550240,PAT1001,,95.7,104.1,36.65
2026-10-02 03:21:43.426227923,PAT1001,78.4,96.3,111.5,36.64
2026-10-02 03:22:21.443200482,PAT1001,74.2,94.5,104.2,36.57
2026-10-02 03:23:06.047923019,PAT1001,74.5,96.4,103.7,36.62
2026-10-02 03:23:36.299066918,PAT1001,66.6,95.7,102.5,
2026-10-02 03:23:52.661643140,PAT1001,79.2,96.1,107.0,36.48
2026-10-02 03:24:25.606423680,PAT1001,76.5,96.1,104.8,36.28
2026-10-02 03:24:49.121297204,PAT1001,74.6,96.4,99.4,36.63
2026-10-02 03:25:11.447834821,PAT1001,74.8,96.3,111.0,36.69
2026-10-02 03:25:53.010360886,PAT1001,71.3,96.0,104.4,36.69
2026-10-02 03:26:21.372485460,PAT1001,74.0,96.3,106.0,36.54
2026-10-02 03:26:47.220770992,PAT1001,71.1,96.3,95.2,36.48
2026-10-02 03:27:14.498278062,PAT1001,77.9,96.4,113.6,
2026-10-02 03:27:50.305663646,PAT1001,77.8,96.3,91.9,36.46
2026-10-02 03:28:15.692693411,PAT1001,66.7,96.0,107.7,36.55
2026-10-02 03:28:41.995705332,PAT1001,,,104.0,36.63
2026-10-02 03:29:13.601425625,PAT1001,69.4,95.7,104.5,36.47
2026-10-02 03:29:58.452333786,PAT1001,73.4,96.1,102.6,36.73
2026-10-02 03:30:35.591461139,PAT1001,77.1,95.6,,36.6
2026-10-02 03:30:54.506878973,PAT1001,64.5,95.9,112.6,
2026-10-02 03:31:38.152921277,PAT1001,,96.3,109.4,36.4
2026-10-02 03:31:55.817008425,PAT1001,,96.4,110.8,36.48
2026-10-02 03:32:37.472316120,PAT1001,74.0,96.0,98.3,36.64
2026-10-02 03:33:19.235821482,PAT1001,70.3,96.0,113.7,36.4
2026-10-02 03:34:02.807539031,PAT1001,73.6,96.4,105.9,36.59
2026-10-02 03:34:42.066285159,PAT1001,71.2,95.2,112.8,36.63
2026-10-02 03:35:15.073455287,PAT1001,71.7,95.1,98.2,36.56
2026-10-02 03:35:41.106745733,PAT1001,75.5,96.3,113.2,36.71
2026-10-02 03:36:19.735914239,PAT1001,,95.9,108.8,36.57
2026-10-02 03:36:52.061393053,PAT1001,68.8,95.1,105.2,36.41
2026-10-02 03:37:24.439522417,PAT1001,76.8,95.9,108.3,36.59
2026-10-02 03:38:05.717226760,PAT1001,79.3,96.0,96.3,36.65
2026-10-02 03:38:41.530638397,PAT1001,70.8,95.9,,36.36
2026-10-02 03:39:20.957143017,PAT1001,77.1,96.0,105.4,36.65
2026-10-02 03:40:03.277609638,PAT1001,72.1,95.8,106.9,36.73
2026-10-02 03:40:35.048894943,PAT1001,69.7,95.9,106.9,36.48
2026-10-02 03:41:05.350911988,PAT1001,67.5,,98.7,36.73
2026-10-02 03:41:39.877000028,PAT1001,71.4,96.3,106.0,36.54
2026-10-02 03:42:20.848674177,PAT1001,74.1,96.2,101.4,36.6
2026-10-02 03:43:02.210331271,PAT1001,70.3,96.0,116.6,36.43
2026-10-02 03:43:17.444016324,PAT1001,71.7,96.4,105.9,36.46
2026-10-02 03:43:48.569278962,PAT1001,74.1,96.3,111.4,36.48
2026-10-02 03:44:31.336430098,PAT1001,73.1,96.0,99.0,36.52
2026-10-02 03:44:47.728164534,PAT1001,75.0,,105.2,36.72
2026-10-02 03:45:29.795069851,PAT1001,74.5,93.7,109.3,36.5
2026-10-02 03:45:54.405988440,PAT1001,65.3,94.7,109.0,36.71
2026-10-02 03:46:11.324540844,PAT1001,74.5,94.8,107.5,36.65
2026-10-02 03:46:35.582937076,PAT1001,71.0,96.3,94.6,36.51
2026-10-02 03:47:01.589232309,PAT1001,73.2,,102.9,36.51
2026-10-02 03:47:31.034450217,PAT1001,75.4,95.6,108.8,36.36
2026-10-02 03:48:06.413135960,PAT1001,,96.3,106.1,36.57
2026-10-02 03:48:24.586984389,PAT1001,68.6,93.5,117.2,36.47
2026-10-02 03:48:51.715138047,PAT1001,73.0,,100.6,36.55
2026-10-02 03:49:07.125094844,PAT1001,65.8,96.1,105.4,36.58
2026-10-02 03:49:32.967576911,PAT1001,73.2,96.2,115.2,36.44
2026-10-02 03:50:06.655123662,PAT1001,82.0,96.1,113.6,36.79
2026-10-02 03:50:44.892858953,PAT1001,69.1,94.9,107.5,36.43
2026-10-02 03:51:15.985899780,PAT1001,72.3,96.5,102.9,36.58
2026-10-02 03:51:49.039277732,PAT1001,76.6,96.4,106.6,36.46
2026-10-02 03:52:27.731234949,PAT1001,75.6,96.3,107.3,36.45
2026-10-02 03:53:02.221553785,PAT1001,69.3,94.6,113.7,36.55
2026-10-02 03:53:34.759051102,PAT1001,70.1,96.1,103.7,36.54
2026-10-02 03:54:18.740171005,PAT1001,79.7,,114.2,36.52
2026-10-02 03:54:53.878586140,PAT1001,,96.0,106.4,36.57
2026-10-02 03:55:37.657275647,PAT1001,70.9,96.2,106.5,36.41
2026-10-02 03:55:57.833476684,PAT1001,68.2,95.8,105.6,
2026-10-02 03:56:23.719210563,PAT1001,76.5,96.4,106.9,36.5
2026-10-02 03:57:03.449937523,PAT1001,80.8,95.3,105.1,36.62
2026-10-02 03:57:43.216394463,PAT1001,72.6,94.7,110.6,36.41
2026-10-02 03:58:13.941681034,PAT1001,71.3,96.2,109.9,36.56
2026-10-02 03:58:37.017840556,PAT1001,72.2,96.5,108.3,36.56
2026-10-02 03:59:04.049155195,PAT1001,82.2,96.4,108.7,36.58
2026-10-02 03:59:27.231200276,PAT1001,78.8,96.1,109.1,36.66
2026-10-02 03:59:45.969485894,PAT1001,73.8,96.3,104.7,36.51
2026-10-02 04:00:09.727557458,PAT1001,73.5,96.0,102.5,36.56
2026-10-02 04:00:27.085048246,PAT1001,69.9,92.3,107.4,36.7
2026-10-02 04:00:49.692532942,PAT1001,74.7,95.6,113.9,36.55
2026-10-02 04:01:28.282934559,PAT1001,80.5,96.1,97.0,36.63
2026-10-02 04:02:02.458444507,PAT1001,70.7,96.1,105.7,36.54
2026-10-02 04:02:27.812374473,PAT1001,73.8,96.4,113.0,
2026-10-02 04:03:03.951312328,PAT1001,,96.5,94.6,36.37
2026-10-02 04:03:24.423496248,PAT1001,74.7,,109.1,
2026-10-02 04:03:53.703257940,PAT1001,68.5,96.4,103.5,36.56
2026-10-02 04:04:28.655979682,PAT1001,,95.9,104.9,36.45
2026-10-02 04:05:07.259616061,PAT1001,69.3,96.2,101.2,36.72
2026-10-02 04:05:22.316254784,PAT1001,72.9,96.3,107.3,36.75
2026-10-02 04:05:54.824625603,PAT1001,72.6,93.4,113.0,36.7
2026-10-02 04:06:15.939057706,PAT1001,74.1,96.3,112.8,36.49
2026-10-02 04:06:37.825494618,PAT1001,72.4,96.4,104.7,
2026-10-02 04:06:53.844319525,PAT1001,76.4,96.5,116.2,36.75
2026-10-02 04:07:21.367756139,PAT1001,75.4,94.2,115.3,36.61
2026-10-02 04:07:40.614432704,PAT1001,76.1,96.1,113.1,36.56
2026-10-02 04:08:14.298405692,PAT1001,76.7,,106.4,36.75
2026-10-02 04:08:46.117497822,PAT1001,73.9,95.8,101.7,36.74
2026-10-02 04:09:29.499053569,PAT1001,69.4,96.0,110.9,36.57
2026-10-02 04:10:11.478872850,PAT1001,71.2,94.5,108.7,36.65
2026-10-02 04:10:40.332933955,PAT1001,74.2,96.3,108.9,36.51
2026-10-02 04:10:57.869403638,PAT1001,,95.8,114.1,36.5
2026-10-02 04:11:27.633967274,PAT1001,70.8,96.4,104.0,
2026-10-02 04:11:56.695726027,PAT1001,74.0,,103.0,
2026-10-02 04:12:26.922052846,PAT1001,72.1,95.5,107.4,36.63
2026-10-02 04:13:06.769829827,PAT1001,72.4,95.5,102.2,36.69
2026-10-02 04:13:46.886989879,PAT1001,,96.0,,36.54
2026-10-02 04:14:12.687814405,PAT1001,76.8,95.6,107.5,36.45
2026-10-02 04:14:31.624796986,PAT1001,65.2,94.9,112.7,36.56
2026-10-02 04:14:50.202891054,PAT1001,,,108.6,36.47
2026-10-02 04:15:30.178213800,PAT1001,70.2,95.9,104.6,36.61
2026-10-02 04:15:50.595445305,PAT1001,71.5,95.9,112.3,36.84
2026-10-02 04:16:20.812433778,PAT1001,75.4,,103.7,36.49
2026-10-02 04:16:40.181808391,PAT1001,73.6,96.1,108.0,36.45
2026-10-02 04:17:03.093418532,PAT1001,72.7,96.3,107.7,36.66
2026-10-02 04:17:29.589715461,PAT1001,78.4,96.1,106.2,36.7
2026-10-02 04:18:14.561281987,PAT1001,64.9,95.8,112.3,36.51
2026-10-02 04:18:34.615485204,PAT1001,64.9,96.1,102.4,36.64
2026-10-02 04:18:55.101948488,PAT1001,75.7,,106.0,36.58
2026-10-02 04:19:26.218688627,PAT1001,67.9,96.2,100.7,36.68
2026-10-02 04:20:09.158597188,PAT1001,74.2,95.8,106.1,
2026-10-02 04:20:45.857508148,PAT1001,72.7,96.0,106.6,36.65
2026-10-02 04:21:12.814261971,PAT1001,78.0,96.2,98.1,36.95
2026-10-02 04:21:48.831405944,PAT1001,69.3,96.3,112.9,36.74
2026-10-02 04:22:18.040981408,PAT1001,68.5,96.3,,36.59
2026-10-02 04:22:50.434382216,PAT1001,73.3,95.6,119.8,36.86
2026-10-02 04:23:15.442583015,PAT1001,71.3,96.3,107.1,36.72
2026-10-02 04:23:30.478744437,PAT1001,75.6,96.3,96.2,36.63
2026-10-02 04:23:57.353254038,PAT1001,76.9,96.4,,36.46
2026-10-02 04:24:23.166926214,PAT1001,72.5,95.6,103.7,36.67
2026-10-02 04:24:39.756639077,PAT1001,69.7,95.8,104.1,36.53
2026-10-02 04:25:02.890787642,PAT1001,73.0,96.5,103.8,36.53
2026-10-02 04:25:42.060180144,PAT1001,66.8,94.9,110.3,36.72
2026-10-02 04:26:15.824305790,PAT1001,73.9,96.4,99.0,36.68
2026-10-02 04:26:52.950955507,PAT1001,76.4,95.6,104.2,36.68
2026-10-02 04:27:16.343717679,PAT1001,,96.4,119.1,36.58
2026-10-02 04:27:46.558360190,PAT1001,74.0,94.6,107.8,36.78
2026-10-02 04:28:06.717407650,PAT1001,68.9,96.4,103.1,36.43
2026-10-02 04:28:42.589616175,PAT1001,73.2,95.6,106.1,36.65
2026-10-02 04:28:57.813392194,PAT1001,76.4,95.8,101.8,36.7
2026-10-02 04:29:36.826101926,PAT1001,,96.2,107.0,36.6
2026-10-02 04:30:11.135709453,PAT1001,,94.4,103.7,36.73
2026-10-02 04:30:50.106340072,PAT1001,75.4,96.3,110.5,36.86
2026-10-02 04:31:24.219782353,PAT1001,71.7,96.4,105.7,36.69
2026-10-02 04:32:07.352344916,PAT1001,72.8,95.9,108.7,36.85
2026-10-02 04:32:33.236701116,PAT1001,,96.0,,36.57
2026-10-02 04:32:58.223710331,PAT1001,70.1,94.5,108.5,36.69
2026-10-02 04:33:30.454608746,PAT1001,75.9,96.3,111.7,
2026-10-02 04:34:09.399944900,PAT1001,76.3,96.2,110.3,36.47
2026-10-02 04:34:52.410545472,PAT1001,77.6,96.3,106.1,36.52
2026-10-02 04:35:17.459806933,PAT1001,72.8,95.9,110.1,36.75
2026-10-02 04:35:43.690848375,PAT1001,70.5,95.3,99.8,36.64
2026-10-02 04:36:17.618575536,PAT1001,74.2,94.8,112.9,36.52
2026-10-02 04:36:41.524826370,PAT1001,72.2,95.4,100.7,36.54
2026-10-02 04:37:11.120646219,PAT1001,77.9,95.7,107.7,
2026-10-02 04:37:43.729034130,PAT1001,78.7,96.3,103.2,36.66
2026-10-02 04:38:11.631937621,PAT1001,75.8,96.5,113.1,36.55
2026-10-02 04:38:36.958791613,PAT1001,73.0,,100.2,36.55
2026-10-02 04:39:13.102501688,PAT1001,69.9,96.4,109.2,36.67
2026-10-02 04:39:54.443637463,PAT1001,78.3,96.3,108.3,36.65
2026-10-02 04:40:14.054103027,PAT1001,69.5,96.2,106.4,36.67
2026-10-02 04:40:39.490731655,PAT1001,,,106.0,36.59
2026-10-02 04:41:16.032853518,PAT1001,72.4,96.5,103.3,36.54
2026-10-02 04:41:54.289642999,PAT1001,71.0,96.4,109.9,36.62
2026-10-02 04:42:24.552285173,PAT1001,74.9,95.4,105.1,
2026-10-02 04:43:06.998562195,PAT1001,73.0,,109.7,36.65
2026-10-02 04:43:34.888607864,PAT1001,76.0,95.9,109.6,36.49
2026-10-02 04:44:00.095661940,PAT1001,,96.3,109.1,36.92
2026-10-02 04:44:36.560844098,PAT1001,71.4,96.3,,36.68
2026-10-02 04:45:02.954289138,PAT1001,70.7,95.7,104.9,36.67
2026-10-02 04:45:29.923439689,PAT1001,73.4,96.1,,36.61
2026-10-02 04:45:50.501535266,PAT1001,74.0,95.9,108.4,36.59
2026-10-02 04:46:30.815074087,PAT1001,71.5,96.2,109.2,36.61
2026-10-02 04:46:47.680079039,PAT1001,75.5,,108.6,36.73
2026-10-02 04:47:13.575075180,PAT1001,71.4,94.9,109.5,36.57
2026-10-02 04:47:32.007792360,PAT1001,77.4,95.7,108.1,36.65
2026-10-02 04:47:51.891138427,PAT1001,71.5,94.2,108.7,36.73
2026-10-02 04:48:10.915036991,PAT1001,72.4,96.3,101.1,36.66
2026-10-02 04:48:27.633917860,PAT1001,81.3,96.2,106.1,36.73
2026-10-02 04:49:06.622779581,PAT1001,71.9,94.2,109.1,
2026-10-02 04:49:30.838137621,PAT1001,71.9,96.4,111.4,36.73
2026-10-02 04:49:58.467726624,PAT1001,,96.1,104.9,36.78
2026-10-02 04:50:39.498240615,PAT1001,72.0,96.2,107.2,36.66
2026-10-02 04:51:02.435091217,PAT1001,68.2,95.9,109.4,36.71
2026-10-02 04:51:43.316031908,PAT1001,68.8,96.3,103.5,
2026-10-02 04:51:58.498258859,PAT1001,72.0,96.5,99.5,36.74
2026-10-02 04:52:39.270080041,PAT1001,69.6,96.4,105.0,36.57
2026-10-02 04:53:05.885915537,PAT1001,71.6,96.4,103.8,36.44
2026-10-02 04:53:42.963675837,PAT1001,72.7,96.3,,36.74
2026-10-02 04:54:11.234720408,PAT1001,68.2,95.8,109.0,36.77
2026-10-02 04:54:29.639085305,PAT1001,,,,36.63
2026-10-02 04:54:54.952536049,PAT1001,75.6,96.2,107.7,36.58
2026-10-02 04:55:38.995654690,PAT1001,77.5,96.2,115.5,36.67
2026-10-02 04:56:04.548923756,PAT1001,,96.3,110.0,36.78
2026-10-02 04:56:36.777832246,PAT1001,78.9,95.5,117.6,36.7
2026-10-02 04:56:53.443558263,PAT1001,77.1,96.1,112.3,36.72
2026-10-02 04:57:28.744604704,PAT1001,73.8,96.4,114.1,36.58
2026-10-02 04:58:12.363886491,PAT1001,,96.4,105.6,36.66
2026-10-02 04:58:45.473023571,PAT1001,73.7,95.9,112.1,36.72
2026-10-02 04:59:05.327922444,PAT1001,74.3,96.3,101.8,36.74
2026-10-02 04:59:22.212720811,PAT1001,79.8,95.9,104.7,36.73
2026-10-02 04:59:57.865803259,PAT1001,75.6,96.1,102.8,36.54
2026-10-02 05:00:28.107152295,PAT1001,76.4,96.5,,36.81
2026-10-02 05:00:51.155565955,PAT1001,73.3,96.3,102.9,36.79
2026-10-02 05:01:28.013439182,PAT1001,75.0,95.6,108.8,36.71
2026-10-02 05:01:56.097257183,PAT1001,77.6,96.3,109.0,36.65
2026-10-02 05:02:30.736102228,PAT1001,,95.9,108.0,36.66
2026-10-02 05:02:50.301903282,PAT1001,76.0,95.2,112.6,36.85
2026-10-02 05:03:16.146539310,PAT1001,,96.3,107.4,36.58
2026-10-02 05:04:00.991091431,PAT1001,69.9,96.5,107.9,36.73
2026-10-02 05:04:31.729798018,PAT1001,70.6,94.3,105.4,36.64
2026-10-02 05:05:04.563907016,PAT1001,75.5,96.0,109.0,36.7
2026-10-02 05:05:39.468116009,PAT1001,68.2,95.8,107.9,
2026-10-02 05:06:05.595385947,PAT1001,78.2,,106.4,36.54
2026-10-02 05:06:48.262173921,PAT1001,73.7,95.6,103.2,36.7
2026-10-02 05:07:04.317164981,PAT1001,78.0,96.4,103.6,36.6
2026-10-02 05:07:21.930250041,PAT1001,73.6,96.4,,36.82
2026-10-02 05:08:06.916104838,PAT1001,69.1,96.5,106.2,36.76
2026-10-02 05:08:47.187685464,PAT1001,72.5,95.6,117.6,36.69
2026-10-02 05:09:28.376081303,PAT1001,77.9,96.1,112.7,
2026-10-02 05:09:44.099689561,PAT1001,72.8,95.9,105.1,36.63
2026-10-02 05:10:08.948549095,PAT1001,76.6,96.5,100.3,36.75
2026-10-02 05:10:25.733247977,PAT1001,73.7,95.8,109.6,
2026-10-02 05:10:50.598511062,PAT1001,79.7,95.8,107.7,36.59
2026-10-02 05:11:32.720194780,PAT1001,74.7,96.3,103.7,36.66
2026-10-02 05:11:56.844505650,PAT1001,74.8,95.5,108.7,36.69
2026-10-02 05:12:34.615191354,PAT1001,73.0,96.3,118.1,36.76
2026-10-02 05:13:09.641383511,PAT1001,76.6,94.9,111.4,
2026-10-02 05:13:26.712841245,PAT1001,78.7,95.7,111.1,36.95
2026-10-02 05:14:02.582757767,PAT1001,70.2,96.1,114.1,36.85
2026-10-02 05:14:36.018081382,PAT1001,76.8,96.5,108.5,36.81
2026-10-02 05:14:53.045700813,PAT1001,79.2,96.3,108.0,36.77
2026-10-02 05:15:08.557549621,PAT1001,81.1,96.3,115.5,36.68
2026-10-02 05:15:32.505753551,PAT1001,,95.7,,36.72
2026-10-02 05:16:12.101736451,PAT1001,,95.0,106.9,36.75
2026-10-02 05:16:49.367515878,PAT1001,73.7,95.5,107.5,36.88
2026-10-02 05:17:23.550027231,PAT1001,71.3,96.2,108.9,36.58
2026-10-02 05:18:06.069905865,PAT1001,75.8,96.5,105.2,36.75
2026-10-02 05:18:44.902745471,PAT1001,71.5,96.0,110.8,36.57
2026-10-02 05:19:13.141944278,PAT1001,71.0,96.1,108.3,36.82
2026-10-02 05:19:55.106792418,PAT1001,70.8,95.6,111.1,36.69
2026-10-02 05:20:37.239646167,PAT1001,,95.4,110.4,36.72
2026-10-02 05:21:05.508894927,PAT1001,69.1,96.2,101.8,36.7
2026-10-02 05:21:25.043054878,PAT1001,,96.2,110.2,36.86
2026-10-02 05:22:07.388190478,PAT1001,74.1,96.5,117.9,36.6
2026-10-02 05:22:50.188404760,PAT1001,73.2,96.4,98.9,36.55
2026-10-02 05:23:26.411104843,PAT1001,73.7,,107.6,36.72
2026-10-02 05:23:48.282526608,PAT1001,75.9,96.3,114.0,36.8
2026-10-02 05:24:28.975813548,PAT1001,73.6,96.0,114.3,36.7
2026-10-02 05:24:52.428873012,PAT1001,76.2,96.2,116.7,36.74
2026-10-02 05:25:20.783117443,PAT1001,,96.5,110.9,36.67
2026-10-02 05:25:54.887293494,PAT1001,72.7,96.0,101.6,36.81
2026-10-02 05:26:26.692286460,PAT1001,72.7,95.5,101.3,36.82
2026-10-02 05:27:02.330266599,PAT1001,74.3,95.5,110.2,36.67
2026-10-02 05:27:43.424977585,PAT1001,74.8,96.4,100.9,36.9
2026-10-02 05:28:20.029303287,PAT1001,76.1,96.4,101.9,36.94
2026-10-02 05:28:42.735223954,PAT1001,76.3,96.1,106.0,36.76
2026-10-02 05:29:21.337472682,PAT1001,84.2,96.1,110.9,36.69
2026-10-02 05:30:00.891905470,PAT1001,73.9,96.5,103.0,36.78
2026-10-02 05:30:37.999821231,PAT1001,72.7,94.6,106.8,36.84
2026-10-02 05:31:10.331800556,PAT1001,72.8,95.9,,36.87
2026-10-02 05:31:38.868540427,PAT1001,73.1,95.9,112.5,36.72
2026-10-02 05:32:09.442512584,PAT1001,71.9,96.1,112.3,36.79
2026-10-02 05:32:45.602392090,PAT1001,77.2,96.4,114.1,36.81
2026-10-02 05:33:10.690867674,PAT1001,77.4,96.1,107.8,36.66
2026-10-02 05:33:45.243197798,PAT1001,72.2,96.4,112.4,36.9
2026-10-02 05:34:05.714330127,PAT1001,75.0,,106.5,36.75
2026-10-02 05:34:23.326822751,PAT1001,80.2,96.4,,36.77
2026-10-02 05:34:52.973337687,PAT1001,70.0,96.0,106.7,36.85
2026-10-02 05:35:10.591701641,PAT1001,73.4,95.8,121.9,36.8
2026-10-02 05:35:54.814038367,PAT1001,71.0,94.7,113.4,36.91
2026-10-02 05:36:27.549094265,PAT1001,,,107.3,36.8
2026-10-02 05:37:02.955134847,PAT1001,68.8,96.3,,36.86
2026-10-02 05:37:32.548679034,PAT1001,74.4,,109.0,
2026-10-02 05:37:52.109727429,PAT1001,79.9,96.2,106.7,36.64
2026-10-02 05:38:08.882976571,PAT1001,73.4,95.5,107.4,36.75
2026-10-02 05:38:44.669981291,PAT1001,77.0,96.4,111.2,37.02
2026-10-02 05:39:09.485483740,PAT1001,76.2,95.5,110.7,36.77
2026-10-02 05:39:25.216860349,PAT1001,74.3,96.3,108.1,36.82
2026-10-02 05:39:42.600042771,PAT1001,70.7,95.4,117.8,36.92
2026-10-02 05:40:03.204573752,PAT1001,70.7,96.2,114.3,36.78
2026-10-02 05:40:23.896506420,PAT1001,70.0,95.7,113.3,36.94
2026-10-02 05:40:42.611678987,PAT1001,80.9,,105.4,36.78
2026-10-02 05:41:14.467857609,PAT1001,,95.6,104.2,36.84
2026-10-02 05:41:57.334755685,PAT1001,73.7,96.3,104.0,36.87
2026-10-02 05:42:37.191934388,PAT1001,75.1,96.2,112.5,36.94
2026-10-02 05:43:13.880333082,PAT1001,73.3,95.0,111.2,36.71
2026-10-02 05:43:47.261256174,PAT1001,73.3,96.4,110.7,36.89
2026-10-02 05:44:19.993302749,PAT1001,76.5,96.2,119.4,36.7
2026-10-02 05:44:47.838973564,PAT1001,73.5,96.3,115.0,36.72
2026-10-02 05:45:21.868368743,PAT1001,76.6,95.6,108.0,36.78
2026-10-02 05:45:54.131448699,PAT1001,76.1,96.1,118.2,36.79
2026-10-02 05:46:34.535891222,PAT1001,78.7,95.5,99.7,36.66
2026-10-02 05:47:07.189056931,PAT1001,72.7,96.0,111.9,36.59
2026-10-02 05:47:31.749651999,PAT1001,69.3,96.1,109.1,36.96
2026-10-02 05:47:56.328388376,PAT1001,71.4,96.0,109.5,36.88
2026-10-02 05:48:27.293213865,PAT1001,80.1,95.8,110.6,36.81
2026-10-02 05:48:54.756291899,PAT1001,78.4,96.5,116.4,
2026-10-02 05:49:18.289420222,PAT1001,,96.2,116.2,36.86
2026-10-02 05:49:51.116454915,PAT1001,76.9,,108.1,36.8
2026-10-02 05:50:35.452986243,PAT1001,79.4,96.3,119.2,36.8
2026-10-02 05:51:10.814293043,PAT1001,73.4,96.4,116.1,36.74
2026-10-02 05:51:35.711974763,PAT1001,72.3,96.1,113.6,36.82
2026-10-02 05:52:02.307098318,PAT1001,81.4,96.0,109.7,36.87
2026-10-02 05:52:24.630898885,PAT1001,74.2,96.5,106.7,36.92
2026-10-02 05:53:02.021859396,PAT1001,75.0,96.2,112.3,36.87
2026-10-02 05:53:43.582612539,PAT1001,77.7,96.2,114.6,36.72
2026-10-02 05:54:06.739347801,PAT1001,73.5,96.2,111.4,36.93
2026-10-02 05:54:44.818355199,PAT1001,79.2,96.2,110.6,36.81
2026-10-02 05:55:09.041858847,PAT1001,78.1,96.2,115.8,36.85
2026-10-02 05:55:49.223225976,PAT1001,73.4,96.4,114.3,36.91
2026-10-02 05:56:06.322527081,PAT1001,67.8,95.2,109.1,36.85
2026-10-02 05:56:41.747541420,PAT1001,78.9,,107.7,37.02
2026-10-02 05:56:59.620764671,PAT1001,,95.8,121.2,36.79
2026-10-02 05:57:24.342305791,PAT1001,79.5,95.9,105.0,36.86
2026-10-02 05:57:53.034749707,PAT1001,78.9,96.3,108.7,36.72
2026-10-02 05:58:24.491315405,PAT1001,78.3,95.7,112.8,36.95
2026-10-02 05:58:42.031389204,PAT1001,78.9,96.4,107.0,36.84
2026-10-02 05:59:11.416989645,PAT1001,78.0,95.3,109.4,36.86
2026-10-02 05:59:44.780307689,PAT1001,,94.8,111.2,36.91
2026-10-02 06:00:20.985401773,PAT1001,70.2,97.9,,37.03
2026-10-02 06:00:53.464360451,PAT1001,73.7,96.6,117.8,36.9
2026-10-02 06:01:21.293202234,PAT1001,75.3,97.9,113.0,
2026-10-02 06:01:49.861289236,PAT1001,70.8,97.8,106.1,36.78
2026-10-02 06:02:26.463672539,PAT1001,76.8,98.0,116.1,36.86
2026-10-02 06:02:55.672875354,PAT1001,69.3,98.0,112.5,36.88
2026-10-02 06:03:34.931284442,PAT1001,74.2,97.9,108.2,36.97
2026-10-02 06:03:56.826461514,PAT1001,74.8,,101.9,36.9
2026-10-02 06:04:39.022699677,PAT1001,82.8,97.5,114.0,36.81
2026-10-02 06:05:06.431019612,PAT1001,81.8,97.8,102.4,36.76
2026-10-02 06:05:43.165490112,PAT1001,76.1,96.7,113.8,37.02
2026-10-02 06:06:11.947523812,PAT1001,73.9,97.9,109.4,36.89
2026-10-02 06:06:45.064296521,PAT1001,73.9,97.0,105.5,36.77
2026-10-02 06:07:18.176387594,PAT1001,79.3,,110.7,36.95
2026-10-02 06:07:34.176328463,PAT1001,,96.9,109.5,36.92
2026-10-02 06:08:10.124180210,PAT1001,76.3,97.4,111.5,36.7
2026-10-02 06:08:32.655810895,PAT1001,72.2,97.9,111.1,36.84
2026-10-02 06:09:06.613034846,PAT1001,74.6,97.9,121.2,36.88
2026-10-02 06:09:22.468117613,PAT1001,75.8,97.5,114.8,36.75
2026-10-02 06:10:02.742422348,PAT1001,76.8,97.7,107.7,36.81
2026-10-02 06:10:33.855240812,PAT1001,76.0,97.4,115.5,36.88
2026-10-02 06:11:05.141061833,PAT1001,80.2,97.7,111.6,36.81
2026-10-02 06:11:21.815873832,PAT1001,77.1,97.9,106.5,36.68
2026-10-02 06:11:41.219852290,PAT1001,82.5,96.8,115.7,36.81
2026-10-02 06:12:19.642650405,PAT1001,75.2,96.3,102.8,36.83
2026-10-02 06:12:44.826016009,PAT1001,69.1,97.4,101.0,
2026-10-02 06:13:15.765047183,PAT1001,78.8,97.7,108.6,37.04
2026-10-02 06:13:35.388692301,PAT1001,71.8,,104.9,36.78
2026-10-02 06:14:06.687255604,PAT1001,75.0,97.9,108.4,37.02
2026-10-02 06:14:44.165846320,PAT1001,81.7,97.7,112.9,36.82
2026-10-02 06:15:09.355312819,PAT1001,81.0,97.6,114.0,36.93
2026-10-02 06:15:44.854211395,PAT1001,81.5,,119.1,36.81
2026-10-02 06:16:12.739784344,PAT1001,79.1,,114.2,36.96
2026-10-02 06:16:57.604307010,PAT1001,71.3,97.0,115.2,36.76
2026-10-02 06:17:35.070573528,PAT1001,76.6,97.8,109.5,36.88
2026-10-02 06:17:54.480614610,PAT1001,79.3,98.0,108.0,36.81
2026-10-02 06:18:38.642008967,PAT1001,80.3,98.0,117.5,36.94
2026-10-02 06:18:55.194188398,PAT1001,86.0,97.5,112.1,37.0
2026-10-02 06:19:13.035349930,PAT1001,80.4,97.7,101.3,36.8
2026-10-02 06:19:49.880664891,PAT1001,68.9,97.9,,36.98
2026-10-02 06:20:18.621866271,PAT1001,77.0,97.4,109.4,36.87
2026-10-02 06:20:41.746433106,PAT1001,79.0,97.5,,36.98
2026-10-02 06:21:22.047887200,PAT1001,80.7,97.5,106.0,36.96
2026-10-02 06:21:45.274995434,PAT1001,77.9,96.7,,36.89
2026-10-02 06:22:03.171628118,PAT1001,77.7,97.9,110.3,36.72
2026-10-02 06:22:31.502097662,PAT1001,79.7,97.9,114.1,36.81
2026-10-02 06:23:11.264237191,PAT1001,80.7,96.4,114.5,36.97
2026-10-02 06:23:38.961047545,PAT1001,,97.5,115.6,36.87
2026-10-02 06:24:01.578823456,PAT1001,78.7,97.5,112.2,36.93
2026-10-02 06:24:27.882873477,PAT1001,76.9,97.7,106.0,36.85
2026-10-02 06:25:00.823893271,PAT1001,80.2,97.6,106.1,36.79
2026-10-02 06:25:22.979723598,PAT1001,75.4,96.8,114.8,36.84
2026-10-02 06:25:44.640015971,PAT1001,73.8,97.0,109.6,36.72
2026-10-02 06:26:29.527030686,PAT1001,,97.5,120.7,36.86
2026-10-02 06:27:07.263921488,PAT1001,78.6,96.7,110.6,36.79
2026-10-02 06:27:43.461487373,PAT1001,79.0,97.6,111.1,
2026-10-02 06:28:22.855282276,PAT1001,72.9,97.9,107.1,36.88
2026-10-02 06:29:04.564229339,PAT1001,78.4,96.9,117.6,37.0
2026-10-02 06:29:33.967280409,PAT1001,84.5,98.0,115.3,36.94
2026-10-02 06:29:57.268418753,PAT1001,90.5,96.9,118.3,36.89
2026-10-02 06:30:37.662941048,PAT1001,76.7,97.8,111.6,36.84
2026-10-02 06:31:01.096445984,PAT1001,,,119.8,37.07
2026-10-02 06:31:23.401073866,PAT1001,77.9,98.0,117.7,36.78
2026-10-02 06:31:49.205319776,PAT1001,76.3,96.4,117.9,36.94
2026-10-02 06:32:20.408540910,PAT1001,74.4,96.5,111.8,37.02
2026-10-02 06:32:52.065612892,PAT1001,79.4,97.9,104.8,36.91
2026-10-02 06:33:19.554521538,PAT1001,75.8,96.7,115.3,36.9
2026-10-02 06:33:59.023596171,PAT1001,78.2,95.5,112.2,36.96
2026-10-02 06:34:39.273852961,PAT1001,75.8,97.6,119.4,36.9
2026-10-02 06:35:10.471231685,PAT1001,75.1,97.7,112.4,36.89
2026-10-02 06:35:27.761209474,PAT1001,75.9,96.9,109.8,36.87
2026-10-02 06:36:05.899827036,PAT1001,75.9,97.3,116.0,36.93
2026-10-02 06:36:40.513637361,PAT1001,80.5,97.6,103.5,36.89
2026-10-02 06:36:57.070197318,PAT1001,76.9,,112.7,36.86
2026-10-02 06:37:27.502948025,PAT1001,79.7,97.9,112.3,37.01
2026-10-02 06:37:56.413230002,PAT1001,,,111.1,36.97
2026-10-02 06:38:20.866802689,PAT1001,70.1,97.9,105.2,
2026-10-02 06:38:44.208332194,PAT1001,78.6,97.8,116.6,36.86
2026-10-02 06:39:00.399777149,PAT1001,,97.2,109.3,36.86
2026-10-02 06:39:17.759899840,PAT1001,72.5,,112.7,37.03
2026-10-02 06:39:50.556827234,PAT1001,70.8,97.2,109.5,36.9
2026-10-02 06:40:28.461536136,PAT1001,77.2,97.7,109.1,36.95
2026-10-02 06:41:11.095779156,PAT1001,69.6,97.6,112.0,37.15
2026-10-02 06:41:26.646269113,PAT1001,81.5,98.0,109.6,36.92
2026-10-02 06:42:05.297416250,PAT1001,76.3,97.6,107.6,36.88
2026-10-02 06:42:22.960615651,PAT1001,79.6,97.9,111.6,
2026-10-02 06:42:45.361125518,PAT1001,,96.8,116.0,36.93
2026-10-02 06:43:12.317484862,PAT1001,,97.6,119.8,37.04
2026-10-02 06:43:51.497800083,PAT1001,73.1,97.2,116.5,36.91
2026-10-02 06:44:21.316318022,PAT1001,75.6,97.5,111.7,36.83
2026-10-02 06:44:50.783915872,PAT1001,80.4,97.5,111.1,37.03
2026-10-02 06:45:15.848143703,PAT1001,71.0,,108.5,36.89
2026-10-02 06:45:54.520607487,PAT1001,79.1,97.8,115.0,36.86
2026-10-02 06:46:30.501571664,PAT1001,80.2,,113.9,36.85
2026-10-02 06:47:00.702242013,PAT1001,86.7,,105.4,36.87
2026-10-02 06:47:39.172620468,PAT1001,77.3,97.9,112.0,37.09
2026-10-02 06:48:14.190561083,PAT1001,75.4,97.4,108.7,36.93
2026-10-02 06:48:34.530657644,PAT1001,83.7,97.8,114.3,36.83
2026-10-02 06:48:53.902693319,PAT1001,78.7,97.7,108.2,36.93
2026-10-02 06:49:26.531792669,PAT1001,80.5,97.0,110.3,36.84
2026-10-02 06:49:43.523759337,PAT1001,76.2,96.3,119.2,36.96
2026-10-02 06:50:21.322239291,PAT1001,80.4,97.2,118.1,36.83
2026-10-02 06:50:45.140388390,PAT1001,82.4,97.2,114.9,36.96
2026-10-02 06:51:16.804233011,PAT1001,81.6,95.2,111.0,36.87
2026-10-02 06:51:55.137153196,PAT1001,79.2,97.8,125.5,36.96
2026-10-02 06:52:12.492310965,PAT1001,83.2,97.3,118.3,37.03
2026-10-02 06:52:50.057198830,PAT1001,,98.0,112.5,37.04
2026-10-02 06:53:22.501324142,PAT1001,,,113.3,36.93
2026-10-02 06:53:53.310989819,PAT1001,,,119.4,36.93
2026-10-02 06:54:11.699350147,PAT1001,76.9,97.5,114.4,37.11
2026-10-02 06:54:39.713830532,PAT1001,76.6,96.3,110.6,36.99
2026-10-02 06:55:06.839021526,PAT1001,82.5,97.8,124.6,36.8
2026-10-02 06:55:31.786196994,PAT1001,73.8,,,36.88
2026-10-02 06:55:49.499872850,PAT1001,,,114.6,36.82
2026-10-02 06:56:20.643939623,PAT1001,76.1,98.0,109.2,36.86
2026-10-02 06:57:00.589533875,PAT1001,,98.0,115.5,37.1
2026-10-02 06:57:17.370636489,PAT1001,79.9,98.0,108.8,37.0
2026-10-02 06:57:33.343168803,PAT1001,75.1,97.8,108.3,37.0
2026-10-02 06:57:55.374621854,PAT1001,84.1,,,36.97
2026-10-02 06:58:23.738484143,PAT1001,82.4,97.2,116.0,36.77
2026-10-02 06:58:45.905310412,PAT1001,78.9,97.7,113.7,36.95
2026-10-02 06:59:02.660850819,PAT1001,77.4,,105.8,37.03
2026-10-02 06:59:24.131224671,PAT1001,82.3,97.9,110.5,36.92
2026-10-02 06:59:50.225256550,PAT1001,80.7,95.7,123.4,36.99
2026-10-02 07:00:18.968561594,PAT1001,78.6,98.0,115.8,37.01
2026-10-02 07:00:43.820844978,PAT1001,75.4,97.6,,36.99
2026-10-02 07:01:26.515229999,PAT1001,81.7,96.3,113.7,37.1
2026-10-02 07:02:09.418538799,PAT1001,72.6,97.6,117.7,36.89
2026-10-02 07:02:39.462724328,PAT1001,,96.9,110.3,36.86
2026-10-02 07:03:21.522423630,PAT1001,,97.1,106.8,36.85
2026-10-02 07:03:45.025467717,PAT1001,75.2,97.5,123.1,37.23
2026-10-02 07:04:05.479048252,PAT1001,,98.0,118.1,36.93
2026-10-02 07:04:32.840320978,PAT1001,78.1,,118.4,37.04
2026-10-02 07:05:04.660949755,PAT1001,81.5,97.0,117.2,37.06
2026-10-02 07:05:29.105429327,PAT1001,74.6,98.0,117.4,37.07
2026-10-02 07:06:04.690361556,PAT1001,76.9,96.5,115.6,37.14
2026-10-02 07:06:46.188739325,PAT1001,83.3,97.7,115.9,37.0
2026-10-02 07:07:26.114285671,PAT1001,81.6,96.8,108.4,36.94
2026-10-02 07:08:00.794036539,PAT1001,80.0,97.9,108.6,37.07
2026-10-02 07:08:31.938409706,PAT1001,78.9,97.8,117.2,37.16
2026-10-02 07:09:00.572172340,PAT1001,79.2,94.9,120.7,37.02
2026-10-02 07:09:37.201061527,PAT1001,73.4,97.1,,36.91
2026-10-02 07:10:00.571829386,PAT1001,81.3,97.0,120.6,36.9
2026-10-02 07:10:37.708569535,PAT1001,80.7,97.9,115.8,37.0
2026-10-02 07:11:21.832927170,PAT1001,76.5,97.7,118.7,37.16
2026-10-02 07:12:06.369549456,PAT1001,91.2,97.3,110.5,37.02
2026-10-02 07:12:29.564917650,PAT1001,74.3,97.3,111.4,37.1
2026-10-02 07:13:00.691001028,PAT1001,82.2,97.6,112.8,36.94
2026-10-02 07:13:30.562963594,PAT1001,79.1,96.3,107.9,37.05
2026-10-02 07:13:59.965873500,PAT1001,77.8,,110.6,37.0
2026-10-02 07:14:20.149899342,PAT1001,81.3,97.8,115.2,37.1
2026-10-02 07:14:36.101901925,PAT1001,83.2,97.3,111.7,37.02
2026-10-02 07:15:18.715627999,PAT1001,77.7,97.5,108.3,
2026-10-02 07:15:40.044787685,PAT1001,82.1,97.6,104.0,37.11
2026-10-02 07:15:58.056786275,PAT1001,73.8,97.8,110.5,37.02
2026-10-02 07:16:22.613541337,PAT1001,78.8,97.7,121.2,37.07
2026-10-02 07:16:43.275869961,PAT1001,70.5,97.9,116.2,37.03
2026-10-02 07:16:59.290422923,PAT1001,81.9,97.9,106.5,36.97
2026-10-02 07:17:31.103187210,PAT1001,,96.9,117.8,36.9
2026-10-02 07:18:13.009559665,PAT1001,76.0,97.5,121.9,37.04
2026-10-02 07:18:33.381555930,PAT1001,73.7,96.3,125.1,36.98
2026-10-02 07:19:04.055879818,PAT1001,86.0,97.5,120.4,37.11
2026-10-02 07:19:28.692728054,PAT1001,79.3,97.7,115.8,36.98
2026-10-02 07:19:55.668597749,PAT1001,76.9,,114.5,37.24
2026-10-02 07:20:31.091604592,PAT1001,76.8,97.8,113.7,36.98
2026-10-02 07:20:55.259420000,PAT1001,86.4,97.3,107.4,37.07
2026-10-02 07:21:20.890633155,PAT1001,75.5,97.2,120.1,36.94
2026-10-02 07:21:43.643643157,PAT1001,80.1,97.5,113.7,37.09
2026-10-02 07:22:18.633750333,PAT1001,80.9,97.2,112.7,37.2
2026-10-02 07:22:46.650244863,PAT1001,80.5,97.9,115.6,36.98
2026-10-02 07:23:22.756525149,PAT1001,79.2,97.8,111.7,36.99
2026-10-02 07:23:55.497456426,PAT1001,81.9,94.5,112.2,37.09
2026-10-02 07:24:35.867355679,PAT1001,77.0,98.0,126.1,37.1
2026-10-02 07:25:16.054861253,PAT1001,82.7,96.5,109.3,
2026-10-02 07:25:57.742992050,PAT1001,76.0,97.7,112.5,36.92
2026-10-02 07:26:12.892772102,PAT1001,84.5,,,36.92
2026-10-02 07:26:40.702612380,PAT1001,82.3,97.2,116.1,37.07
2026-10-02 07:27:22.642573685,PAT1001,82.4,97.8,119.0,37.11
2026-10-02 07:27:55.447036517,PAT1001,77.0,97.9,107.2,37.05
2026-10-02 07:28:16.998130922,PAT1001,73.3,97.9,117.3,37.23
2026-10-02 07:28:52.858240038,PAT1001,84.0,97.6,112.1,37.01
2026-10-02 07:29:15.819060692,PAT1001,,97.6,120.8,37.07
2026-10-02 07:29:43.319967386,PAT1001,78.8,97.9,117.6,37.2
2026-10-02 07:30:13.415882930,PAT1001,79.8,95.9,120.6,36.8
2026-10-02 07:30:34.608708843,PAT1001,79.5,97.4,108.8,37.12
2026-10-02 07:31:12.163738723,PAT1001,76.6,95.7,105.3,36.98
2026-10-02 07:31:43.449694300,PAT1001,84.5,97.7,111.9,37.06
2026-10-02 07:32:24.055314513,PAT1001,83.2,97.5,106.0,37.05
2026-10-02 07:33:01.800022727,PAT1001,79.6,96.7,111.1,37.17
2026-10-02 07:33:26.606685060,PAT1001,78.8,96.8,108.8,37.21
2026-10-02 07:33:49.072741867,PAT1001,83.2,97.5,103.6,37.3
2026-10-02 07:34:04.894297923,PAT1001,86.0,97.2,116.2,37.05
2026-10-02 07:34:34.428009701,PAT1001,85.9,97.1,111.4,37.17
2026-10-02 07:35:05.765532851,PAT1001,81.7,,116.0,37.1
2026-10-02 07:35:21.100298210,PAT1001,77.4,97.9,,37.08
2026-10-02 07:35:39.228475028,PAT1001,82.3,97.8,111.3,37.13
2026-10-02 07:36:01.460268407,PAT1001,73.6,96.9,,37.19
2026-10-02 07:36:33.437974745,PAT1001,83.7,97.0,118.6,37.07
2026-10-02 07:36:52.032423541,PAT1001,,97.2,111.3,37.05
2026-10-02 07:37:08.244587853,PAT1001,78.4,96.9,125.9,
2026-10-02 07:37:28.955664045,PAT1001,89.2,96.9,120.3,37.16
2026-10-02 07:37:49.376953901,PAT1001,84.9,97.5,113.5,37.28
2026-10-02 07:38:28.441794177,PAT1001,85.8,97.8,116.1,37.08
2026-10-02 07:39:07.641904354,PAT1001,82.7,97.6,117.8,37.17
2026-10-02 07:39:23.214547863,PAT1001,85.0,97.9,110.4,37.13
2026-10-02 07:40:02.579778416,PAT1001,87.6,97.1,115.1,36.98
2026-10-02 07:40:37.908913450,PAT1001,74.1,96.3,106.3,
2026-10-02 07:41:08.493158672,PAT1001,78.1,96.1,,37.15
2026-10-02 07:41:49.494529914,PAT1001,78.3,97.4,114.2,37.21
2026-10-02 07:42:14.565596694,PAT1001,75.5,96.5,,37.26
2026-10-02 07:42:47.725143295,PAT1001,83.6,97.8,118.0,37.12
2026-10-02 07:43:17.209516387,PAT1001,81.5,96.5,117.3,37.04
2026-10-02 07:43:38.299664740,PAT1001,75.5,,116.5,37.11
2026-10-02 07:44:11.149158191,PAT1001,85.1,97.9,,37.2
2026-10-02 07:44:27.660168469,PAT1001,83.6,97.0,119.6,36.97
2026-10-02 07:45:09.053349658,PAT1001,78.8,97.5,114.3,
2026-10-02 07:45:37.372202954,PAT1001,81.2,97.1,122.3,37.14
2026-10-02 07:46:17.375232238,PAT1001,80.9,,120.9,37.23
2026-10-02 07:46:36.020611192,PAT1001,78.9,97.8,115.6,37.11
2026-10-02 07:47:06.515400375,PAT1001,78.3,97.4,109.6,37.28
2026-10-02 07:47:35.079529911,PAT1001,81.5,97.2,114.5,37.17
2026-10-02 07:47:56.397384510,PAT1001,,95.8,117.9,37.18
2026-10-02 07:48:13.742911482,PAT1001,76.0,97.8,125.5,37.22
2026-10-02 07:48:30.472539500,PAT1001,75.7,97.4,126.0,37.07
2026-10-02 07:49:11.746952399,PAT1001,79.2,97.6,113.4,37.11
2026-10-02 07:49:41.995863696,PAT1001,80.0,97.8,120.1,37.14
2026-10-02 07:49:57.166804042,PAT1001,81.4,98.0,133.1,37.2
2026-10-02 07:50:13.700449722,PAT1001,81.1,96.7,119.9,37.1
2026-10-02 07:50:54.782530559,PAT1001,79.9,96.8,120.5,37.03
2026-10-02 07:51:32.919606912,PAT1001,80.8,97.6,119.6,37.18
2026-10-02 07:52:03.888051932,PAT1001,,97.8,121.4,37.18
2026-10-02 07:52:32.211039847,PAT1001,80.1,96.0,,37.26
2026-10-02 07:53:14.215761435,PAT1001,83.3,97.6,116.9,37.16
2026-10-02 07:53:32.311263925,PAT1001,83.6,97.4,119.1,37.04
2026-10-02 07:54:02.309243645,PAT1001,85.2,97.9,110.9,37.2
2026-10-02 07:54:30.617148846,PAT1001,77.6,,113.4,37.2
2026-10-02 07:54:55.225674653,PAT1001,79.4,98.0,113.2,37.19
2026-10-02 07:55:39.548737909,PAT1001,83.7,97.7,,37.27
2026-10-02 07:56:09.962374220,PAT1001,77.8,97.3,120.0,37.25
2026-10-02 07:56:50.013251402,PAT1001,83.5,97.3,123.1,37.03
2026-10-02 07:57:05.519367982,PAT1001,72.2,96.9,117.3,37.29
2026-10-02 07:57:39.414894901,PAT1001,87.7,97.3,116.9,37.15
2026-10-02 07:58:10.887427294,PAT1001,88.8,96.2,122.8,37.07
2026-10-02 07:58:47.487446716,PAT1001,,97.4,117.9,36.95
2026-10-02 07:59:03.730889603,PAT1001,83.4,97.3,118.7,37.23
2026-10-02 07:59:43.537573523,PAT1001,77.6,97.9,125.2,37.14
2026-10-02 08:00:11.546213604,PAT1001,80.9,97.7,121.8,37.23
2026-10-02 08:00:54.046259937,PAT1001,78.8,97.8,119.0,37.29
2026-10-02 08:01:24.707969956,PAT1001,79.3,97.4,119.7,
2026-10-02 08:01:57.644125060,PAT1001,83.8,97.0,113.0,37.2
2026-10-02 08:02:15.472342658,PAT1001,78.6,97.3,116.8,37.19
2026-10-02 08:02:43.898752356,PAT1001,78.5,97.2,106.0,37.1
2026-10-02 08:03:24.876280543,PAT1001,82.1,,120.7,37.23
2026-10-02 08:04:05.100472404,PAT1001,77.9,97.9,120.0,37.13
2026-10-02 08:04:25.061328311,PAT1001,80.8,97.5,116.0,37.19
2026-10-02 08:04:53.549825540,PAT1001,84.1,97.9,114.0,37.07
2026-10-02 08:05:20.848755901,PAT1001,74.2,97.4,113.9,36.94
2026-10-02 08:05:46.492598811,PAT1001,83.2,97.9,118.8,36.98
2026-10-02 08:06:15.041194844,PAT1001,81.5,97.7,117.2,37.06
2026-10-02 08:06:45.935060949,PAT1001,83.5,97.7,120.2,37.07
2026-10-02 08:07:14.041875816,PAT1001,83.4,97.7,113.8,37.09
2026-10-02 08:07:29.671925152,PAT1001,78.2,,116.1,37.25
2026-10-02 08:08:10.439656041,PAT1001,,,122.7,37.26
2026-10-02 08:08:37.183288798,PAT1001,79.8,96.8,115.2,37.04
2026-10-02 08:09:05.932167765,PAT1001,78.9,98.0,124.5,37.15
2026-10-02 08:09:49.216827338,PAT1001,78.0,97.6,112.6,37.12
2026-10-02 08:10:20.733512794,PAT1001,,,,37.19
2026-10-02 08:10:58.187251052,PAT1001,,97.6,116.6,37.27
2026-10-02 08:11:27.059205309,PAT1001,86.4,97.5,113.9,37.22
2026-10-02 08:11:54.399479766,PAT1001,87.6,96.9,111.7,37.21
2026-10-02 08:12:15.511078529,PAT1001,82.5,97.7,118.3,37.16
2026-10-02 08:12:38.529513819,PAT1001,82.2,97.7,119.2,37.03
2026-10-02 08:13:16.642929797,PAT1001,83.3,97.8,115.9,37.14
2026-10-02 08:13:49.927616959,PAT1001,79.3,97.6,118.5,37.14
2026-10-02 08:14:19.167966593,PAT1001,79.3,97.7,114.3,37.04
2026-10-02 08:15:01.319817523,PAT1001,82.3,96.8,113.7,37.11
2026-10-02 08:15:18.074575274,PAT1001,84.7,97.2,112.9,37.19
2026-10-02 08:15:40.878375293,PAT1001,82.0,97.2,109.8,37.19
2026-10-02 08:16:25.467991432,PAT1001,77.2,97.9,112.4,37.06
2026-10-02 08:16:53.906692850,PAT1001,86.7,97.7,114.5,37.23
2026-10-02 08:17:29.615867600,PAT1001,82.4,97.5,115.1,37.2
2026-10-02 08:18:11.794211260,PAT1001,76.3,97.1,118.9,37.2
2026-10-02 08:18:55.437418131,PAT1001,76.3,97.9,121.0,
2026-10-02 08:19:21.828922857,PAT1001,,98.0,116.1,37.28
2026-10-02 08:20:04.863827015,PAT1001,82.5,97.6,112.8,37.24
2026-10-02 08:20:46.885612950,PAT1001,86.0,,111.1,37.25
2026-10-02 08:21:18.311645417,PAT1001,82.3,96.7,113.8,37.2
2026-10-02 08:21:54.448153441,PAT1001,,97.3,119.4,37.02
2026-10-02 08:22:25.106008170,PAT1001,80.5,97.8,115.7,37.15
2026-10-02 08:22:51.412678580,PAT1001,80.7,97.2,116.7,37.13
2026-10-02 08:23:12.550245479,PAT1001,75.8,97.6,112.7,37.36
2026-10-02 08:23:53.403328718,PAT1001,82.2,95.5,121.9,37.28
2026-10-02 08:24:34.560384390,PAT1001,86.9,97.8,,37.3
2026-10-02 08:24:52.880461970,PAT1001,83.9,96.9,129.4,37.3
2026-10-02 08:25:18.501967243,PAT1001,83.1,97.1,110.5,
2026-10-02 08:25:53.816579704,PAT1001,74.4,96.8,111.7,37.35
2026-10-02 08:26:33.243127143,PAT1001,85.1,97.7,,37.26
2026-10-02 08:27:14.326792977,PAT1001,81.6,97.8,117.6,
2026-10-02 08:27:33.524993257,PAT1001,74.9,97.0,109.8,37.32
2026-10-02 08:27:53.767581318,PAT1001,83.0,97.6,116.1,37.21
2026-10-02 08:28:25.061740609,PAT1001,87.0,97.8,124.9,37.28
2026-10-02 08:28:41.944281672,PAT1001,87.7,97.7,121.9,37.17
2026-10-02 08:29:11.288839793,PAT1001,85.3,97.7,115.3,37.35
2026-10-02 08:29:52.567764907,PAT1001,84.3,96.4,114.1,37.16
2026-10-02 08:30:33.171806477,PAT1001,78.5,97.7,118.3,37.27
2026-10-02 08:30:55.317387780,PAT1001,75.9,,118.0,37.27
2026-10-02 08:31:31.293223464,PAT1001,84.6,97.4,107.6,37.25
2026-10-02 08:31:50.375332957,PAT1001,88.0,96.9,116.5,37.31
2026-10-02 08:32:34.265429251,PAT1001,78.3,97.5,117.8,37.26
2026-10-02 08:33:03.847548137,PAT1001,81.1,96.9,122.2,37.19
2026-10-02 08:33:37.212597417,PAT1001,80.4,96.8,113.0,37.24
2026-10-02 08:34:08.834371249,PAT1001,85.8,97.6,123.6,37.33
2026-10-02 08:34:30.634784933,PAT1001,83.7,97.7,136.1,37.34
2026-10-02 08:35:04.215742053,PAT1001,86.7,97.8,,
2026-10-02 08:35:23.587168978,PAT1001,82.5,95.5,123.9,37.56
2026-10-02 08:36:05.067296071,PAT1001,83.1,,115.9,37.35
2026-10-02 08:36:45.793315879,PAT1001,80.3,97.6,116.8,37.12
2026-10-02 08:37:28.174388156,PAT1001,81.0,97.8,107.4,37.3
2026-10-02 08:38:11.724883297,PAT1001,81.5,,125.7,37.27
2026-10-02 08:38:30.323738190,PAT1001,79.9,97.4,112.2,37.25
2026-10-02 08:39:03.370623225,PAT1001,85.0,97.2,112.3,37.5
2026-10-02 08:39:21.021204915,PAT1001,81.4,96.8,121.3,37.35
2026-10-02 08:39:53.015220859,PAT1001,83.3,97.5,113.8,37.38
2026-10-02 08:40:10.893649991,PAT1001,81.0,97.9,,37.45
2026-10-02 08:40:33.402691305,PAT1001,76.5,97.7,115.4,37.37
2026-10-02 08:40:56.764489863,PAT1001,90.0,96.5,121.1,37.32
2026-10-02 08:41:18.176155192,PAT1001,,97.3,118.7,
2026-10-02 08:41:42.385919354,PAT1001,81.8,97.1,125.1,37.3
2026-10-02 08:42:16.200983749,PAT1001,78.3,97.7,121.7,37.28
2026-10-02 08:42:43.773468451,PAT1001,82.1,97.8,115.7,37.44
2026-10-02 08:43:15.671038961,PAT1001,88.5,97.4,118.9,37.3
2026-10-02 08:43:40.975556552,PAT1001,,96.6,116.1,37.25
2026-10-02 08:43:59.668448571,PAT1001,75.6,97.7,118.6,37.23
2026-10-02 08:44:19.216571943,PAT1001,83.4,97.9,122.9,37.35
2026-10-02 08:44:41.161787479,PAT1001,82.1,97.2,118.8,37.19
2026-10-02 08:45:14.466730725,PAT1001,81.1,97.2,114.0,37.36
2026-10-02 08:45:50.582953111,PAT1001,83.5,97.3,126.4,37.1
2026-10-02 08:46:12.127160659,PAT1001,78.2,97.4,122.6,37.39
2026-10-02 08:46:45.126520440,PAT1001,84.8,97.4,120.2,37.33
2026-10-02 08:47:23.848402964,PAT1001,87.1,96.2,113.8,37.19
2026-10-02 08:47:43.710264743,PAT1001,,97.6,118.3,37.37
2026-10-02 08:48:10.950019440,PAT1001,85.1,97.8,119.2,37.13
2026-10-02 08:48:52.429697979,PAT1001,,97.8,127.0,37.25
2026-10-02 08:49:18.643122862,PAT1001,80.3,97.9,118.1,37.37
2026-10-02 08:49:39.670732864,PAT1001,73.6,98.0,115.5,37.59
2026-10-02 08:49:59.816832939,PAT1001,78.5,96.3,130.0,
2026-10-02 08:50:42.967283570,PAT1001,80.5,97.8,,
2026-10-02 08:51:23.794545876,PAT1001,86.0,98.0,122.8,37.24
2026-10-02 08:51:54.337750254,PAT1001,90.8,97.2,117.5,37.29
2026-10-02 08:52:24.649281502,PAT1001,84.4,97.9,113.1,37.54
2026-10-02 08:52:41.247714077,PAT1001,92.9,98.0,123.7,37.3
2026-10-02 08:53:23.467791822,PAT1001,82.9,97.9,123.0,37.2
2026-10-02 08:53:41.442567713,PAT1001,78.3,97.8,119.8,37.32
2026-10-02 08:54:14.292987009,PAT1001,80.0,95.7,122.1,37.06
2026-10-02 08:54:40.538069599,PAT1001,77.6,96.3,,37.34
2026-10-02 08:55:19.336156424,PAT1001,85.9,95.8,119.6,37.09
2026-10-02 08:55:55.692343456,PAT1001,84.1,98.0,125.7,37.41
2026-10-02 08:56:23.728451379,PAT1001,80.3,95.5,,37.21
2026-10-02 08:56:44.167883632,PAT1001,77.9,96.5,122.3,37.27
2026-10-02 08:57:01.329135584,PAT1001,87.3,98.0,,37.23
2026-10-02 08:57:28.355233750,PAT1001,83.2,97.7,127.4,37.42
2026-10-02 08:57:54.142618289,PAT1001,81.4,97.6,109.5,37.37
2026-10-02 08:58:15.626930032,PAT1001,78.9,98.0,113.9,37.2
2026-10-02 08:58:53.530772741,PAT1001,78.0,97.4,113.7,37.42
2026-10-02 08:59:16.126875047,PAT1001,79.4,97.6,120.2,37.36
2026-10-02 08:59:52.960654024,PAT1001,77.6,97.9,116.9,37.12
2026-10-02 09:00:09.863521814,PAT1001,85.2,97.9,109.5,37.32
2026-10-02 09:00:33.692517474,PAT1001,85.8,97.4,125.5,37.2
2026-10-02 09:00:50.141995907,PAT1001,81.0,97.6,119.7,37.42
2026-10-02 09:01:08.620944226,PAT1001,81.2,98.0,114.1,37.34
2026-10-02 09:01:31.227038784,PAT1001,83.8,97.8,116.9,
2026-10-02 09:02:16.137743774,PAT1001,80.2,97.3,120.4,37.33
2026-10-02 09:02:35.200824592,PAT1001,88.8,97.7,123.0,37.45
2026-10-02 09:02:56.932049307,PAT1001,82.9,97.7,121.5,37.48
2026-10-02 09:03:37.270373842,PAT1001,,97.2,122.9,37.26
2026-10-02 09:04:22.142379658,PAT1001,81.6,97.0,124.2,37.2
2026-10-02 09:04:53.064778704,PAT1001,83.3,97.5,122.7,37.33
2026-10-02 09:05:22.607286451,PAT1001,85.8,97.3,118.9,37.6
2026-10-02 09:05:45.765337384,PAT1001,87.1,98.0,118.0,37.27
2026-10-02 09:06:06.291467886,PAT1001,81.5,96.2,120.8,37.31
2026-10-02 09:06:25.412743953,PAT1001,85.7,97.5,126.6,37.26
2026-10-02 09:07:02.178907360,PAT1001,85.0,97.9,116.4,37.27
2026-10-02 09:07:31.910003137,PAT1001,83.8,,117.0,37.41
2026-10-02 09:08:11.909749808,PAT1001,85.0,97.9,113.9,37.25
2026-10-02 09:08:41.370621214,PAT1001,87.1,97.6,119.7,37.37
2026-10-02 09:09:01.795838263,PAT1001,79.6,97.4,111.9,37.45
2026-10-02 09:09:21.392754922,PAT1001,89.5,97.4,,
2026-10-02 09:10:03.323909061,PAT1001,77.6,96.9,117.4,
2026-10-02 09:10:35.371647730,PAT1001,81.7,97.7,119.8,37.34
2026-10-02 09:11:06.018638894,PAT1001,,97.1,,37.51
2026-10-02 09:11:44.061912518,PAT1001,78.3,95.8,121.7,37.31
2026-10-02 09:11:59.675192885,PAT1001,83.6,,110.5,37.33
2026-10-02 09:12:25.556147330,PAT1001,84.3,97.0,,37.34
2026-10-02 09:12:54.963961399,PAT1001,83.3,97.9,125.9,37.25
2026-10-02 09:13:10.501437650,PAT1001,,97.2,118.0,37.46
2026-10-02 09:13:35.763491046,PAT1001,82.3,,121.9,37.44
2026-10-02 09:14:00.643757383,PAT1001,79.4,97.5,120.4,37.29
2026-10-02 09:14:22.302767539,PAT1001,84.7,97.4,118.2,37.21
2026-10-02 09:14:39.877515643,PAT1001,79.9,97.6,119.6,37.48
2026-10-02 09:15:18.691767271,PAT1001,81.3,,113.6,37.29
2026-10-02 09:15:39.047565481,PAT1001,86.2,97.8,123.2,37.37
2026-10-02 09:15:55.404248603,PAT1001,74.0,97.7,,
2026-10-02 09:16:20.316751724,PAT1001,82.6,97.7,112.8,37.52
2026-10-02 09:16:48.148096113,PAT1001,81.4,,125.0,37.18
2026-10-02 09:17:20.906905128,PAT1001,79.1,97.2,,37.49
2026-10-02 09:17:45.543038757,PAT1001,82.5,97.8,110.6,37.33
2026-10-02 09:18:23.480190566,PAT1001,,97.1,,37.23
2026-10-02 09:19:07.907685608,PAT1001,86.4,97.0,119.5,37.31
2026-10-02 09:19:32.567785234,PAT1001,79.2,97.7,122.8,37.41
2026-10-02 09:20:15.765505425,PAT1001,84.0,97.0,125.9,37.26
2026-10-02 09:20:41.963028188,PAT1001,84.1,98.0,121.4,37.4
2026-10-02 09:21:10.309793692,PAT1001,84.9,97.9,120.3,37.38
2026-10-02 09:21:51.445317440,PAT1001,85.3,97.8,127.0,37.31
2026-10-02 09:22:13.720333183,PAT1001,86.0,97.5,113.5,37.23
2026-10-02 09:22:39.353917675,PAT1001,81.4,97.6,137.4,37.38
2026-10-02 09:23:18.931757163,PAT1001,89.5,97.9,117.5,37.44
2026-10-02 09:23:58.020559168,PAT1001,83.5,97.8,117.0,37.4
2026-10-02 09:24:20.872139216,PAT1001,82.9,97.3,121.7,37.4
2026-10-02 09:24:58.938894482,PAT1001,81.3,97.7,121.6,37.26
2026-10-02 09:25:29.017741687,PAT1001,85.8,97.8,124.8,37.3
2026-10-02 09:25:48.181669112,PAT1001,80.6,,124.1,37.29
2026-10-02 09:26:28.576785475,PAT1001,78.2,96.4,118.5,37.33
2026-10-02 09:27:05.776768784,PAT1001,85.0,98.0,113.5,37.34
2026-10-02 09:27:36.761911482,PAT1001,81.0,97.2,110.4,37.43
2026-10-02 09:28:13.985732119,PAT1001,,96.0,123.3,37.61
2026-10-02 09:28:36.633618024,PAT1001,80.9,97.9,117.6,37.48
2026-10-02 09:29:13.844908792,PAT1001,80.1,97.9,118.4,37.52
2026-10-02 09:29:38.014764536,PAT1001,82.1,,130.1,37.35
2026-10-02 09:29:53.111890590,PAT1001,83.3,,119.7,37.54
2026-10-02 09:30:08.407391241,PAT1001,84.7,97.7,125.5,
2026-10-02 09:30:38.508919616,PAT1001,85.8,97.7,118.6,37.28
2026-10-02 09:31:06.999169984,PAT1001,82.2,97.3,113.8,37.42
2026-10-02 09:31:28.367770092,PAT1001,84.5,97.9,120.9,37.32
2026-10-02 09:32:06.385555992,PAT1001,82.2,97.5,123.8,37.17
2026-10-02 09:32:26.339991710,PAT1001,87.9,95.9,126.3,37.5
2026-10-02 09:32:49.732083089,PAT1001,88.7,,119.5,37.33
2026-10-02 09:33:33.578565544,PAT1001,86.2,96.7,132.1,37.36
2026-10-02 09:33:50.324158389,PAT1001,88.0,97.6,122.6,37.45
2026-10-02 09:34:10.097377950,PAT1001,83.7,97.2,120.1,37.39
2026-10-02 09:34:48.801399819,PAT1001,82.9,,111.9,37.44
2026-10-02 09:35:15.470918450,PAT1001,91.6,98.0,114.0,37.41
2026-10-02 09:35:41.767277324,PAT1001,83.9,97.9,,37.63
2026-10-02 09:36:22.975501950,PAT1001,88.0,,119.0,37.41
2026-10-02 09:36:59.025823376,PAT1001,84.9,97.6,120.7,37.45
2026-10-02 09:37:43.526852306,PAT1001,84.8,97.0,130.5,37.49
2026-10-02 09:38:16.819186338,PAT1001,82.6,98.0,117.4,37.5
2026-10-02 09:38:45.038207584,PAT1001,88.7,,129.2,37.53
2026-10-02 09:39:02.179358427,PAT1001,82.4,97.8,126.2,37.45
2026-10-02 09:39:24.498815377,PAT1001,80.5,97.9,,37.47
2026-10-02 09:39:43.986528012,PAT1001,82.6,97.8,129.3,
2026-10-02 09:40:23.460523316,PAT1001,77.3,97.1,123.2,37.32
2026-10-02 09:40:38.940434911,PAT1001,84.2,97.2,122.1,37.35
2026-10-02 09:41:06.596337249,PAT1001,89.9,97.9,125.1,37.49
2026-10-02 09:41:41.461631667,PAT1001,82.2,98.0,122.6,37.62
2026-10-02 09:42:12.852207312,PAT1001,80.9,97.6,122.1,37.46
2026-10-02 09:42:31.903215769,PAT1001,82.0,,129.0,37.36
2026-10-02 09:42:51.494273214,PAT1001,83.0,97.8,121.0,37.54
2026-10-02 09:43:27.926684771,PAT1001,79.0,98.0,119.4,37.45
2026-10-02 09:44:12.854187708,PAT1001,75.4,97.7,,37.36
2026-10-02 09:44:47.211455657,PAT1001,84.8,97.6,119.9,
2026-10-02 09:45:05.273395911,PAT1001,81.4,95.1,126.5,37.3
2026-10-02 09:45:28.804873734,PAT1001,82.9,97.7,128.2,37.32
2026-10-02 09:45:55.523428051,PAT1001,82.1,97.4,119.0,37.5
2026-10-02 09:46:38.617871948,PAT1001,82.9,98.0,120.6,37.47
2026-10-02 09:47:06.911033430,PAT1001,76.7,97.5,125.2,37.65
2026-10-02 09:47:50.209770669,PAT1001,86.7,,113.9,37.44
2026-10-02 09:48:34.895284874,PAT1001,83.4,97.4,,37.35
2026-10-02 09:49:15.999128765,PAT1001,91.4,97.9,124.3,37.29
2026-10-02 09:49:46.767446081,PAT1001,89.9,97.0,118.9,37.45
2026-10-02 09:50:21.983735037,PAT1001,88.4,97.6,,37.51
2026-10-02 09:51:06.206852211,PAT1001,86.4,97.6,124.4,
2026-10-02 09:51:42.769992660,PAT1001,80.0,,120.7,37.37
2026-10-02 09:52:02.648811791,PAT1001,80.2,97.9,119.7,37.53
2026-10-02 09:52:45.284196182,PAT1001,79.8,,,37.58
2026-10-02 09:53:09.624885828,PAT1001,88.3,96.9,116.6,37.4
2026-10-02 09:53:39.428161411,PAT1001,,97.7,117.6,37.5
2026-10-02 09:54:05.906977153,PAT1001,88.7,97.5,118.8,37.4
2026-10-02 09:54:37.137784005,PAT1001,87.0,94.6,119.8,37.67
2026-10-02 09:54:57.138411638,PAT1001,88.9,97.6,112.4,37.54
2026-10-02 09:55:34.198457302,PAT1001,77.0,97.1,126.6,37.42
2026-10-02 09:56:05.143319976,PAT1001,,98.0,116.5,37.6
2026-10-02 09:56:34.031417436,PAT1001,89.0,97.6,120.3,37.31
2026-10-02 09:57:18.965446711,PAT1001,,97.3,,37.36
2026-10-02 09:57:58.428609675,PAT1001,87.7,97.7,121.6,37.49
2026-10-02 09:58:36.053819740,PAT1001,83.0,97.7,116.5,37.62
2026-10-02 09:59:17.488781394,PAT1001,87.0,95.6,118.9,37.62
2026-10-02 09:59:43.585671807,PAT1001,85.5,97.2,122.5,37.34
2026-10-02 10:00:01.345482510,PAT1001,78.4,96.8,127.2,37.58
2026-10-02 10:00:42.281424887,PAT1001,86.1,96.8,129.3,37.52
2026-10-02 10:01:18.707253674,PAT1001,80.7,98.0,127.3,37.58
2026-10-02 10:01:39.584302141,PAT1001,89.0,97.8,129.8,37.54
2026-10-02 10:02:16.108417032,PAT1001,83.7,97.8,,37.46
2026-10-02 10:02:41.091071257,PAT1001,85.3,96.0,130.0,37.47
2026-10-02 10:03:02.810688861,PAT1001,85.5,,115.2,37.52
2026-10-02 10:03:38.375093540,PAT1001,81.5,98.0,114.0,37.4
2026-10-02 10:03:55.516434080,PAT1001,83.3,98.0,132.9,37.75
2026-10-02 10:04:29.078584623,PAT1001,92.2,97.7,126.3,37.64
2026-10-02 10:04:47.850198157,PAT1001,88.4,98.0,116.2,37.57
2026-10-02 10:05:30.470513958,PAT1001,88.8,,127.0,37.55
2026-10-02 10:05:52.719382080,PAT1001,85.5,97.7,120.3,37.63
2026-10-02 10:06:11.082261408,PAT1001,84.3,,124.8,37.55
2026-10-02 10:06:35.209061312,PAT1001,91.6,97.3,117.2,
2026-10-02 10:07:00.185343534,PAT1001,84.9,,136.6,37.53
2026-10-02 10:07:28.260040844,PAT1001,76.8,95.0,120.1,37.46
2026-10-02 10:08:09.706361677,PAT1001,83.5,96.5,116.7,37.3
2026-10-02 10:08:45.280787957,PAT1001,85.9,97.7,122.5,37.63
2026-10-02 10:09:20.141875841,PAT1001,81.4,97.9,123.1,37.48
2026-10-02 10:09:41.400330302,PAT1001,90.3,,125.8,37.41
2026-10-02 10:10:18.199137863,PAT1001,,96.6,134.0,37.39
2026-10-02 10:10:51.527754208,PAT1001,90.1,97.6,124.5,37.5
2026-10-02 10:11:13.967718286,PAT1001,87.4,95.6,,37.68
2026-10-02 10:11:44.759370123,PAT1001,77.5,96.5,125.5,37.4
2026-10-02 10:12:04.169395885,PAT1001,86.1,97.3,125.1,
2026-10-02 10:12:26.629072148,PAT1001,83.4,97.8,125.1,37.6
2026-10-02 10:12:45.928899763,PAT1001,91.2,97.4,120.4,37.59
2026-10-02 10:13:21.475544147,PAT1001,86.8,97.8,126.7,37.51
2026-10-02 10:13:50.821043337,PAT1001,81.9,97.0,116.4,37.35
2026-10-02 10:14:14.954760578,PAT1001,90.3,97.6,114.9,37.67
2026-10-02 10:14:38.562757644,PAT1001,87.2,97.5,118.5,37.51
2026-10-02 10:15:08.487258074,PAT1001,88.7,97.7,117.9,37.5
2026-10-02 10:15:44.902660602,PAT1001,90.9,97.7,121.1,37.47
2026-10-02 10:16:06.269757827,PAT1001,93.6,96.8,,37.4
2026-10-02 10:16:39.056159207,PAT1001,84.2,96.9,120.4,37.54
2026-10-02 10:17:08.039612044,PAT1001,86.2,97.8,125.3,37.49
2026-10-02 10:17:51.256122042,PAT1001,78.9,98.0,118.2,37.46
2026-10-02 10:18:22.737364319,PAT1001,78.2,97.7,129.2,37.7
2026-10-02 10:19:02.235787460,PAT1001,88.6,97.2,121.5,37.52
2026-10-02 10:19:41.316074794,PAT1001,80.3,96.8,,37.51
2026-10-02 10:20:16.610848429,PAT1001,86.9,,122.7,37.62
2026-10-02 10:20:41.494273963,PAT1001,,97.9,123.5,37.52
2026-10-02 10:21:25.192428883,PAT1001,87.2,97.7,120.9,37.54
2026-10-02 10:22:02.830851357,PAT1001,,97.9,120.2,37.54
2026-10-02 10:22:41.708232369,PAT1001,,97.5,119.1,37.36
2026-10-02 10:22:57.409707325,PAT1001,84.8,97.6,118.3,37.57
2026-10-02 10:23:18.992024066,PAT1001,87.5,96.4,118.2,37.74
2026-10-02 10:24:00.374514235,PAT1001,90.2,97.6,130.6,37.5
2026-10-02 10:24:42.234178150,PAT1001,90.6,,,37.27
2026-10-02 10:25:18.139176274,PAT1001,,97.0,,37.51
2026-10-02 10:25:47.978133067,PAT1001,88.4,97.6,128.8,37.55
2026-10-02 10:26:14.274731534,PAT1001,87.2,,117.8,37.46
2026-10-02 10:26:38.178858161,PAT1001,87.2,,122.1,37.48
2026-10-02 10:27:16.414849960,PAT1001,85.2,97.4,117.2,37.37
2026-10-02 10:27:44.010565951,PAT1001,81.8,98.0,120.7,37.52
2026-10-02 10:28:00.512382263,PAT1001,,97.8,131.4,37.63
2026-10-02 10:28:44.212296722,PAT1001,85.8,97.8,128.1,37.49
2026-10-02 10:29:05.392767377,PAT1001,84.2,97.9,121.0,37.61
2026-10-02 10:29:24.970419027,PAT1001,83.5,97.3,127.0,
2026-10-02 10:30:00.712722245,PAT1001,87.5,97.9,118.3,37.63
2026-10-02 10:30:37.145310262,PAT1001,88.8,97.9,116.6,37.74
2026-10-02 10:31:18.339022965,PAT1001,86.0,96.7,132.0,37.49
2026-10-02 10:31:40.068356525,PAT1001,82.7,97.0,118.5,37.56
2026-10-02 10:32:17.321444224,PAT1001,85.7,97.5,131.4,37.55
2026-10-02 10:32:44.836830680,PAT1001,,97.2,120.6,37.42
2026-10-02 10:33:12.646945512,PAT1001,91.3,98.0,121.5,37.57
2026-10-02 10:33:38.093635492,PAT1001,81.0,96.8,119.0,37.62
2026-10-02 10:34:03.961986359,PAT1001,83.1,97.4,119.8,37.6
2026-10-02 10:34:46.998372506,PAT1001,85.9,97.4,127.4,37.44
2026-10-02 10:35:02.583397943,PAT1001,88.2,97.7,116.2,37.57
2026-10-02 10:35:47.559926537,PAT1001,95.2,96.7,122.9,37.54
2026-10-02 10:36:27.226177736,PAT1001,83.6,95.7,114.6,37.57
2026-10-02 10:37:02.030093214,PAT1001,90.2,97.9,129.2,37.63
2026-10-02 10:37:21.987094222,PAT1001,89.0,97.6,123.3,37.52
2026-10-02 10:37:43.979731750,PAT1001,85.6,96.5,126.2,37.43
2026-10-02 10:38:08.120467918,PAT1001,89.8,97.8,134.4,37.61
2026-10-02 10:38:36.054862665,PAT1001,86.1,98.0,132.2,37.66
2026-10-02 10:38:58.081738990,PAT1001,85.6,96.7,125.3,37.54
2026-10-02 10:39:39.193443179,PAT1001,89.2,97.6,125.2,
2026-10-02 10:40:11.364349392,PAT1001,88.5,97.5,130.8,37.61
2026-10-02 10:40:43.745023056,PAT1001,83.7,97.8,124.5,37.45
2026-10-02 10:41:16.804869590,PAT1001,91.2,97.4,134.1,37.54
2026-10-02 10:41:33.295241386,PAT1001,85.8,97.0,124.8,37.5
2026-10-02 10:42:10.767244589,PAT1001,91.1,95.9,126.6,37.59
2026-10-02 10:42:32.364848485,PAT1001,92.9,97.5,125.6,37.6
2026-10-02 10:43:11.161516300,PAT1001,81.8,97.9,133.0,37.74
2026-10-02 10:43:51.741572992,PAT1001,81.3,97.1,127.3,37.7
2026-10-02 10:44:23.963148717,PAT1001,82.1,97.9,127.0,37.55
2026-10-02 10:44:52.467403667,PAT1001,90.4,97.7,121.3,37.58
2026-10-02 10:45:18.639122446,PAT1001,89.7,97.8,120.1,37.64
2026-10-02 10:45:50.584067905,PAT1001,90.3,98.0,124.7,
2026-10-02 10:46:11.116407036,PAT1001,91.9,98.0,110.7,37.45
2026-10-02 10:46:35.417583432,PAT1001,88.4,,123.7,37.65
2026-10-02 10:46:58.141517790,PAT1001,80.8,97.5,132.5,37.34
2026-10-02 10:47:19.359140980,PAT1001,84.7,97.5,128.4,
2026-10-02 10:48:02.865024966,PAT1001,95.8,97.8,126.9,37.52
2026-10-02 10:48:40.846907259,PAT1001,87.1,98.0,124.0,37.7
2026-10-02 10:49:07.898530362,PAT1001,87.9,97.6,,
2026-10-02 10:49:41.270560421,PAT1001,85.2,97.2,126.9,37.54
2026-10-02 10:50:14.563512665,PAT1001,83.3,96.9,128.9,37.63
2026-10-02 10:50:29.878987065,PAT1001,78.8,96.0,126.3,37.62
2026-10-02 10:50:51.539990586,PAT1001,80.1,97.3,,37.72
2026-10-02 10:51:34.143374834,PAT1001,87.8,,131.5,37.6
2026-10-02 10:51:49.957846398,PAT1001,,98.0,129.7,37.6
2026-10-02 10:52:06.845246949,PAT1001,92.2,97.9,121.4,37.76
2026-10-02 10:52:34.062033987,PAT1001,86.9,97.8,119.8,37.72
2026-10-02 10:52:57.120521739,PAT1001,89.5,97.8,124.8,37.68
2026-10-02 10:53:35.949479451,PAT1001,90.3,97.9,120.1,37.69
2026-10-02 10:53:51.210407320,PAT1001,90.1,96.9,131.0,37.56
2026-10-02 10:54:09.124886525,PAT1001,84.8,96.9,128.6,37.73
2026-10-02 10:54:35.464857180,PAT1001,84.5,97.8,125.1,37.64
2026-10-02 10:54:56.073869733,PAT1001,84.7,98.0,125.2,37.54
2026-10-02 10:55:29.664532252,PAT1001,81.4,97.7,120.3,37.55
2026-10-02 10:56:09.129164077,PAT1001,83.5,97.2,118.4,37.64
2026-10-02 10:56:44.082184570,PAT1001,88.7,97.9,122.4,37.59
2026-10-02 10:57:24.700772329,PAT1001,85.8,97.5,130.4,37.55
2026-10-02 10:57:47.046920508,PAT1001,85.2,96.2,118.0,37.54
2026-10-02 10:58:03.193613004,PAT1001,83.8,97.8,123.5,37.73
2026-10-02 10:58:44.934024171,PAT1001,88.7,,119.3,37.84
2026-10-02 10:59:07.558766548,PAT1001,90.4,97.8,124.7,37.61
2026-10-02 10:59:38.761915085,PAT1001,85.1,97.9,127.0,37.57
2026-10-02 11:00:21.245249782,PAT1001,83.1,96.8,134.0,37.69
2026-10-02 11:00:36.405257103,PAT1001,87.0,98.0,114.6,37.67
2026-10-02 11:00:53.224484199,PAT1001,92.7,97.1,123.7,37.6
2026-10-02 11:01:27.832658145,PAT1001,82.3,98.0,133.6,37.6
2026-10-02 11:01:43.992368342,PAT1001,84.2,98.0,126.8,37.66
2026-10-02 11:02:27.409630722,PAT1001,87.0,97.5,115.3,37.69
2026-10-02 11:03:06.515036378,PAT1001,88.3,97.2,115.9,37.8
2026-10-02 11:03:30.868458678,PAT1001,,97.3,123.4,37.54
2026-10-02 11:03:50.226139315,PAT1001,82.7,96.5,123.2,37.78
2026-10-02 11:04:08.978025442,PAT1001,84.0,97.0,111.2,37.69
2026-10-02 11:04:46.656352238,PAT1001,86.2,96.5,129.2,37.65
2026-10-02 11:05:29.855316948,PAT1001,86.5,97.9,127.3,37.85
2026-10-02 11:05:51.277104770,PAT1001,82.3,97.8,121.1,37.49
2026-10-02 11:06:16.321975975,PAT1001,89.4,,120.9,37.7
2026-10-02 11:06:43.718335826,PAT1001,90.4,97.3,132.0,37.75
2026-10-02 11:07:16.462139075,PAT1001,91.4,97.2,123.3,37.45
2026-10-02 11:07:32.803178445,PAT1001,84.5,97.9,118.4,37.66
2026-10-02 11:07:56.885813940,PAT1001,90.4,97.9,116.5,37.46
2026-10-02 11:08:28.015503583,PAT1001,87.2,97.8,130.6,37.76
2026-10-02 11:08:55.138098901,PAT1001,82.2,97.5,120.9,37.61
2026-10-02 11:09:31.720288699,PAT1001,87.6,97.7,117.1,37.6
2026-10-02 11:09:48.871254630,PAT1001,87.8,98.0,125.2,37.59
2026-10-02 11:10:30.833063465,PAT1001,,97.8,124.3,37.76
2026-10-02 11:11:08.833553951,PAT1001,,97.3,132.7,37.78
2026-10-02 11:11:31.909978393,PAT1001,85.4,97.4,122.3,37.56
2026-10-02 11:12:16.665689900,PAT1001,93.3,96.3,,37.66
2026-10-02 11:12:53.401809308,PAT1001,89.4,,,37.81
2026-10-02 11:13:27.024570700,PAT1001,94.0,97.6,122.3,37.7
2026-10-02 11:14:01.122108176,PAT1001,,97.8,122.2,37.68
2026-10-02 11:14:18.699402237,PAT1001,87.3,97.6,129.4,37.7
2026-10-02 11:14:39.645208368,PAT1001,85.8,97.9,128.5,37.46
2026-10-02 11:15:09.670210988,PAT1001,88.8,97.8,,37.69
2026-10-02 11:15:30.559383360,PAT1001,85.6,98.0,,37.89
2026-10-02 11:16:15.458315082,PAT1001,85.6,97.4,131.6,37.73
2026-10-02 11:16:45.994106318,PAT1001,85.8,97.4,122.2,37.68
2026-10-02 11:17:10.725358227,PAT1001,86.1,97.2,,37.67
2026-10-02 11:17:38.810346852,PAT1001,91.9,97.9,123.5,37.79
2026-10-02 11:18:02.586701931,PAT1001,87.3,97.6,124.9,37.57
2026-10-02 11:18:39.437468184,PAT1001,82.1,97.4,130.0,37.7
2026-10-02 11:19:11.900848079,PAT1001,89.4,97.4,131.4,37.65
2026-10-02 11:19:34.900347329,PAT1001,87.5,97.3,123.4,37.81
2026-10-02 11:19:50.531617143,PAT1001,85.7,,120.0,
2026-10-02 11:20:19.224653229,PAT1001,91.8,97.8,120.3,37.64
2026-10-02 11:20:34.599484692,PAT1001,89.1,97.0,121.5,37.69
2026-10-02 11:20:50.442759565,PAT1001,93.5,97.5,118.4,37.74
2026-10-02 11:21:20.022646599,PAT1001,90.2,96.7,121.4,37.72
2026-10-02 11:21:45.321556513,PAT1001,87.0,,116.6,37.51
2026-10-02 11:22:23.271141788,PAT1001,86.0,97.5,119.2,37.66
2026-10-02 11:23:02.249494226,PAT1001,91.4,97.9,133.8,37.82
2026-10-02 11:23:38.276852702,PAT1001,84.7,97.9,136.2,37.69
2026-10-02 11:24:05.752014928,PAT1001,91.8,97.7,124.9,37.64
2026-10-02 11:24:29.149621137,PAT1001,86.3,97.5,121.8,
2026-10-02 11:24:56.502646954,PAT1001,91.4,97.7,,37.74
2026-10-02 11:25:25.837021614,PAT1001,,97.5,117.1,37.65
2026-10-02 11:26:07.030976328,PAT1001,87.4,98.0,132.9,37.52
2026-10-02 11:26:30.737321743,PAT1001,82.8,97.8,126.5,
2026-10-02 11:26:53.358116758,PAT1001,85.9,97.6,125.4,37.68
2026-10-02 11:27:19.418986781,PAT1001,87.8,97.8,113.9,37.68
2026-10-02 11:27:57.823613958,PAT1001,84.9,97.7,117.3,37.54
2026-10-02 11:28:42.428241371,PAT1001,91.7,97.8,127.0,37.75
2026-10-02 11:29:20.421982401,PAT1001,86.2,96.9,126.9,37.74
2026-10-02 11:29:45.349826569,PAT1001,90.0,97.6,125.1,37.71
2026-10-02 11:30:08.383945784,PAT1001,88.6,97.0,127.4,37.63
2026-10-02 11:30:34.273815456,PAT1001,87.1,97.9,,37.63
2026-10-02 11:30:55.559395108,PAT1001,85.7,97.3,129.7,37.67
2026-10-02 11:31:24.236312843,PAT1001,91.3,97.5,130.6,37.66
2026-10-02 11:31:52.575758000,PAT1001,87.0,98.0,124.2,37.62
2026-10-02 11:32:08.201069130,PAT1001,94.8,97.7,126.7,37.7
2026-10-02 11:32:45.858565175,PAT1001,90.0,97.6,126.9,37.69
2026-10-02 11:33:18.379696108,PAT1001,85.0,97.9,,37.77
2026-10-02 11:33:50.504448339,PAT1001,94.9,96.1,121.5,37.62
2026-10-02 11:34:34.333058325,PAT1001,89.7,96.8,126.8,37.58
2026-10-02 11:35:10.291412870,PAT1001,86.1,98.0,130.6,37.75
2026-10-02 11:35:44.051326958,PAT1001,88.7,97.4,127.8,37.61
2026-10-02 11:36:17.372041412,PAT1001,84.6,,129.6,37.86
2026-10-02 11:36:48.078041509,PAT1001,88.2,97.9,120.0,37.7
2026-10-02 11:37:17.402536497,PAT1001,77.8,97.7,122.6,37.66
2026-10-02 11:37:36.800130839,PAT1001,84.4,97.5,123.0,37.73
2026-10-02 11:38:11.408721680,PAT1001,90.6,97.8,120.4,37.79
2026-10-02 11:38:52.714003617,PAT1001,86.6,96.6,129.9,37.6
2026-10-02 11:39:10.975357024,PAT1001,91.6,97.8,126.7,37.72
2026-10-02 11:39:35.023484378,PAT1001,88.4,,126.2,37.87
2026-10-02 11:40:01.627007225,PAT1001,90.3,96.7,128.6,37.68
2026-10-02 11:40:19.753920246,PAT1001,91.4,97.5,119.0,37.57
2026-10-02 11:40:47.872363277,PAT1001,88.4,97.2,121.3,37.81
2026-10-02 11:41:03.779660099,PAT1001,90.3,,129.1,37.58
2026-10-02 11:41:41.905036961,PAT1001,,97.3,128.2,37.69
2026-10-02 11:42:15.294658412,PAT1001,85.2,97.6,123.7,
2026-10-02 11:42:45.309321641,PAT1001,90.6,97.9,116.9,37.54
2026-10-02 11:43:09.345846807,PAT1001,88.1,97.4,121.3,37.89
2026-10-02 11:43:41.653659034,PAT1001,87.9,97.3,123.5,37.68
2026-10-02 11:44:21.776958776,PAT1001,88.2,96.9,128.3,
2026-10-02 11:44:42.382003635,PAT1001,80.7,97.4,126.9,37.65
2026-10-02 11:45:26.735850929,PAT1001,88.8,97.2,131.8,37.66
2026-10-02 11:46:05.020808896,PAT1001,94.0,97.8,124.6,
2026-10-02 11:46:20.042935196,PAT1001,96.4,97.6,,37.73
2026-10-02 11:46:39.059331711,PAT1001,90.1,97.8,118.7,37.84
2026-10-02 11:47:07.701904471,PAT1001,90.9,96.6,125.9,37.67
2026-10-02 11:47:32.055175756,PAT1001,95.2,97.1,124.4,37.66
2026-10-02 11:48:16.203301620,PAT1001,88.4,96.5,127.9,37.7
2026-10-02 11:48:40.859350524,PAT1001,,97.7,126.2,37.69
2026-10-02 11:49:15.481866420,PAT1001,,96.8,126.4,
2026-10-02 11:49:44.293543261,PAT1001,92.4,97.2,114.9,37.77
2026-10-02 11:50:06.233604862,PAT1001,84.0,96.7,123.9,37.69
2026-10-02 11:50:44.536798870,PAT1001,,97.3,,37.62
2026-10-02 11:51:18.789040891,PAT1001,89.5,97.8,123.9,37.78
2026-10-02 11:51:46.528867043,PAT1001,87.7,97.4,127.3,37.75
2026-10-02 11:52:23.381405494,PAT1001,84.4,97.7,123.2,37.86
2026-10-02 11:52:46.857634126,PAT1001,88.9,97.8,130.2,37.62
2026-10-02 11:53:11.716260538,PAT1001,,96.9,127.3,37.69
2026-10-02 11:53:41.758823610,PAT1001,92.0,97.7,125.3,37.78
2026-10-02 11:53:59.927393703,PAT1001,91.7,97.8,127.1,37.76
2026-10-02 11:54:20.260902211,PAT1001,85.5,97.3,127.1,37.57
2026-10-02 11:54:56.106170274,PAT1001,86.2,97.9,127.4,37.77
2026-10-02 11:55:19.350596492,PAT1001,91.8,97.9,122.9,37.61
2026-10-02 11:55:58.981389135,PAT1001,87.0,97.5,112.0,
2026-10-02 11:56:40.499478594,PAT1001,91.3,97.8,117.0,
2026-10-02 11:56:59.882164347,PAT1001,93.0,94.8,130.7,37.8
2026-10-02 11:57:39.814033928,PAT1001,78.8,97.2,132.1,37.79
2026-10-02 11:58:12.578058575,PAT1001,89.8,97.5,132.4,37.74
2026-10-02 11:58:41.681499529,PAT1001,87.3,,119.9,37.66
2026-10-02 11:59:08.814441317,PAT1001,88.9,97.4,118.7,37.66
2026-10-02 11:59:28.599922074,PAT1001,91.0,97.8,131.0,37.76
2026-10-02 12:00:03.565724552,PAT1001,81.0,97.8,121.0,37.61
2026-10-02 12:00:32.418784308,PAT1001,86.7,97.1,,37.82
2026-10-02 12:00:59.993664995,PAT1001,89.0,97.8,118.1,37.75
2026-10-02 12:01:31.894076794,PAT1001,93.2,97.9,128.7,37.7
2026-10-02 12:02:08.462607944,PAT1001,82.8,97.8,123.3,37.66
2026-10-02 12:02:24.472361176,PAT1001,91.9,97.9,120.0,37.61
2026-10-02 12:02:53.011638380,PAT1001,94.3,97.7,134.7,37.74
2026-10-02 12:03:15.590546278,PAT1001,87.8,97.5,132.8,37.9
2026-10-02 12:03:46.853493423,PAT1001,91.3,97.4,120.1,37.78
2026-10-02 12:04:10.159430836,PAT1001,85.5,97.1,,37.83
2026-10-02 12:04:32.177342904,PAT1001,86.5,97.8,125.7,37.79
2026-10-02 12:05:03.012694640,PAT1001,91.7,95.7,124.5,
2026-10-02 12:05:45.011289932,PAT1001,,98.0,129.0,37.66
2026-10-02 12:06:18.857047762,PAT1001,89.1,97.7,123.1,37.96
2026-10-02 12:06:45.194981868,PAT1001,88.7,97.7,132.5,37.74
2026-10-02 12:07:20.014103847,PAT1001,85.4,97.6,133.6,37.56
2026-10-02 12:07:35.099477161,PAT1001,90.0,96.4,128.2,37.76
2026-10-02 12:08:19.530648716,PAT1001,88.1,97.8,130.2,37.83
2026-10-02 12:08:39.759413740,PAT1001,88.6,97.8,131.3,37.77
2026-10-02 12:09:03.707176316,PAT1001,90.2,97.9,127.6,37.84
2026-10-02 12:09:31.447576036,PAT1001,,97.9,125.5,37.78
2026-10-02 12:09:46.453730834,PAT1001,86.5,,,37.68
2026-10-02 12:10:21.421516828,PAT1001,88.2,96.3,126.7,37.73
2026-10-02 12:10:55.249973249,PAT1001,84.5,97.4,125.0,37.63
2026-10-02 12:11:19.795674902,PAT1001,96.4,97.7,124.3,37.91
2026-10-02 12:11:57.101790736,PAT1001,89.0,97.8,119.9,37.71
2026-10-02 12:12:41.316137973,PAT1001,81.2,98.0,122.1,37.62
2026-10-02 12:13:15.036664777,PAT1001,91.3,97.8,128.6,37.65
2026-10-02 12:13:52.740478820,PAT1001,86.7,97.4,130.2,37.77
2026-10-02 12:14:35.392948518,PAT1001,93.1,96.4,133.4,
2026-10-02 12:15:14.063838699,PAT1001,93.8,97.1,121.1,37.68
2026-10-02 12:15:34.866197254,PAT1001,,97.8,133.5,
2026-10-02 12:16:15.060425754,PAT1001,90.6,98.0,126.1,37.86
2026-10-02 12:16:46.693626487,PAT1001,96.1,97.8,124.2,37.85
2026-10-02 12:17:30.951447914,PAT1001,90.8,98.0,125.4,37.66
2026-10-02 12:18:14.659380239,PAT1001,86.9,97.8,124.2,37.85
2026-10-02 12:18:49.210645064,PAT1001,89.2,97.3,133.2,37.85
2026-10-02 12:19:24.058197789,PAT1001,83.5,97.5,121.5,37.73
2026-10-02 12:20:01.794087203,PAT1001,90.1,97.8,121.4,37.63
2026-10-02 12:20:29.744228258,PAT1001,89.5,97.7,126.7,37.8
2026-10-02 12:20:49.026406474,PAT1001,89.9,97.7,135.1,37.7
2026-10-02 12:21:19.602283384,PAT1001,88.4,,,37.85
2026-10-02 12:21:53.576442161,PAT1001,86.3,98.0,132.2,37.67
2026-10-02 12:22:27.005397586,PAT1001,84.6,97.6,126.5,37.77
2026-10-02 12:22:45.473250973,PAT1001,88.3,97.4,122.8,37.92
2026-10-02 12:23:11.155544279,PAT1001,91.3,97.0,126.0,37.58
2026-10-02 12:23:39.437760171,PAT1001,91.1,98.0,125.2,37.8
2026-10-02 12:24:21.367208868,PAT1001,87.4,98.0,133.8,37.77
2026-10-02 12:24:45.165774724,PAT1001,87.3,96.7,124.9,37.93
2026-10-02 12:25:15.893184346,PAT1001,86.2,97.8,122.8,37.79
2026-10-02 12:25:39.819213392,PAT1001,85.8,96.4,119.0,37.74
2026-10-02 12:26:07.958535386,PAT1001,89.4,97.4,130.8,37.71
2026-10-02 12:26:49.670135276,PAT1001,84.9,97.3,,37.74
2026-10-02 12:27:24.049866944,PAT1001,87.9,97.8,126.8,37.67
2026-10-02 12:27:56.977887214,PAT1001,88.8,97.9,123.6,37.81
2026-10-02 12:28:25.407231567,PAT1001,,95.6,128.4,37.74
2026-10-02 12:29:07.140450077,PAT1001,91.4,97.1,128.6,37.81
2026-10-02 12:29:34.224785626,PAT1001,,97.8,127.7,37.79
2026-10-02 12:30:09.061230902,PAT1001,82.7,96.4,108.1,37.79
2026-10-02 12:30:35.909873676,PAT1001,92.3,97.9,131.3,37.69
2026-10-02 12:31:13.536087757,PAT1001,91.5,97.7,134.4,37.8
2026-10-02 12:31:48.547307972,PAT1001,86.1,97.7,128.9,38.01
2026-10-02 12:32:24.039270083,PAT1001,97.5,97.4,122.8,37.94
2026-10-02 12:32:55.818921255,PAT1001,81.8,97.7,122.2,37.76
2026-10-02 12:33:17.790131479,PAT1001,,97.5,128.1,37.8
2026-10-02 12:33:35.809094688,PAT1001,,96.9,123.4,37.81
2026-10-02 12:34:06.227299225,PAT1001,93.8,96.6,,37.76
2026-10-02 12:34:31.366552473,PAT1001,92.1,97.8,121.4,37.81
2026-10-02 12:35:08.184485620,PAT1001,86.1,97.4,125.9,37.69
2026-10-02 12:35:32.670774578,PAT1001,96.3,97.6,128.6,37.83
2026-10-02 12:35:58.053142975,PAT1001,90.9,97.4,122.6,37.49
2026-10-02 12:36:41.055890725,PAT1001,86.8,97.6,122.4,37.67
2026-10-02 12:37:12.149807269,PAT1001,92.4,97.3,125.6,37.99
2026-10-02 12:37:38.415403541,PAT1001,88.6,97.7,139.9,37.72
2026-10-02 12:38:05.444576934,PAT1001,89.6,96.6,123.3,37.96
2026-10-02 12:38:28.758118242,PAT1001,92.3,97.5,131.4,37.74
2026-10-02 12:39:08.959292046,PAT1001,92.0,97.5,,37.65
2026-10-02 12:39:42.618414889,PAT1001,88.5,96.8,,37.79
2026-10-02 12:40:18.317815203,PAT1001,92.9,97.8,122.8,37.8
2026-10-02 12:40:36.679236765,PAT1001,88.6,,121.7,37.88
2026-10-02 12:40:57.988172105,PAT1001,89.1,98.0,132.9,37.67
2026-10-02 12:41:33.619329279,PAT1001,,97.7,132.4,37.78
2026-10-02 12:42:07.957302586,PAT1001,85.2,97.6,118.9,37.76
2026-10-02 12:42:26.701421294,PAT1001,89.5,97.7,121.4,37.74
2026-10-02 12:43:03.551700022,PAT1001,88.0,97.8,128.3,37.69
2026-10-02 12:43:22.010984864,PAT1001,91.0,96.6,126.6,37.84
2026-10-02 12:43:51.925051472,PAT1001,90.2,96.5,128.9,37.92
2026-10-02 12:44:21.450177848,PAT1001,87.4,97.9,138.4,37.68
2026-10-02 12:44:49.946060633,PAT1001,91.2,97.7,,37.9
2026-10-02 12:45:34.813397132,PAT1001,97.1,97.2,128.8,37.84
2026-10-02 12:46:12.539506547,PAT1001,86.2,96.2,130.4,37.84
2026-10-02 12:46:41.461161201,PAT1001,89.3,98.0,133.3,37.69
2026-10-02 12:47:07.244693168,PAT1001,87.3,98.0,,
2026-10-02 12:47:27.043907834,PAT1001,94.6,97.2,130.7,37.74
2026-10-02 12:47:58.063139512,PAT1001,88.0,97.8,129.9,37.83
2026-10-02 12:48:27.032691187,PAT1001,86.9,97.9,,37.88
2026-10-02 12:48:46.434095105,PAT1001,88.6,97.9,122.2,37.75
2026-10-02 12:49:25.583967016,PAT1001,89.8,98.0,133.0,37.78
2026-10-02 12:50:01.502004125,PAT1001,90.8,97.6,134.4,37.8
2026-10-02 12:50:24.276227338,PAT1001,88.9,97.0,123.2,37.8
2026-10-02 12:50:53.101856300,PAT1001,89.9,97.7,127.1,37.75
2026-10-02 12:51:29.761759430,PAT1001,90.7,97.8,124.8,37.7
2026-10-02 12:51:45.204140715,PAT1001,86.4,98.0,,37.95
2026-10-02 12:52:12.432216571,PAT1001,91.6,97.9,123.4,37.75
2026-10-02 12:52:47.663832154,PAT1001,84.7,96.6,128.0,37.73
2026-10-02 12:53:14.610626166,PAT1001,93.3,98.0,127.1,37.98
2026-10-02 12:53:43.090450102,PAT1001,,,,37.71
2026-10-02 12:54:08.489176433,PAT1001,91.5,97.9,119.7,37.88
2026-10-02 12:54:50.045491183,PAT1001,88.1,97.9,128.0,37.71
2026-10-02 12:55:29.163432354,PAT1001,86.2,97.2,131.3,37.69
2026-10-02 12:55:53.632410212,PAT1001,89.7,97.9,122.6,37.56
2026-10-02 12:56:30.842612606,PAT1001,92.1,96.9,121.0,37.96
2026-10-02 12:57:13.895582649,PAT1001,88.0,97.8,128.6,37.88
2026-10-02 12:57:44.133850114,PAT1001,93.8,97.6,131.1,37.63
2026-10-02 12:58:22.352791124,PAT1001,93.3,97.7,123.3,37.64
2026-10-02 12:58:55.739143751,PAT1001,91.5,97.9,126.3,37.76
2026-10-02 12:59:21.558729620,PAT1001,88.5,97.8,119.9,37.95
2026-10-02 12:59:49.960238163,PAT1001,,97.0,132.1,37.77
2026-10-02 13:00:13.822800005,PAT1001,89.4,,137.3,37.78
2026-10-02 13:00:55.820641930,PAT1001,91.4,96.7,132.9,
2026-10-02 13:01:37.162015887,PAT1001,89.3,97.8,127.7,
2026-10-02 13:01:57.305790825,PAT1001,89.4,97.8,124.4,37.89
2026-10-02 13:02:27.487368789,PAT1001,86.5,97.4,118.4,37.67
2026-10-02 13:02:44.908853442,PAT1001,89.9,98.0,131.7,37.74
2026-10-02 13:03:07.268298799,PAT1001,88.1,97.5,129.7,37.72
2026-10-02 13:03:29.616293040,PAT1001,87.1,96.5,121.3,37.92
2026-10-02 13:04:14.469475293,PAT1001,91.0,,133.0,37.87
2026-10-02 13:04:40.931485730,PAT1001,,97.9,133.6,37.78
2026-10-02 13:05:09.393263940,PAT1001,88.4,96.9,131.2,37.85
2026-10-02 13:05:49.407737243,PAT1001,88.7,97.9,127.1,37.71
2026-10-02 13:06:33.595331950,PAT1001,,97.6,126.8,37.83
2026-10-02 13:07:07.689903136,PAT1001,87.4,95.7,131.5,37.88
2026-10-02 13:07:24.388726164,PAT1001,86.1,97.8,,37.84
2026-10-02 13:07:49.780705373,PAT1001,103.2,98.0,,37.81
2026-10-02 13:08:34.480764146,PAT1001,91.2,98.0,121.1,38.04
2026-10-02 13:08:52.605219131,PAT1001,91.2,97.8,126.9,37.77
2026-10-02 13:09:31.931809861,PAT1001,92.7,97.8,123.1,37.76
2026-10-02 13:10:08.943771981,PAT1001,92.3,97.3,123.7,37.95
2026-10-02 13:10:42.886300054,PAT1001,91.9,97.6,125.2,37.88
2026-10-02 13:11:11.818921529,PAT1001,91.6,97.7,126.5,37.77
2026-10-02 13:11:49.871644893,PAT1001,86.2,97.9,118.8,37.86
2026-10-02 13:12:32.909597436,PAT1001,92.3,97.6,127.2,37.79
2026-10-02 13:12:56.776742456,PAT1001,88.3,96.9,123.1,37.74
2026-10-02 13:13:11.840531676,PAT1001,86.8,96.2,124.6,37.87
2026-10-02 13:13:41.498009946,PAT1001,94.2,97.4,,37.74
2026-10-02 13:14:05.957058777,PAT1001,90.5,97.7,126.8,37.86
2026-10-02 13:14:50.704749504,PAT1001,97.3,97.3,131.9,37.71
2026-10-02 13:15:21.042311129,PAT1001,87.3,,133.9,37.82
2026-10-02 13:15:46.190056371,PAT1001,87.0,97.2,128.0,37.71
2026-10-02 13:16:23.867581304,PAT1001,86.2,94.4,122.1,37.77
2026-10-02 13:17:03.844931715,PAT1001,,98.0,128.8,37.97
2026-10-02 13:17:42.021570473,PAT1001,96.4,97.2,128.2,37.71
2026-10-02 13:17:57.116163992,PAT1001,88.0,96.7,,37.89
2026-10-02 13:18:25.550729255,PAT1001,,97.5,122.0,37.72
2026-10-02 13:18:53.774671501,PAT1001,92.0,98.0,136.2,
2026-10-02 13:19:33.021171886,PAT1001,91.7,97.3,129.4,37.94
2026-10-02 13:20:08.675862715,PAT1001,84.2,97.6,125.6,38.07
2026-10-02 13:20:32.390142105,PAT1001,,97.9,132.4,37.89
2026-10-02 13:20:59.096909950,PAT1001,85.2,97.8,127.1,37.96
2026-10-02 13:21:36.476429629,PAT1001,90.2,,129.2,37.98
2026-10-02 13:22:02.795937522,PAT1001,84.8,97.9,125.4,37.88
2026-10-02 13:22:42.189990169,PAT1001,87.2,97.5,127.4,37.91
2026-10-02 13:23:04.620385064,PAT1001,87.2,97.9,125.4,37.87
2026-10-02 13:23:37.198409941,PAT1001,86.5,98.0,125.2,37.81
2026-10-02 13:23:55.515263991,PAT1001,89.9,95.7,127.1,37.91
2026-10-02 13:24:28.950421431,PAT1001,92.1,96.5,129.6,
2026-10-02 13:24:49.719526918,PAT1001,88.6,97.9,123.9,37.83
2026-10-02 13:25:26.666392505,PAT1001,88.4,97.3,128.0,37.75
2026-10-02 13:25:56.634540138,PAT1001,94.0,97.6,125.7,37.62
2026-10-02 13:26:28.142136162,PAT1001,91.8,98.0,122.3,38.02
2026-10-02 13:27:10.300602529,PAT1001,88.1,97.6,125.9,
2026-10-02 13:27:37.571980740,PAT1001,90.2,,126.5,
2026-10-02 13:28:14.245703393,PAT1001,86.4,98.0,127.0,37.82
2026-10-02 13:28:58.057664739,PAT1001,93.4,97.6,121.6,37.76
2026-10-02 13:29:19.728078870,PAT1001,92.6,97.6,127.9,
2026-10-02 13:29:45.453426417,PAT1001,88.4,97.9,126.9,37.69
2026-10-02 13:30:29.448099913,PAT1001,91.1,98.0,126.0,37.91
2026-10-02 13:31:10.352602050,PAT1001,,97.0,124.8,37.99
2026-10-02 13:31:30.879559206,PAT1001,,96.4,,37.88
2026-10-02 13:31:47.210160871,PAT1001,89.8,97.9,122.6,37.83
2026-10-02 13:32:16.950898542,PAT1001,85.3,97.5,124.9,37.67
2026-10-02 13:32:42.882561603,PAT1001,91.6,95.4,118.9,37.88
2026-10-02 13:33:27.519301654,PAT1001,96.3,97.0,126.6,37.96
2026-10-02 13:33:43.141894074,PAT1001,89.5,97.7,123.7,37.78
2026-10-02 13:34:18.899002710,PAT1001,87.1,97.4,121.5,37.88
2026-10-02 13:34:56.655137520,PAT1001,88.9,94.5,125.1,37.88
2026-10-02 13:35:32.978923116,PAT1001,93.1,96.1,118.7,37.84
2026-10-02 13:36:06.702151669,PAT1001,84.1,98.0,129.1,37.84
2026-10-02 13:36:31.402861893,PAT1001,89.3,97.3,129.1,37.79
2026-10-02 13:36:53.837291525,PAT1001,85.7,97.4,,37.8
2026-10-02 13:37:28.077936096,PAT1001,88.1,97.8,135.2,37.74
2026-10-02 13:37:51.533755697,PAT1001,93.0,97.9,124.9,37.8
2026-10-02 13:38:23.168134338,PAT1001,,97.8,122.2,37.82
2026-10-02 13:39:01.768583008,PAT1001,90.3,97.6,127.4,37.86
2026-10-02 13:39:33.287385717,PAT1001,88.9,97.5,135.3,37.88
2026-10-02 13:39:57.868919130,PAT1001,,97.3,131.0,37.91
2026-10-02 13:40:14.472475565,PAT1001,86.9,98.0,126.9,37.91
2026-10-02 13:40:33.998554763,PAT1001,89.0,97.6,,37.77
2026-10-02 13:40:49.423863474,PAT1001,93.2,97.1,129.0,37.82
2026-10-02 13:41:20.148012647,PAT1001,92.7,97.9,121.8,37.81
2026-10-02 13:41:43.373562420,PAT1001,86.7,97.7,129.1,37.98
2026-10-02 13:41:59.789039773,PAT1001,84.8,95.1,137.6,37.77
2026-10-02 13:42:31.890899420,PAT1001,94.9,,125.9,37.74
2026-10-02 13:42:54.637202805,PAT1001,98.1,97.6,126.8,38.01
2026-10-02 13:43:29.440943751,PAT1001,92.6,97.9,120.8,37.94
2026-10-02 13:44:02.211099102,PAT1001,88.4,95.4,130.6,37.87
2026-10-02 13:44:36.275708699,PAT1001,85.5,97.2,126.9,37.85
2026-10-02 13:44:54.862085056,PAT1001,90.0,96.3,125.5,38.01
2026-10-02 13:45:34.607946063,PAT1001,87.7,97.6,127.5,37.88
2026-10-02 13:45:54.752483433,PAT1001,94.5,98.0,129.7,37.85
2026-10-02 13:46:15.644814831,PAT1001,92.3,97.4,,
2026-10-02 13:46:44.521659661,PAT1001,90.6,98.0,125.8,
2026-10-02 13:47:12.073082140,PAT1001,90.5,97.8,122.5,37.81
2026-10-02 13:47:28.094135151,PAT1001,88.9,97.7,125.2,37.71
2026-10-02 13:47:56.046811833,PAT1001,95.5,97.7,138.9,37.85
2026-10-02 13:48:29.476070711,PAT1001,86.7,95.9,124.5,37.64
2026-10-02 13:49:04.693765842,PAT1001,99.1,97.7,123.8,37.87
2026-10-02 13:49:46.760186232,PAT1001,93.6,97.5,129.1,37.78
2026-10-02 13:50:26.817510471,PAT1001,93.8,,118.3,37.93
2026-10-02 13:50:44.837804062,PAT1001,87.9,97.8,133.2,37.97
2026-10-02 13:51:23.950122418,PAT1001,90.1,97.7,117.5,37.72
2026-10-02 13:51:43.053409866,PAT1001,87.7,97.7,130.1,37.81
2026-10-02 13:52:22.012021342,PAT1001,94.1,97.6,132.7,37.89
2026-10-02 13:52:45.773015755,PAT1001,90.9,97.1,122.4,37.89
2026-10-02 13:53:05.584341791,PAT1001,90.5,97.6,132.6,37.91
2026-10-02 13:53:49.115593232,PAT1001,102.8,96.9,128.8,38.02
2026-10-02 13:54:21.375014995,PAT1001,95.0,97.7,135.3,37.72
2026-10-02 13:54:47.551804493,PAT1001,94.5,97.7,134.9,37.87
2026-10-02 13:55:06.672238004,PAT1001,92.8,97.8,119.6,37.75
2026-10-02 13:55:22.476020628,PAT1001,88.5,98.0,124.8,
2026-10-02 13:56:06.568187697,PAT1001,91.8,97.8,124.5,37.77
2026-10-02 13:56:45.658819255,PAT1001,87.3,97.3,124.7,
2026-10-02 13:57:25.047406936,PAT1001,89.0,95.9,124.8,38.05
2026-10-02 13:57:47.883809950,PAT1001,92.7,98.0,123.4,37.7
2026-10-02 13:58:10.449214331,PAT1001,,97.8,122.7,37.8
2026-10-02 13:58:27.550336595,PAT1001,89.9,97.9,128.5,37.9
2026-10-02 13:59:10.125941054,PAT1001,92.6,97.9,129.0,37.91
2026-10-02 13:59:44.521981302,PAT1001,,,125.0,37.79
2026-10-02 14:00:14.686411693,PAT1001,92.7,97.9,130.4,37.98
2026-10-02 14:00:39.083083563,PAT1001,92.2,97.9,127.0,37.91
2026-10-02 14:01:15.957362286,PAT1001,88.2,96.8,136.0,37.83
2026-10-02 14:01:44.934690918,PAT1001,94.0,97.9,127.0,
2026-10-02 14:02:05.881802050,PAT1001,96.2,98.0,132.9,37.9
2026-10-02 14:02:31.445299622,PAT1001,91.7,97.7,,37.93
2026-10-02 14:02:58.559391032,PAT1001,89.1,97.6,120.7,37.9
2026-10-02 14:03:39.812848968,PAT1001,90.7,97.6,126.3,37.8
2026-10-02 14:04:11.275631948,PAT1001,91.8,97.1,128.2,37.84
2026-10-02 14:04:50.168712122,PAT1001,91.7,96.9,122.6,37.68
2026-10-02 14:05:14.921378811,PAT1001,94.3,98.0,130.0,37.8
2026-10-02 14:05:38.997600661,PAT1001,89.0,98.0,135.2,37.78
2026-10-02 14:05:57.968369549,PAT1001,98.9,,123.7,37.91
2026-10-02 14:06:24.218704943,PAT1001,86.0,,121.8,37.82
2026-10-02 14:07:00.035370990,PAT1001,88.3,97.7,126.2,37.92
2026-10-02 14:07:44.897755967,PAT1001,85.5,97.8,125.9,37.72
2026-10-02 14:08:14.120426283,PAT1001,89.5,96.5,117.5,37.96
2026-10-02 14:08:36.096348542,PAT1001,89.2,96.5,129.1,38.03
2026-10-02 14:09:18.436335576,PAT1001,87.1,97.4,131.1,37.77
2026-10-02 14:09:54.487167917,PAT1001,95.2,97.8,127.7,37.84
2026-10-02 14:10:12.556539882,PAT1001,91.1,97.7,127.5,
2026-10-02 14:10:35.611249341,PAT1001,90.2,97.6,129.6,37.84
2026-10-02 14:11:18.318720917,PAT1001,84.7,97.9,123.7,
2026-10-02 14:11:41.343530716,PAT1001,94.3,97.2,137.7,37.8
2026-10-02 14:11:58.677750769,PAT1001,87.4,97.3,117.7,37.83
2026-10-02 14:12:42.116687293,PAT1001,90.6,97.1,133.4,37.59
2026-10-02 14:13:23.495116712,PAT1001,88.9,97.8,125.1,37.83
2026-10-02 14:14:03.652442412,PAT1001,90.9,,118.7,38.0
2026-10-02 14:14:35.305762276,PAT1001,,97.6,128.8,37.93
2026-10-02 14:15:18.367572456,PAT1001,86.9,97.1,126.0,37.86
2026-10-02 14:15:37.021478254,PAT1001,91.2,97.6,123.4,37.87
2026-10-02 14:16:12.766461866,PAT1001,87.5,97.0,133.1,37.96
2026-10-02 14:16:44.792818421,PAT1001,85.9,98.0,124.6,37.89
2026-10-02 14:17:17.178159876,PAT1001,91.3,98.0,123.9,37.96
2026-10-02 14:17:43.623111328,PAT1001,92.2,97.3,,37.94
2026-10-02 14:18:02.549972895,PAT1001,96.4,97.8,116.5,37.99
2026-10-02 14:18:32.220646456,PAT1001,92.8,97.6,129.1,37.89
2026-10-02 14:18:57.904743536,PAT1001,85.7,96.2,118.6,37.7
2026-10-02 14:19:23.898675927,PAT1001,,97.1,129.9,37.94
2026-10-02 14:19:43.122113858,PAT1001,95.1,96.8,127.6,37.73
2026-10-02 14:20:17.967536430,PAT1001,88.6,98.0,125.3,38.03
2026-10-02 14:20:34.551064812,PAT1001,91.2,97.5,128.8,37.77
2026-10-02 14:21:11.190890122,PAT1001,95.3,97.6,136.4,
2026-10-02 14:21:46.182073304,PAT1001,87.4,97.7,121.9,37.9
2026-10-02 14:22:23.707866590,PAT1001,84.7,97.9,123.5,37.91
2026-10-02 14:22:45.728043601,PAT1001,92.2,96.5,130.3,37.93
2026-10-02 14:23:10.355679488,PAT1001,87.7,97.4,125.7,38.0
2026-10-02 14:23:36.155283278,PAT1001,92.5,98.0,123.0,37.9
2026-10-02 14:23:52.391339972,PAT1001,,97.8,133.0,37.83
2026-10-02 14:24:09.523797584,PAT1001,,97.2,131.3,37.89
2026-10-02 14:24:26.261660241,PAT1001,90.5,96.7,133.0,37.96
2026-10-02 14:24:46.591790188,PAT1001,88.3,97.8,131.3,37.72
2026-10-02 14:25:24.788576584,PAT1001,98.0,97.3,123.1,37.83
2026-10-02 14:25:56.214093447,PAT1001,92.8,97.4,130.4,38.0
2026-10-02 14:26:25.037604951,PAT1001,93.0,97.7,,38.08
2026-10-02 14:26:59.743340598,PAT1001,90.7,97.9,129.7,37.86
2026-10-02 14:27:35.392901401,PAT1001,,97.9,119.6,
2026-10-02 14:28:05.957204991,PAT1001,90.4,97.9,123.2,37.86
2026-10-02 14:28:35.108861262,PAT1001,89.4,95.7,126.0,37.84
2026-10-02 14:29:17.396228966,PAT1001,92.3,97.7,126.5,37.86
2026-10-02 14:29:43.151887587,PAT1001,96.4,97.9,124.3,37.84
2026-10-02 14:30:13.522939782,PAT1001,92.7,97.5,124.5,37.77
2026-10-02 14:30:31.658945908,PAT1001,85.6,96.5,120.9,37.72
2026-10-02 14:30:49.168618410,PAT1001,89.4,97.8,129.2,37.98
2026-10-02 14:31:29.973910755,PAT1001,,,130.1,37.85
2026-10-02 14:32:12.380662913,PAT1001,92.2,97.2,122.0,37.73
2026-10-02 14:32:41.533425716,PAT1001,86.5,97.5,136.6,37.9
2026-10-02 14:33:20.509153610,PAT1001,86.1,97.7,127.4,
2026-10-02 14:33:51.035514749,PAT1001,89.1,97.0,128.1,37.94
2026-10-02 14:34:07.544378889,PAT1001,88.5,,122.5,37.75
2026-10-02 14:34:25.066098013,PAT1001,91.4,97.0,129.3,37.66
2026-10-02 14:34:45.391873020,PAT1001,82.3,97.0,118.9,37.89
2026-10-02 14:35:27.024734047,PAT1001,89.3,97.1,,37.76
2026-10-02 14:36:04.947122842,PAT1001,84.9,97.9,133.5,37.85
2026-10-02 14:36:28.296382696,PAT1001,92.1,97.7,129.1,38.02
2026-10-02 14:36:45.406747415,PAT1001,90.5,,131.9,37.97
2026-10-02 14:37:05.577313228,PAT1001,94.0,97.2,129.7,37.79
2026-10-02 14:37:31.579214744,PAT1001,,96.2,126.3,37.93
2026-10-02 14:38:01.534963109,PAT1001,89.3,97.7,127.9,37.88
2026-10-02 14:38:32.741846615,PAT1001,90.2,97.8,,38.07
2026-10-02 14:39:09.580856077,PAT1001,86.9,97.9,131.5,38.03
2026-10-02 14:39:26.226391993,PAT1001,,,127.2,37.91
2026-10-02 14:39:55.858461764,PAT1001,90.4,96.9,,37.74
2026-10-02 14:40:35.168180104,PAT1001,88.7,97.5,127.8,37.89
2026-10-02 14:41:08.199016468,PAT1001,92.2,98.0,126.7,37.73
2026-10-02 14:41:47.659580866,PAT1001,89.3,97.9,123.5,37.82
2026-10-02 14:42:31.289666193,PAT1001,92.2,97.8,,38.0
2026-10-02 14:42:51.460597879,PAT1001,94.3,97.2,132.2,37.99
2026-10-02 14:43:08.551531201,PAT1001,91.6,97.5,142.8,37.81
2026-10-02 14:43:48.556739773,PAT1001,93.5,96.7,119.4,37.87
2026-10-02 14:44:03.705154347,PAT1001,89.2,97.4,131.8,37.83
2026-10-02 14:44:25.359075191,PAT1001,89.0,,121.3,37.88
2026-10-02 14:44:40.614269284,PAT1001,,96.6,127.7,37.98
2026-10-02 14:45:19.077841993,PAT1001,93.2,97.7,132.9,37.86
2026-10-02 14:45:58.826042377,PAT1001,97.2,97.5,130.6,37.75
2026-10-02 14:46:43.688634130,PAT1001,92.0,98.0,130.4,37.84
2026-10-02 14:47:25.620895099,PAT1001,92.5,97.8,124.3,37.8
2026-10-02 14:48:00.191601763,PAT1001,96.1,97.8,121.8,
2026-10-02 14:48:35.174878530,PAT1001,87.8,97.5,125.0,37.78
2026-10-02 14:49:06.523083141,PAT1001,,97.8,128.4,37.83
2026-10-02 14:49:28.554585798,PAT1001,90.0,96.0,123.0,37.92
2026-10-02 14:50:12.081898401,PAT1001,,97.5,128.2,37.92
2026-10-02 14:50:50.471305252,PAT1001,90.3,97.0,124.6,37.78
2026-10-02 14:51:15.732139453,PAT1001,88.4,97.9,123.0,37.83
2026-10-02 14:51:43.869465278,PAT1001,93.4,97.5,133.9,37.91
2026-10-02 14:52:16.076131384,PAT1001,85.9,97.4,,37.81
2026-10-02 14:52:55.436198668,PAT1001,84.1,96.3,,37.9
2026-10-02 14:53:16.599826790,PAT1001,85.2,97.3,123.1,37.85
2026-10-02 14:53:42.936873568,PAT1001,91.1,97.3,123.1,37.72
2026-10-02 14:54:24.753731533,PAT1001,88.3,97.5,130.3,37.83
2026-10-02 14:54:57.604285121,PAT1001,91.8,98.0,132.7,37.9
2026-10-02 14:55:21.072641675,PAT1001,92.9,98.0,128.5,37.8
2026-10-02 14:55:53.428921587,PAT1001,89.1,97.6,125.4,37.89
2026-10-02 14:56:25.390162264,PAT1001,87.6,97.6,138.8,37.86
2026-10-02 14:56:53.454230665,PAT1001,90.5,97.7,127.5,37.82
2026-10-02 14:57:29.425702968,PAT1001,88.6,97.9,126.9,37.98
2026-10-02 14:57:56.746977495,PAT1001,92.4,97.2,134.4,37.8
2026-10-02 14:58:21.596851177,PAT1001,86.6,96.9,121.2,37.91
2026-10-02 14:58:59.627423338,PAT1001,91.1,,117.9,37.77
2026-10-02 14:59:36.631622989,PAT1001,,97.4,126.4,37.96
2026-10-02 15:00:20.727337095,PAT1001,96.5,97.7,122.9,37.84
2026-10-02 15:00:44.053476706,PAT1001,90.6,97.0,121.5,37.79
2026-10-02 15:01:04.961545127,PAT1001,84.3,,128.0,37.84
2026-10-02 15:01:23.025376267,PAT1001,88.1,97.5,129.6,37.89
2026-10-02 15:02:02.590925662,PAT1001,,97.7,125.4,37.87
2026-10-02 15:02:41.737186127,PAT1001,89.8,98.0,127.2,37.94
2026-10-02 15:03:03.376660808,PAT1001,91.9,96.8,126.5,37.95
2026-10-02 15:03:26.173177007,PAT1001,92.1,97.6,126.9,37.71
2026-10-02 15:04:07.047658066,PAT1001,92.6,97.7,112.3,37.94
2026-10-02 15:04:29.161051991,PAT1001,95.1,,125.5,37.9
2026-10-02 15:04:49.944221700,PAT1001,83.5,97.6,124.3,37.94
2026-10-02 15:05:13.063705239,PAT1001,88.3,97.8,,37.81
2026-10-02 15:05:36.926791252,PAT1001,87.9,97.7,127.9,37.77
2026-10-02 15:06:17.617890315,PAT1001,82.9,97.2,124.4,37.76
2026-10-02 15:06:34.491915215,PAT1001,91.4,98.0,127.4,37.89
2026-10-02 15:06:59.809951300,PAT1001,91.1,98.0,127.4,37.64
2026-10-02 15:07:22.262652131,PAT1001,84.8,,128.9,
2026-10-02 15:07:41.389480763,PAT1001,90.9,,125.5,37.92
2026-10-02 15:08:20.067354124,PAT1001,87.0,97.5,124.7,37.83
2026-10-02 15:08:55.086141206,PAT1001,92.0,,121.6,37.73
2026-10-02 15:09:35.455299541,PAT1001,86.5,98.0,124.0,37.8
2026-10-02 15:09:55.025637891,PAT1001,86.3,95.6,,
2026-10-02 15:10:14.284613261,PAT1001,93.6,97.5,132.3,37.81
2026-10-02 15:10:33.931836966,PAT1001,84.2,97.9,124.6,37.63
2026-10-02 15:11:11.507265940,PAT1001,93.3,97.0,119.8,37.72
2026-10-02 15:11:33.216133243,PAT1001,92.1,97.5,128.3,37.9
2026-10-02 15:11:59.713319677,PAT1001,89.6,96.9,124.2,37.83
2026-10-02 15:12:26.386255764,PAT1001,92.2,97.8,127.8,37.7
2026-10-02 15:13:10.074529435,PAT1001,93.8,96.7,126.6,37.97
2026-10-02 15:13:27.137898784,PAT1001,83.1,97.8,133.2,37.73
2026-10-02 15:14:07.229465053,PAT1001,91.8,97.6,,37.91
2026-10-02 15:14:35.261899672,PAT1001,91.4,98.0,,37.92
2026-10-02 15:15:09.296549518,PAT1001,91.6,97.1,119.1,37.92
2026-10-02 15:15:27.583894171,PAT1001,90.6,96.3,132.0,37.82
2026-10-02 15:16:11.562855466,PAT1001,98.9,96.3,127.4,37.96
2026-10-02 15:16:39.191368465,PAT1001,87.2,97.4,117.8,37.85
2026-10-02 15:16:57.090408070,PAT1001,88.1,97.2,130.4,37.88
2026-10-02 15:17:25.808678241,PAT1001,93.6,97.8,126.0,37.81
2026-10-02 15:17:58.502630645,PAT1001,90.4,97.1,122.0,37.8
2026-10-02 15:18:34.990976119,PAT1001,91.1,97.9,,37.74
2026-10-02 15:19:19.244223430,PAT1001,,97.8,127.1,37.87
2026-10-02 15:19:46.522369976,PAT1001,86.7,98.0,118.1,38.1
2026-10-02 15:20:28.308266249,PAT1001,95.1,97.8,126.2,37.78
2026-10-02 15:21:08.862693273,PAT1001,,97.5,123.3,37.93
2026-10-02 15:21:39.326117118,PAT1001,93.2,97.9,121.4,37.71
2026-10-02 15:22:17.307287387,PAT1001,97.1,96.7,133.7,37.74
2026-10-02 15:22:58.377440051,PAT1001,91.6,97.4,122.3,37.8
2026-10-02 15:23:31.856774472,PAT1001,85.6,98.0,125.4,37.74
2026-10-02 15:24:16.595254795,PAT1001,,97.8,124.3,
2026-10-02 15:24:48.260168785,PAT1001,90.8,97.8,119.1,37.81
2026-10-02 15:25:15.383429445,PAT1001,87.0,97.8,121.2,37.74
2026-10-02 15:25:44.311012424,PAT1001,,97.4,120.5,37.78
2026-10-02 15:26:27.466662728,PAT1001,95.5,97.4,128.4,37.78
2026-10-02 15:27:06.535261669,PAT1001,89.6,97.8,131.3,37.88
2026-10-02 15:27:49.148190546,PAT1001,93.8,97.2,117.3,37.82
2026-10-02 15:28:16.441443291,PAT1001,87.2,96.9,125.8,37.68
2026-10-02 15:28:40.491720551,PAT1001,91.2,96.9,128.4,37.83
2026-10-02 15:29:25.234598458,PAT1001,88.3,97.9,131.5,37.96
2026-10-02 15:29:51.607357236,PAT1001,87.4,97.7,124.1,37.68
2026-10-02 15:30:19.765120398,PAT1001,95.3,,130.6,37.87
2026-10-02 15:31:03.661218080,PAT1001,83.1,97.0,131.9,37.91
2026-10-02 15:31:44.062277675,PAT1001,90.9,98.0,121.3,37.73
2026-10-02 15:32:00.689238566,PAT1001,83.2,96.5,120.8,37.87
2026-10-02 15:32:17.262492286,PAT1001,90.5,97.3,130.2,
2026-10-02 15:32:41.502196886,PAT1001,82.8,96.2,126.3,37.95
2026-10-02 15:33:17.709378448,PAT1001,94.7,96.2,113.1,37.92
2026-10-02 15:33:54.935008191,PAT1001,86.6,,120.0,37.82
2026-10-02 15:34:25.977653974,PAT1001,92.3,,,37.84
2026-10-02 15:34:51.336551035,PAT1001,92.9,97.5,132.9,37.8
2026-10-02 15:35:30.623634842,PAT1001,93.4,98.0,130.3,37.8
2026-10-02 15:35:54.960438962,PAT1001,85.7,96.4,114.6,37.77
2026-10-02 15:36:25.794484489,PAT1001,89.7,96.9,,37.78
2026-10-02 15:36:52.182610000,PAT1001,98.8,96.3,123.1,37.69
2026-10-02 15:37:22.017364821,PAT1001,87.2,97.7,126.4,37.85
2026-10-02 15:38:06.676712252,PAT1001,91.9,97.8,129.7,37.66
2026-10-02 15:38:47.067551488,PAT1001,91.7,96.8,115.7,37.75
2026-10-02 15:39:27.074037430,PAT1001,89.5,97.3,127.1,37.88
2026-10-02 15:39:44.888315682,PAT1001,85.4,97.9,,37.87
2026-10-02 15:40:08.301386991,PAT1001,93.2,96.1,127.9,38.01
2026-10-02 15:40:27.562425722,PAT1001,87.5,97.7,136.0,37.71
2026-10-02 15:41:00.301609590,PAT1001,91.5,97.9,,37.69
2026-10-02 15:41:34.038664384,PAT1001,93.2,97.5,125.8,37.8
2026-10-02 15:41:55.133689602,PAT1001,96.7,93.4,121.3,37.77
2026-10-02 15:42:24.007751860,PAT1001,84.8,97.2,136.2,37.75
2026-10-02 15:42:49.843142514,PAT1001,,97.8,118.8,37.86
2026-10-02 15:43:22.481295967,PAT1001,91.2,96.8,116.7,37.86
2026-10-02 15:43:54.772508499,PAT1001,93.1,,125.6,37.94
2026-10-02 15:44:25.635878755,PAT1001,92.2,97.2,123.4,37.76
2026-10-02 15:45:09.664874110,PAT1001,82.8,97.6,124.3,37.81
2026-10-02 15:45:33.450304215,PAT1001,90.0,97.9,123.0,37.92
2026-10-02 15:46:08.496764362,PAT1001,96.3,,,37.77
2026-10-02 15:46:37.793720825,PAT1001,83.7,96.5,120.8,37.74
2026-10-02 15:46:55.122574265,PAT1001,93.0,97.1,132.4,37.77
2026-10-02 15:47:29.195731168,PAT1001,92.7,96.8,123.9,
2026-10-02 15:48:12.305409099,PAT1001,88.4,97.8,129.3,37.73
2026-10-02 15:48:51.627368221,PAT1001,90.7,97.1,127.0,37.95
2026-10-02 15:49:22.935830701,PAT1001,90.5,95.4,,37.72
2026-10-02 15:49:48.398164393,PAT1001,91.6,97.6,122.5,37.73
2026-10-02 15:50:21.503339764,PAT1001,90.7,97.9,118.0,37.81
2026-10-02 15:50:48.827723141,PAT1001,92.3,97.2,133.5,37.87
2026-10-02 15:51:07.848115605,PAT1001,,97.0,125.9,37.76
2026-10-02 15:51:47.816536122,PAT1001,88.4,97.8,120.3,37.9
2026-10-02 15:52:31.597405359,PAT1001,86.9,97.3,131.0,37.9
2026-10-02 15:52:52.130108281,PAT1001,92.0,96.7,125.9,37.74
2026-10-02 15:53:14.006556690,PAT1001,85.3,96.7,130.4,37.79
2026-10-02 15:53:43.399249441,PAT1001,89.2,95.7,129.7,37.77
2026-10-02 15:54:20.191157105,PAT1001,83.3,96.6,123.5,37.58
2026-10-02 15:54:50.826395369,PAT1001,95.6,97.7,125.0,37.83
2026-10-02 15:55:18.712029578,PAT1001,92.1,97.9,119.5,37.79
2026-10-02 15:55:51.861349496,PAT1001,92.3,,130.7,38.0
2026-10-02 15:56:14.405658681,PAT1001,90.2,95.8,125.1,37.69
2026-10-02 15:56:43.184574917,PAT1001,85.1,,134.2,37.7
2026-10-02 15:57:05.125957847,PAT1001,89.7,97.8,,37.93
2026-10-02 15:57:23.338580305,PAT1001,85.6,97.2,123.0,37.78
2026-10-02 15:57:54.217749127,PAT1001,90.6,97.6,,37.9
2026-10-02 15:58:15.600911851,PAT1001,88.7,97.9,124.9,37.86
2026-10-02 15:58:58.788595088,PAT1001,90.4,97.5,130.3,37.95
2026-10-02 15:59:17.485442059,PAT1001,98.8,98.0,121.2,37.7
2026-10-02 15:59:45.273994439,PAT1001,91.7,97.4,129.7,37.68
2026-10-02 16:00:20.558033138,PAT1001,89.0,97.7,123.7,37.68
2026-10-02 16:00:43.118281630,PAT1001,85.8,96.8,130.3,37.74
2026-10-02 16:01:23.182998289,PAT1001,91.8,97.6,124.9,37.75
2026-10-02 16:01:52.661524779,PAT1001,88.3,96.5,132.4,
2026-10-02 16:02:14.637777816,PAT1001,91.9,97.6,130.6,37.77
2026-10-02 16:02:44.675664191,PAT1001,90.7,97.2,123.7,37.84
2026-10-02 16:03:23.097620081,PAT1001,87.4,96.6,128.6,37.73
2026-10-02 16:03:56.190539682,PAT1001,92.8,97.7,126.3,37.81
2026-10-02 16:04:17.505957870,PAT1001,,,116.0,
2026-10-02 16:04:35.601381820,PAT1001,90.3,97.7,129.0,
2026-10-02 16:05:12.127790603,PAT1001,96.3,97.4,126.1,37.6
2026-10-02 16:05:30.292323981,PAT1001,91.0,,123.4,37.61
2026-10-02 16:06:03.010372059,PAT1001,85.6,97.9,119.6,37.8
2026-10-02 16:06:38.433850398,PAT1001,85.8,97.5,132.3,37.72
2026-10-02 16:07:01.531853439,PAT1001,92.1,97.8,124.8,37.71
2026-10-02 16:07:21.799928995,PAT1001,87.9,96.6,125.5,37.78
2026-10-02 16:07:48.499695167,PAT1001,86.5,97.4,124.7,37.9
2026-10-02 16:08:30.353421077,PAT1001,92.7,98.0,130.7,37.81
2026-10-02 16:09:05.446993729,PAT1001,86.3,97.5,122.2,38.05
2026-10-02 16:09:28.981004606,PAT1001,90.4,96.9,117.4,37.8
2026-10-02 16:09:55.286170195,PAT1001,91.1,97.1,140.8,37.7
2026-10-02 16:10:25.144728379,PAT1001,88.3,96.5,,37.93
2026-10-02 16:10:56.211464883,PAT1001,95.7,97.6,129.2,37.92
2026-10-02 16:11:13.031220819,PAT1001,95.9,98.0,125.0,
2026-10-02 16:11:51.789625572,PAT1001,86.3,97.4,127.7,37.85
2026-10-02 16:12:34.052877845,PAT1001,93.3,97.7,123.8,37.87
2026-10-02 16:12:59.100087782,PAT1001,85.8,98.0,119.8,
2026-10-02 16:13:34.381797488,PAT1001,88.7,97.9,120.5,
2026-10-02 16:14:12.364113634,PAT1001,92.4,97.9,134.5,37.66
2026-10-02 16:14:35.548174203,PAT1001,91.5,97.9,130.4,37.93
2026-10-02 16:14:51.751741450,PAT1001,87.2,95.3,134.8,37.99
2026-10-02 16:15:27.404742843,PAT1001,83.3,96.7,123.9,37.83
2026-10-02 16:15:50.462593715,PAT1001,85.6,97.1,132.2,37.9
2026-10-02 16:16:13.915861718,PAT1001,92.0,97.2,121.7,37.77
2026-10-02 16:16:49.711436896,PAT1001,88.4,97.7,122.9,37.75
2026-10-02 16:17:08.241084943,PAT1001,91.9,98.0,130.7,37.88
2026-10-02 16:17:28.008675563,PAT1001,92.7,97.6,,37.69
2026-10-02 16:18:10.182802525,PAT1001,93.2,97.6,126.0,38.01
2026-10-02 16:18:42.791892510,PAT1001,88.8,96.0,129.2,37.84
2026-10-02 16:19:08.909558690,PAT1001,91.5,97.9,122.5,37.73
2026-10-02 16:19:40.103015294,PAT1001,90.2,,115.6,37.84
2026-10-02 16:20:00.499979646,PAT1001,85.3,,125.8,37.75
2026-10-02 16:20:20.357182195,PAT1001,90.9,97.0,113.9,37.83
2026-10-02 16:21:00.193151155,PAT1001,87.7,97.8,123.0,
2026-10-02 16:21:34.971522280,PAT1001,93.5,98.0,125.0,37.66
2026-10-02 16:22:11.505457023,PAT1001,88.3,97.3,118.5,37.56
2026-10-02 16:22:53.129307428,PAT1001,,97.6,,37.84
2026-10-02 16:23:24.183137471,PAT1001,92.0,,122.3,37.78
2026-10-02 16:23:44.339058579,PAT1001,92.8,97.8,118.8,37.71
2026-10-02 16:24:28.398162921,PAT1001,90.1,97.4,126.2,37.84
2026-10-02 16:24:51.912640937,PAT1001,95.0,,131.0,
2026-10-02 16:25:25.140136770,PAT1001,86.7,97.6,128.8,37.61
2026-10-02 16:26:07.245470330,PAT1001,87.4,97.7,135.7,37.69
2026-10-02 16:26:50.126961495,PAT1001,91.5,97.7,124.6,37.74
2026-10-02 16:27:22.235286781,PAT1001,83.2,97.9,124.3,37.66
2026-10-02 16:27:45.534527416,PAT1001,90.7,96.5,123.9,37.79
2026-10-02 16:28:25.496954022,PAT1001,88.9,97.5,123.8,37.93
2026-10-02 16:28:53.010494406,PAT1001,94.0,96.8,128.0,37.65
2026-10-02 16:29:18.668291942,PAT1001,94.1,97.6,119.0,37.73
2026-10-02 16:29:46.091762888,PAT1001,91.8,97.1,123.9,37.64
2026-10-02 16:30:10.644818734,PAT1001,94.8,97.4,123.5,37.75
2026-10-02 16:30:48.809507840,PAT1001,89.3,97.7,120.4,37.69
2026-10-02 16:31:28.161279253,PAT1001,94.0,97.7,116.3,37.69
2026-10-02 16:31:53.794412015,PAT1001,86.8,96.3,117.9,37.61
2026-10-02 16:32:10.255161397,PAT1001,88.3,98.0,129.8,37.69
2026-10-02 16:32:46.280253356,PAT1001,89.7,97.9,124.3,37.83
2026-10-02 16:33:21.083250413,PAT1001,90.9,,119.8,
2026-10-02 16:33:39.618379713,PAT1001,89.3,97.8,131.9,37.86
2026-10-02 16:33:58.466067130,PAT1001,95.0,97.8,124.2,37.86
2026-10-02 16:34:38.844411561,PAT1001,91.8,97.6,121.0,37.54
2026-10-02 16:35:01.453417376,PAT1001,93.1,97.7,120.9,37.71
2026-10-02 16:35:31.762644224,PAT1001,88.1,96.2,125.2,37.64
2026-10-02 16:35:52.605286910,PAT1001,91.2,97.9,126.0,
2026-10-02 16:36:14.099852053,PAT1001,87.9,97.8,123.0,37.66
2026-10-02 16:36:55.953798466,PAT1001,88.1,97.7,118.5,37.67
2026-10-02 16:37:11.706536065,PAT1001,91.2,97.9,124.2,37.84
2026-10-02 16:37:50.154678455,PAT1001,85.3,97.4,117.2,37.93
2026-10-02 16:38:25.265087458,PAT1001,91.3,96.1,129.3,
2026-10-02 16:38:56.089291356,PAT1001,92.0,97.8,120.5,37.77
2026-10-02 16:39:32.503541151,PAT1001,79.1,97.9,126.9,37.66
2026-10-02 16:39:54.544872741,PAT1001,85.3,97.5,120.8,37.92
2026-10-02 16:40:25.569782029,PAT1001,90.0,,122.5,37.65
2026-10-02 16:40:49.378957983,PAT1001,90.4,96.8,118.9,37.72
2026-10-02 16:41:17.459458714,PAT1001,90.3,93.5,126.1,37.58
2026-10-02 16:41:56.133537748,PAT1001,93.5,97.9,,37.71
2026-10-02 16:42:17.593751439,PAT1001,87.5,97.6,122.8,37.72
2026-10-02 16:42:40.894038639,PAT1001,,97.8,127.4,37.84
2026-10-02 16:43:19.602639877,PAT1001,92.9,97.8,123.7,37.62
2026-10-02 16:43:54.014713913,PAT1001,86.3,97.9,122.8,37.62
2026-10-02 16:44:14.410099007,PAT1001,91.2,98.0,122.2,37.76
2026-10-02 16:44:54.100827634,PAT1001,88.7,97.0,,37.79
2026-10-02 16:45:13.919110965,PAT1001,90.8,97.5,128.1,37.81
2026-10-02 16:45:51.072615064,PAT1001,87.4,97.4,121.0,37.79
2026-10-02 16:46:25.848688987,PAT1001,92.3,,,37.67
2026-10-02 16:46:59.832436815,PAT1001,,97.3,,37.61
2026-10-02 16:47:15.511630870,PAT1001,90.0,97.7,122.9,37.73
2026-10-02 16:47:46.043390163,PAT1001,90.3,97.2,123.8,37.84
2026-10-02 16:48:09.012097447,PAT1001,92.0,97.9,122.3,37.83
2026-10-02 16:48:34.935971357,PAT1001,91.2,97.4,128.8,37.89
2026-10-02 16:49:02.038625248,PAT1001,91.5,97.9,120.5,37.71
2026-10-02 16:49:39.890833795,PAT1001,90.5,97.7,112.6,37.82
2026-10-02 16:50:15.885135190,PAT1001,91.9,97.9,124.7,
2026-10-02 16:50:47.785423529,PAT1001,85.6,97.9,124.7,37.72
2026-10-02 16:51:31.847976624,PAT1001,91.7,97.7,123.1,37.78
2026-10-02 16:51:47.506060406,PAT1001,86.3,97.3,126.9,37.69
2026-10-02 16:52:24.471281156,PAT1001,92.7,97.2,119.5,37.72
2026-10-02 16:52:57.767010445,PAT1001,86.8,97.9,130.6,37.58
2026-10-02 16:53:38.645208799,PAT1001,90.8,97.5,126.1,38.01
2026-10-02 16:54:01.564392577,PAT1001,85.7,97.6,120.7,37.71
2026-10-02 16:54:30.104926025,PAT1001,,97.5,122.4,37.82
2026-10-02 16:55:12.741883723,PAT1001,,97.9,119.3,37.77
2026-10-02 16:55:50.315001763,PAT1001,92.3,97.2,125.4,37.74
2026-10-02 16:56:25.322667083,PAT1001,89.0,,126.2,37.76
2026-10-02 16:56:42.396316908,PAT1001,,97.7,130.5,37.79
2026-10-02 16:57:07.412119363,PAT1001,83.3,97.9,118.8,37.73
2026-10-02 16:57:50.544840547,PAT1001,87.8,96.4,126.3,37.79
2026-10-02 16:58:33.065809440,PAT1001,89.3,97.6,122.8,37.8
2026-10-02 16:59:11.541528806,PAT1001,93.1,97.9,128.4,
2026-10-02 16:59:28.473888212,PAT1001,96.8,97.4,,37.81
2026-10-02 16:59:54.767141170,PAT1001,85.7,97.7,122.1,37.57
2026-10-02 17:00:24.515758147,PAT1001,85.9,97.5,119.6,37.82
2026-10-02 17:00:43.068463146,PAT1001,88.7,97.8,132.8,37.79
2026-10-02 17:01:00.265297827,PAT1001,90.1,97.3,123.7,37.7
2026-10-02 17:01:22.605059673,PAT1001,84.4,96.2,118.3,37.62
2026-10-02 17:01:56.954776431,PAT1001,84.0,97.8,124.2,37.9
2026-10-02 17:02:16.785863316,PAT1001,89.6,98.0,133.4,37.88
2026-10-02 17:02:42.668515057,PAT1001,89.7,97.6,128.3,37.85
2026-10-02 17:03:01.285487705,PAT1001,86.9,97.5,118.0,37.84
2026-10-02 17:03:37.152902766,PAT1001,94.8,97.9,125.7,37.65
2026-10-02 17:03:59.797848554,PAT1001,,97.8,120.1,37.83
2026-10-02 17:04:24.619271758,PAT1001,,98.0,123.7,37.72
2026-10-02 17:04:55.400237269,PAT1001,94.3,98.0,124.3,37.6
2026-10-02 17:05:31.567921938,PAT1001,,97.9,122.5,37.68
2026-10-02 17:06:14.913992086,PAT1001,,97.9,,37.75
2026-10-02 17:06:50.440084748,PAT1001,87.8,98.0,116.9,37.77
2026-10-02 17:07:07.773386773,PAT1001,88.4,97.7,126.8,37.7
2026-10-02 17:07:38.757568301,PAT1001,88.8,98.0,122.9,37.8
2026-10-02 17:08:13.413601655,PAT1001,92.9,97.9,,37.59
2026-10-02 17:08:39.258732402,PAT1001,89.8,97.5,131.1,37.63
2026-10-02 17:09:13.927056435,PAT1001,91.9,97.2,,
2026-10-02 17:09:38.474630759,PAT1001,,96.7,127.8,37.76
2026-10-02 17:10:14.255996951,PAT1001,89.0,96.8,135.0,37.61
2026-10-02 17:10:42.155085495,PAT1001,89.2,96.0,,37.62
2026-10-02 17:11:23.683542789,PAT1001,90.2,97.2,125.5,37.63
2026-10-02 17:11:52.010826555,PAT1001,86.5,97.5,120.7,37.6
2026-10-02 17:12:30.997832419,PAT1001,85.2,98.0,116.9,37.75
2026-10-02 17:13:09.779798960,PAT1001,83.6,97.6,120.3,37.68
2026-10-02 17:13:50.645052887,PAT1001,90.7,98.0,112.3,37.61
2026-10-02 17:14:15.037341844,PAT1001,86.6,97.7,117.4,37.77
2026-10-02 17:14:58.274850471,PAT1001,88.6,96.7,113.9,37.6
2026-10-02 17:15:31.304328077,PAT1001,88.3,97.9,119.7,37.71
2026-10-02 17:16:07.812844206,PAT1001,93.4,97.4,113.1,37.74
2026-10-02 17:16:51.615469191,PAT1001,92.1,96.6,115.4,37.66
2026-10-02 17:17:14.758569370,PAT1001,87.3,,123.1,37.75
2026-10-02 17:17:31.915344709,PAT1001,87.9,97.0,127.3,37.7
2026-10-02 17:18:11.227903652,PAT1001,85.0,97.7,131.5,37.81
2026-10-02 17:18:30.024892484,PAT1001,91.4,97.8,124.1,37.72
2026-10-02 17:18:57.460292253,PAT1001,90.1,95.6,121.1,37.56
2026-10-02 17:19:15.413657029,PAT1001,89.0,96.8,118.2,37.52
2026-10-02 17:19:53.154506218,PAT1001,91.2,97.8,124.6,37.69
2026-10-02 17:20:33.083051401,PAT1001,,96.4,121.7,37.68
2026-10-02 17:20:54.240426757,PAT1001,88.2,97.4,117.6,37.73
2026-10-02 17:21:17.860612952,PAT1001,90.7,97.9,117.0,37.65
2026-10-02 17:21:51.106365751,PAT1001,85.8,97.9,117.4,37.67
2026-10-02 17:22:27.269019921,PAT1001,89.3,97.6,119.8,37.72
2026-10-02 17:23:11.365454492,PAT1001,91.4,96.3,130.8,37.66
2026-10-02 17:23:55.075312263,PAT1001,91.7,97.3,115.6,37.66
2026-10-02 17:24:11.359462885,PAT1001,87.4,96.3,117.7,37.61
2026-10-02 17:24:40.238544515,PAT1001,88.1,95.4,126.9,37.62
2026-10-02 17:25:17.604264038,PAT1001,91.8,98.0,120.3,37.61
2026-10-02 17:25:45.363534590,PAT1001,93.8,97.3,114.7,37.78
2026-10-02 17:26:21.213727680,PAT1001,,95.8,126.9,37.9
2026-10-02 17:26:55.811920678,PAT1001,87.7,94.8,121.2,37.49
2026-10-02 17:27:26.525642348,PAT1001,86.8,97.2,125.1,37.61
2026-10-02 17:27:47.005425310,PAT1001,91.4,96.9,134.7,37.76
2026-10-02 17:28:14.366166653,PAT1001,85.7,97.8,129.9,
2026-10-02 17:28:50.058162839,PAT1001,97.1,97.7,115.6,37.65
2026-10-02 17:29:19.118604986,PAT1001,92.1,98.0,,37.72
2026-10-02 17:29:59.134958278,PAT1001,89.0,97.3,122.5,37.62
2026-10-02 17:30:17.611042980,PAT1001,86.3,97.9,123.0,37.65
2026-10-02 17:30:52.247474245,PAT1001,92.1,97.9,130.3,37.68
2026-10-02 17:31:11.387522256,PAT1001,,97.3,119.7,37.67
2026-10-02 17:31:47.153519923,PAT1001,87.5,98.0,120.9,37.73
2026-10-02 17:32:04.208838928,PAT1001,,97.8,108.8,37.61
2026-10-02 17:32:48.738417032,PAT1001,93.3,97.2,115.1,
2026-10-02 17:33:25.159962030,PAT1001,87.8,97.4,123.0,37.58
2026-10-02 17:34:05.988562552,PAT1001,81.2,97.0,128.1,37.62
2026-10-02 17:34:22.312727905,PAT1001,80.5,96.0,122.0,37.64
2026-10-02 17:34:45.449731102,PAT1001,88.4,97.8,119.7,
2026-10-02 17:35:07.689809563,PAT1001,90.3,97.7,122.5,37.59
2026-10-02 17:35:33.720063120,PAT1001,,96.2,113.4,37.63
2026-10-02 17:36:04.817232628,PAT1001,88.2,97.5,121.3,37.56
2026-10-02 17:36:26.619655666,PAT1001,84.8,97.9,120.8,37.62
2026-10-02 17:36:42.649548539,PAT1001,81.4,96.9,121.2,37.55
2026-10-02 17:37:25.539998092,PAT1001,92.4,97.1,121.8,37.73
2026-10-02 17:37:49.887819661,PAT1001,84.5,97.6,122.6,37.6
2026-10-02 17:38:05.105931303,PAT1001,88.1,97.2,122.9,
2026-10-02 17:38:27.009832804,PAT1001,,97.3,112.7,37.73
2026-10-02 17:39:02.851458574,PAT1001,,97.5,,37.53
2026-10-02 17:39:38.789755397,PAT1001,83.0,98.0,121.7,37.6
2026-10-02 17:40:06.534646981,PAT1001,90.2,97.8,123.0,37.78
2026-10-02 17:40:49.991072182,PAT1001,92.8,97.6,122.8,
2026-10-02 17:41:08.040061088,PAT1001,91.8,97.8,120.0,37.6
2026-10-02 17:41:49.997893160,PAT1001,90.5,97.2,122.4,37.49
2026-10-02 17:42:06.473524982,PAT1001,84.6,97.9,119.2,
2026-10-02 17:42:27.998258589,PAT1001,84.4,97.2,122.1,37.6
2026-10-02 17:43:08.485142967,PAT1001,90.2,97.6,,37.65
2026-10-02 17:43:48.924325586,PAT1001,82.5,97.2,116.2,37.71
2026-10-02 17:44:27.904517630,PAT1001,94.3,97.8,118.0,37.56
2026-10-02 17:45:00.012966817,PAT1001,93.9,97.9,128.9,37.47
2026-10-02 17:45:18.453778041,PAT1001,84.5,97.7,122.8,37.57
2026-10-02 17:45:37.980736506,PAT1001,,96.7,127.0,
2026-10-02 17:46:12.096862103,PAT1001,89.8,97.6,117.3,37.66
2026-10-02 17:46:31.623565047,PAT1001,88.9,97.9,126.3,37.66
2026-10-02 17:47:10.566320462,PAT1001,84.4,97.3,121.8,37.51
2026-10-02 17:47:51.197076299,PAT1001,89.2,97.8,114.4,37.51
2026-10-02 17:48:34.008990563,PAT1001,92.4,97.8,114.2,37.62
2026-10-02 17:49:17.656848869,PAT1001,87.0,95.9,124.0,37.72
2026-10-02 17:49:54.391029483,PAT1001,84.3,97.5,124.2,37.66
2026-10-02 17:50:36.616249826,PAT1001,93.9,97.8,119.1,37.57
2026-10-02 17:51:09.813291945,PAT1001,84.3,97.0,116.7,37.63
2026-10-02 17:51:31.556520784,PAT1001,86.9,97.4,118.6,37.6
2026-10-02 17:51:53.143193896,PAT1001,92.4,97.1,117.2,37.78
2026-10-02 17:52:29.202762490,PAT1001,83.5,97.9,127.5,37.47
2026-10-02 17:52:47.835648809,PAT1001,87.9,94.5,,37.68
2026-10-02 17:53:19.433510431,PAT1001,86.8,97.9,119.1,37.6
2026-10-02 17:53:44.411547472,PAT1001,85.1,97.8,117.7,37.57
2026-10-02 17:54:20.722721528,PAT1001,90.0,97.4,118.2,37.62
2026-10-02 17:54:48.194075224,PAT1001,87.9,97.6,114.8,37.62
2026-10-02 17:55:07.811449468,PAT1001,87.0,97.6,121.7,37.55
2026-10-02 17:55:34.010585562,PAT1001,81.3,97.6,124.4,37.5
2026-10-02 17:55:50.097627971,PAT1001,86.5,97.8,117.6,37.88
2026-10-02 17:56:08.022233106,PAT1001,89.3,97.4,123.7,37.52
2026-10-02 17:56:47.896413217,PAT1001,82.3,97.4,125.1,37.48
2026-10-02 17:57:32.615021405,PAT1001,86.3,97.8,119.7,37.54
2026-10-02 17:57:50.533461138,PAT1001,91.3,97.5,116.5,37.47
2026-10-02 17:58:23.598201774,PAT1001,84.9,97.5,131.3,37.49
2026-10-02 17:58:39.621117699,PAT1001,,97.4,123.7,37.7
2026-10-02 17:59:01.179214894,PAT1001,89.8,96.0,118.7,37.51
2026-10-02 17:59:25.862562839,PAT1001,88.0,95.5,121.1,37.54
2026-10-02 18:00:08.185076006,PAT1001,84.9,97.6,123.3,37.75
2026-10-02 18:00:36.988929327,PAT1001,88.0,97.6,115.0,37.63
2026-10-02 18:01:19.974062456,PAT1001,86.6,97.6,120.6,
2026-10-02 18:01:57.648528251,PAT1001,87.2,,117.1,37.57
2026-10-02 18:02:28.915423217,PAT1001,81.2,98.0,121.2,37.65
2026-10-02 18:03:04.329101876,PAT1001,85.6,95.7,,37.39
2026-10-02 18:03:43.148064325,PAT1001,84.9,97.7,115.9,37.48
2026-10-02 18:04:05.333559373,PAT1001,85.3,97.7,124.3,37.73
2026-10-02 18:04:48.097479482,PAT1001,86.2,97.3,135.4,37.65
2026-10-02 18:05:05.586503356,PAT1001,86.0,97.3,131.6,37.7
2026-10-02 18:05:43.589516427,PAT1001,79.2,97.8,117.2,37.51
2026-10-02 18:06:01.196229978,PAT1001,91.2,96.9,122.8,37.57
2026-10-02 18:06:42.269022776,PAT1001,91.7,97.9,115.4,37.67
2026-10-02 18:07:11.688411810,PAT1001,89.5,97.9,120.8,37.55
2026-10-02 18:07:43.275278961,PAT1001,85.4,97.5,126.5,37.66
2026-10-02 18:08:27.689450677,PAT1001,82.6,96.5,113.4,37.67
2026-10-02 18:08:56.526315803,PAT1001,94.1,97.9,116.2,37.53
2026-10-02 18:09:23.393626215,PAT1001,87.6,97.8,118.8,37.73
2026-10-02 18:09:44.903347852,PAT1001,81.6,97.9,117.2,37.69
2026-10-02 18:10:01.771511096,PAT1001,92.3,96.5,111.8,37.58
2026-10-02 18:10:38.513055737,PAT1001,87.5,96.3,115.8,37.68
2026-10-02 18:11:07.380961681,PAT1001,89.4,96.4,108.4,37.59
2026-10-02 18:11:51.195808848,PAT1001,82.8,97.9,124.6,37.55
2026-10-02 18:12:10.155916211,PAT1001,88.1,97.7,113.4,37.45
2026-10-02 18:12:36.493959145,PAT1001,87.0,97.9,117.3,37.66
2026-10-02 18:12:53.729778838,PAT1001,82.9,97.7,121.8,37.66
2026-10-02 18:13:09.966237274,PAT1001,93.0,96.9,120.3,37.56
2026-10-02 18:13:30.413604190,PAT1001,89.6,97.6,126.4,37.53
2026-10-02 18:14:13.187896080,PAT1001,89.0,97.5,123.1,37.6
2026-10-02 18:14:42.303726102,PAT1001,80.6,97.8,118.5,37.53
2026-10-02 18:15:10.137951592,PAT1001,85.0,96.8,122.2,37.47
2026-10-02 18:15:39.780343708,PAT1001,,,124.2,37.57
2026-10-02 18:15:54.792242342,PAT1001,87.5,97.9,,37.38
2026-10-02 18:16:12.201817696,PAT1001,87.6,97.9,118.9,37.51
2026-10-02 18:16:47.435469322,PAT1001,87.9,97.9,122.5,
2026-10-02 18:17:21.036582810,PAT1001,87.8,97.8,119.1,37.63
2026-10-02 18:17:53.427305968,PAT1001,94.1,97.8,115.7,37.54
2026-10-02 18:18:37.997217155,PAT1001,,97.1,125.7,
2026-10-02 18:19:08.724039702,PAT1001,86.8,,,37.65
2026-10-02 18:19:52.569991196,PAT1001,87.1,96.9,119.2,37.53
2026-10-02 18:20:17.171931101,PAT1001,83.5,97.8,123.1,37.56
2026-10-02 18:20:33.261568508,PAT1001,90.2,97.4,112.3,37.43
2026-10-02 18:20:52.434065415,PAT1001,91.2,97.3,115.4,37.53
2026-10-02 18:21:30.949716608,PAT1001,89.9,96.7,115.0,37.42
2026-10-02 18:21:57.804703054,PAT1001,94.4,96.2,119.1,37.46
2026-10-02 18:22:18.377294834,PAT1001,95.6,95.4,,37.4
2026-10-02 18:22:38.158062622,PAT1001,89.1,,112.3,37.71
2026-10-02 18:23:20.349169277,PAT1001,89.0,97.8,123.5,37.59
2026-10-02 18:23:37.611603016,PAT1001,86.6,98.0,113.3,37.54
2026-10-02 18:23:59.266981702,PAT1001,87.5,97.0,116.1,37.64
2026-10-02 18:24:14.333940447,PAT1001,80.5,97.7,115.6,37.62
2026-10-02 18:24:55.230012239,PAT1001,90.8,,120.9,37.44
2026-10-02 18:25:20.073196843,PAT1001,87.7,97.9,117.1,37.57
2026-10-02 18:26:01.693686095,PAT1001,81.7,97.9,121.5,37.69
2026-10-02 18:26:39.251907575,PAT1001,90.1,97.9,112.9,37.55
2026-10-02 18:27:20.690711348,PAT1001,84.0,97.5,120.1,37.49
2026-10-02 18:27:42.550993573,PAT1001,87.5,97.7,117.3,37.52
2026-10-02 18:28:11.915610625,PAT1001,87.4,97.3,116.7,37.53
2026-10-02 18:28:41.044042662,PAT1001,79.7,,105.7,37.45
2026-10-02 18:29:07.444850429,PAT1001,93.0,96.8,116.3,37.63
2026-10-02 18:29:49.422204415,PAT1001,88.7,97.1,111.0,37.61
2026-10-02 18:30:33.124490896,PAT1001,82.7,,126.8,37.63
2026-10-02 18:31:02.140234414,PAT1001,91.0,97.4,120.0,
2026-10-02 18:31:45.972839151,PAT1001,85.1,96.8,116.7,37.51
2026-10-02 18:32:01.864725075,PAT1001,88.0,97.9,112.1,37.59
2026-10-02 18:32:22.824960483,PAT1001,83.1,97.9,112.7,37.47
2026-10-02 18:32:58.614663572,PAT1001,86.5,97.3,119.2,37.69
2026-10-02 18:33:22.752846484,PAT1001,89.1,97.8,116.1,37.53
2026-10-02 18:33:44.801017481,PAT1001,92.2,,115.0,37.53
2026-10-02 18:34:09.671927703,PAT1001,86.2,98.0,124.8,37.51
2026-10-02 18:34:29.704465499,PAT1001,,97.7,110.7,37.44
2026-10-02 18:35:14.387716538,PAT1001,80.4,97.7,124.6,37.45
2026-10-02 18:35:41.824536534,PAT1001,89.7,,118.0,37.45
2026-10-02 18:35:58.648603855,PAT1001,85.8,97.6,107.0,37.55
2026-10-02 18:36:29.793190426,PAT1001,93.7,98.0,120.5,37.37
2026-10-02 18:37:02.937727811,PAT1001,87.4,97.6,,37.56
2026-10-02 18:37:33.986899599,PAT1001,88.0,97.7,,37.51
2026-10-02 18:38:00.826189484,PAT1001,93.5,97.1,118.5,37.45
2026-10-02 18:38:40.577206903,PAT1001,82.9,97.6,117.6,37.47
2026-10-02 18:39:12.778236292,PAT1001,89.4,98.0,121.2,37.51
2026-10-02 18:39:48.136370524,PAT1001,84.6,97.7,115.1,37.36
2026-10-02 18:40:23.828346205,PAT1001,90.4,97.7,116.1,37.63
2026-10-02 18:40:55.474672222,PAT1001,81.2,96.9,125.1,37.4
2026-10-02 18:41:17.808651083,PAT1001,81.7,97.9,119.6,37.43
2026-10-02 18:41:33.401376398,PAT1001,85.7,97.6,118.9,37.38
2026-10-02 18:42:13.538358854,PAT1001,86.1,98.0,118.6,37.77
2026-10-02 18:42:54.452353669,PAT1001,85.4,97.1,,37.39
2026-10-02 18:43:11.769972783,PAT1001,81.8,97.9,122.7,37.69
2026-10-02 18:43:37.439597488,PAT1001,81.5,97.0,119.1,37.76
2026-10-02 18:44:03.368071492,PAT1001,89.6,97.5,120.0,37.52
2026-10-02 18:44:36.038661744,PAT1001,87.5,97.3,114.4,37.42
2026-10-02 18:44:55.431127978,PAT1001,81.8,97.8,110.2,37.55
2026-10-02 18:45:37.067329483,PAT1001,89.0,97.3,114.6,37.62
2026-10-02 18:46:09.081317252,PAT1001,88.1,97.6,,37.45
2026-10-02 18:46:25.529041192,PAT1001,90.4,96.3,119.8,37.5
2026-10-02 18:46:56.931505340,PAT1001,93.6,97.9,122.1,37.4
2026-10-02 18:47:31.325570590,PAT1001,86.2,,113.1,37.45
2026-10-02 18:48:14.908015055,PAT1001,85.2,96.9,114.9,37.51
2026-10-02 18:48:48.547190476,PAT1001,81.7,97.8,129.2,37.62
2026-10-02 18:49:19.309421585,PAT1001,88.4,97.6,123.7,
2026-10-02 18:50:02.156389598,PAT1001,88.6,97.9,124.9,37.44
2026-10-02 18:50:40.193781815,PAT1001,84.4,98.0,120.5,
2026-10-02 18:51:00.806399497,PAT1001,86.0,98.0,125.2,37.54
2026-10-02 18:51:38.120518749,PAT1001,86.5,,116.8,37.66
2026-10-02 18:52:05.933109638,PAT1001,89.2,98.0,,37.6
2026-10-02 18:52:47.767831887,PAT1001,,97.2,117.9,37.44
2026-10-02 18:53:23.120635244,PAT1001,88.2,96.6,117.7,37.35
2026-10-02 18:53:43.504173078,PAT1001,85.9,97.9,113.5,37.35
2026-10-02 18:54:13.086749932,PAT1001,90.1,97.6,115.0,37.41
2026-10-02 18:54:50.689126348,PAT1001,80.2,97.9,122.3,37.65
2026-10-02 18:55:11.753632933,PAT1001,90.7,97.9,121.1,37.31
2026-10-02 18:55:40.934570945,PAT1001,85.1,97.9,,37.54
2026-10-02 18:56:14.958593247,PAT1001,84.4,97.5,113.8,37.41
2026-10-02 18:56:50.720970020,PAT1001,87.1,,129.0,37.77
2026-10-02 18:57:11.963146750,PAT1001,86.0,97.3,118.4,37.45
2026-10-02 18:57:33.207805657,PAT1001,82.9,97.5,114.1,37.52
2026-10-02 18:58:01.528518873,PAT1001,84.0,97.9,112.7,37.51
2026-10-02 18:58:42.682281455,PAT1001,87.5,97.6,115.0,37.4
2026-10-02 18:59:22.401521402,PAT1001,91.2,97.6,126.1,37.63
2026-10-02 18:59:43.114417889,PAT1001,89.0,97.2,123.9,
2026-10-02 19:00:26.294976828,PAT1001,82.1,97.2,,37.5
2026-10-02 19:00:45.864496769,PAT1001,82.1,97.8,120.8,37.57
2026-10-02 19:01:03.394533454,PAT1001,90.0,,117.4,37.49
2026-10-02 19:01:33.782691245,PAT1001,87.7,97.8,117.3,37.52
2026-10-02 19:01:57.171786965,PAT1001,,96.0,118.4,37.61
2026-10-02 19:02:34.559200923,PAT1001,82.1,97.5,116.4,37.34
2026-10-02 19:03:12.071266647,PAT1001,86.8,97.4,118.1,37.44
2026-10-02 19:03:52.244595807,PAT1001,84.8,,111.0,37.36
2026-10-02 19:04:24.336834817,PAT1001,80.7,97.5,119.3,37.37
2026-10-02 19:04:55.504905105,PAT1001,85.0,97.4,122.8,37.53
2026-10-02 19:05:23.122522511,PAT1001,87.6,97.7,123.5,37.5
2026-10-02 19:05:50.746461065,PAT1001,85.6,96.6,117.5,37.49
2026-10-02 19:06:34.835865505,PAT1001,89.1,97.6,120.8,37.24
2026-10-02 19:07:18.567949350,PAT1001,87.9,96.8,123.5,37.43
2026-10-02 19:07:47.410567339,PAT1001,91.3,97.3,121.5,37.44
2026-10-02 19:08:13.000537124,PAT1001,88.2,97.8,110.8,37.68
2026-10-02 19:08:57.223336986,PAT1001,87.8,97.4,119.0,37.32
2026-10-02 19:09:31.062299672,PAT1001,82.2,97.6,122.9,37.58
2026-10-02 19:10:00.792230193,PAT1001,81.3,,110.5,37.48
2026-10-02 19:10:19.247247316,PAT1001,86.1,97.3,110.6,37.23
2026-10-02 19:10:40.934024171,PAT1001,84.2,97.2,112.3,37.39
2026-10-02 19:11:17.409208855,PAT1001,87.6,97.7,110.2,
2026-10-02 19:11:36.510569373,PAT1001,84.4,98.0,,37.64
2026-10-02 19:12:16.014936023,PAT1001,87.4,97.6,117.3,37.45
2026-10-02 19:13:00.236805627,PAT1001,86.7,97.4,120.7,37.58
2026-10-02 19:13:20.892232701,PAT1001,84.9,98.0,120.0,37.32
2026-10-02 19:13:47.113397555,PAT1001,81.2,97.7,113.5,37.61
2026-10-02 19:14:13.496912328,PAT1001,92.7,97.3,116.4,37.66
2026-10-02 19:14:41.806068173,PAT1001,88.5,97.0,120.6,37.42
2026-10-02 19:15:09.199263677,PAT1001,78.9,97.8,125.2,37.56
2026-10-02 19:15:32.686285551,PAT1001,88.3,97.7,118.7,37.34
2026-10-02 19:15:48.189951432,PAT1001,86.0,97.8,112.3,37.49
2026-10-02 19:16:11.097268123,PAT1001,89.4,97.7,113.6,37.38
2026-10-02 19:16:55.545316116,PAT1001,80.0,97.4,112.9,37.33
2026-10-02 19:17:37.093175108,PAT1001,77.5,97.5,121.0,37.47
2026-10-02 19:18:12.028073319,PAT1001,85.7,97.0,120.7,37.26
2026-10-02 19:18:27.320279150,PAT1001,95.5,97.8,111.6,37.4
2026-10-02 19:18:50.714350370,PAT1001,83.7,97.8,114.1,37.35
2026-10-02 19:19:07.919257964,PAT1001,87.5,,115.9,37.27
2026-10-02 19:19:45.449807683,PAT1001,80.8,97.3,119.2,37.31
2026-10-02 19:20:22.273029223,PAT1001,84.8,,123.8,37.46
2026-10-02 19:20:52.537132023,PAT1001,83.9,97.0,114.8,37.63
2026-10-02 19:21:17.361980498,PAT1001,84.7,97.7,120.4,37.35
2026-10-02 19:21:53.781578510,PAT1001,79.7,97.6,123.5,37.42
2026-10-02 19:22:18.340966028,PAT1001,87.0,97.3,110.1,37.33
2026-10-02 19:22:38.131711864,PAT1001,80.8,97.2,119.9,37.6
2026-10-02 19:23:15.145115123,PAT1001,88.4,96.9,119.5,37.49
2026-10-02 19:23:59.487500965,PAT1001,81.1,97.9,113.6,37.42
2026-10-02 19:24:32.296304506,PAT1001,81.1,97.8,117.7,37.42
2026-10-02 19:24:51.050083761,PAT1001,90.6,97.9,117.0,37.41
2026-10-02 19:25:27.477858189,PAT1001,87.1,97.7,129.1,37.54
2026-10-02 19:26:07.948650771,PAT1001,79.9,97.5,115.6,37.45
2026-10-02 19:26:35.585841897,PAT1001,85.4,98.0,,37.13
2026-10-02 19:27:13.473255273,PAT1001,,97.8,117.7,37.49
2026-10-02 19:27:30.404299070,PAT1001,81.2,98.0,125.8,37.36
2026-10-02 19:28:02.206508892,PAT1001,88.1,97.9,115.8,37.32
2026-10-02 19:28:34.443913889,PAT1001,89.7,97.5,123.5,37.42
2026-10-02 19:28:55.803523051,PAT1001,88.5,97.6,,37.51
2026-10-02 19:29:29.158437600,PAT1001,83.0,96.8,113.9,37.53
2026-10-02 19:29:50.951471770,PAT1001,81.0,97.6,115.5,37.6
2026-10-02 19:30:32.266844247,PAT1001,85.6,97.7,110.6,37.43
2026-10-02 19:31:17.026350060,PAT1001,,95.3,112.5,37.44
2026-10-02 19:31:48.671987405,PAT1001,,,110.0,37.45
2026-10-02 19:32:14.318181515,PAT1001,85.3,97.9,112.7,37.24
2026-10-02 19:32:33.932661555,PAT1001,88.0,97.9,108.1,37.26
2026-10-02 19:33:03.602538505,PAT1001,,98.0,,37.41
2026-10-02 19:33:27.119874527,PAT1001,81.9,,114.1,37.25
2026-10-02 19:33:49.145835329,PAT1001,81.5,96.9,113.1,37.4
2026-10-02 19:34:21.907565302,PAT1001,79.6,98.0,119.5,37.41
2026-10-02 19:35:04.149345794,PAT1001,83.2,,117.3,37.37
2026-10-02 19:35:46.745493084,PAT1001,82.2,97.7,,37.38
2026-10-02 19:36:29.822291709,PAT1001,86.1,97.4,112.9,37.22
2026-10-02 19:37:03.332355352,PAT1001,,97.8,113.1,37.49
2026-10-02 19:37:21.565542946,PAT1001,86.4,,115.9,37.35
2026-10-02 19:37:49.229949725,PAT1001,83.3,97.6,117.0,37.54
2026-10-02 19:38:19.436732121,PAT1001,81.5,,121.9,37.44
2026-10-02 19:38:53.766145342,PAT1001,79.9,97.5,106.6,37.36
2026-10-02 19:39:34.090834279,PAT1001,82.9,97.5,124.8,37.42
2026-10-02 19:40:03.628484740,PAT1001,86.1,97.9,111.5,37.25
2026-10-02 19:40:26.423444623,PAT1001,89.4,94.9,118.4,37.41
2026-10-02 19:40:53.720025876,PAT1001,77.3,97.8,118.4,37.27
2026-10-02 19:41:12.195241487,PAT1001,86.5,97.8,115.7,37.43
2026-10-02 19:41:48.501756393,PAT1001,,97.1,115.5,37.31
2026-10-02 19:42:24.590719700,PAT1001,83.6,97.6,115.6,37.46
2026-10-02 19:43:08.150212756,PAT1001,84.7,,119.9,37.45
2026-10-02 19:43:28.864831454,PAT1001,86.1,97.7,124.1,37.48
2026-10-02 19:43:57.873629555,PAT1001,86.6,97.4,113.1,37.3
2026-10-02 19:44:18.627122468,PAT1001,84.9,96.6,116.8,37.53
2026-10-02 19:44:49.501800236,PAT1001,78.3,98.0,104.7,37.25
2026-10-02 19:45:12.141060639,PAT1001,81.7,97.6,125.1,37.27
2026-10-02 19:45:30.136857722,PAT1001,83.4,97.6,106.4,37.42
2026-10-02 19:45:46.692050982,PAT1001,81.4,97.7,112.3,37.29
2026-10-02 19:46:06.242266980,PAT1001,84.9,97.0,113.1,37.23
2026-10-02 19:46:42.858966563,PAT1001,83.7,97.3,,37.27
2026-10-02 19:47:09.897879897,PAT1001,81.6,97.3,114.1,
2026-10-02 19:47:33.594037737,PAT1001,84.0,96.9,108.9,37.45
2026-10-02 19:47:58.186759500,PAT1001,84.9,97.8,106.3,37.16
2026-10-02 19:48:22.306722066,PAT1001,85.6,97.7,113.7,37.28
2026-10-02 19:48:58.598236549,PAT1001,80.2,97.3,114.0,37.54
2026-10-02 19:49:28.099718556,PAT1001,82.4,97.8,115.8,37.15
2026-10-02 19:49:52.664954892,PAT1001,86.0,98.0,107.7,37.31
2026-10-02 19:50:29.042684740,PAT1001,78.1,97.5,108.2,
2026-10-02 19:51:06.547739847,PAT1001,85.5,97.7,111.5,37.46
2026-10-02 19:51:32.452804633,PAT1001,87.8,97.6,109.7,37.31
2026-10-02 19:52:04.202828844,PAT1001,80.7,97.2,108.9,37.35
2026-10-02 19:52:27.446136164,PAT1001,87.1,97.8,109.8,37.49
2026-10-02 19:52:47.456854973,PAT1001,86.4,97.8,122.3,37.31
2026-10-02 19:53:03.646956028,PAT1001,82.7,97.9,116.6,37.32
2026-10-02 19:53:38.723879335,PAT1001,82.0,,109.8,37.46
2026-10-02 19:54:18.824895221,PAT1001,83.2,98.0,117.8,37.34
2026-10-02 19:54:41.828119824,PAT1001,,97.8,,37.3
2026-10-02 19:55:23.507780155,PAT1001,81.5,97.9,117.0,37.3
2026-10-02 19:55:54.458842145,PAT1001,83.8,97.2,107.3,37.43
2026-10-02 19:56:23.473856972,PAT1001,88.4,97.1,,37.43
2026-10-02 19:56:57.343689364,PAT1001,83.9,97.0,118.7,37.21
2026-10-02 19:57:40.451867246,PAT1001,90.3,97.7,120.0,37.47
2026-10-02 19:58:09.115826496,PAT1001,88.2,97.7,116.7,37.33
2026-10-02 19:58:41.714525559,PAT1001,85.9,97.4,114.8,37.38
2026-10-02 19:59:07.176562971,PAT1001,85.5,97.9,109.2,37.56
2026-10-02 19:59:42.143655565,PAT1001,84.7,97.5,114.9,37.39
2026-10-02 20:00:06.554313643,PAT1001,81.6,98.0,117.8,37.33
2026-10-02 20:00:31.282172706,PAT1001,83.9,97.8,113.5,37.22
2026-10-02 20:01:00.273850704,PAT1001,80.1,97.6,,37.36
2026-10-02 20:01:19.064261388,PAT1001,84.9,97.7,116.6,37.34
2026-10-02 20:01:56.605496864,PAT1001,84.5,97.9,,37.34
2026-10-02 20:02:37.123295592,PAT1001,75.7,97.8,109.6,37.47
2026-10-02 20:03:07.159392715,PAT1001,85.6,97.7,111.0,37.31
2026-10-02 20:03:37.131847978,PAT1001,87.1,97.5,115.3,37.23
2026-10-02 20:04:09.907591693,PAT1001,,97.7,118.4,37.19
2026-10-02 20:04:54.541083703,PAT1001,86.0,,115.2,37.11
2026-10-02 20:05:13.355473690,PAT1001,85.1,98.0,112.6,37.46
2026-10-02 20:05:40.650866936,PAT1001,87.2,97.6,,37.49
2026-10-02 20:06:14.121658939,PAT1001,83.3,,111.5,37.28
2026-10-02 20:06:36.586680513,PAT1001,86.7,97.8,116.7,37.22
2026-10-02 20:07:18.974944283,PAT1001,83.5,96.8,115.0,37.21
2026-10-02 20:08:02.846153198,PAT1001,88.9,96.4,112.1,37.6
2026-10-02 20:08:43.933282905,PAT1001,79.1,97.5,113.1,37.24
2026-10-02 20:09:15.920741889,PAT1001,80.3,97.3,116.1,37.42
2026-10-02 20:09:44.849061939,PAT1001,81.4,96.4,119.0,37.25
2026-10-02 20:10:07.528067701,PAT1001,,96.6,118.3,37.41
2026-10-02 20:10:46.333224545,PAT1001,83.1,,126.2,37.36
2026-10-02 20:11:19.589775384,PAT1001,85.5,97.8,119.5,37.27
2026-10-02 20:11:56.530288012,PAT1001,78.6,97.9,118.6,37.38
2026-10-02 20:12:40.917441459,PAT1001,76.8,97.0,115.4,37.31
2026-10-02 20:13:11.945379673,PAT1001,84.7,98.0,114.6,37.32
2026-10-02 20:13:55.816851458,PAT1001,82.3,,108.7,37.3
2026-10-02 20:14:31.281938809,PAT1001,84.1,97.9,113.9,37.29
2026-10-02 20:14:52.668815024,PAT1001,73.9,,112.1,37.33
2026-10-02 20:15:33.685696568,PAT1001,,96.3,120.5,37.16
2026-10-02 20:16:01.724149167,PAT1001,80.6,97.6,117.1,37.47
2026-10-02 20:16:20.027520833,PAT1001,,97.5,107.7,37.36
2026-10-02 20:16:46.398812253,PAT1001,,97.9,108.7,37.27
2026-10-02 20:17:24.872485189,PAT1001,81.7,97.0,111.9,37.26
2026-10-02 20:17:47.934105085,PAT1001,80.9,97.9,119.6,37.14
2026-10-02 20:18:16.982826786,PAT1001,85.0,98.0,110.2,37.3
2026-10-02 20:18:50.536863963,PAT1001,,97.7,116.1,37.42
2026-10-02 20:19:33.728317144,PAT1001,88.7,97.5,114.2,37.23
2026-10-02 20:20:06.820917117,PAT1001,85.3,96.2,110.7,37.3
2026-10-02 20:20:21.883899474,PAT1001,83.7,97.3,119.3,37.21
2026-10-02 20:20:45.070938788,PAT1001,87.8,97.6,112.4,37.24
2026-10-02 20:21:16.185774660,PAT1001,86.1,97.9,111.2,37.31
2026-10-02 20:22:00.597060181,PAT1001,76.5,97.9,116.4,
2026-10-02 20:22:39.620837654,PAT1001,77.9,98.0,116.6,37.1
2026-10-02 20:23:20.530866504,PAT1001,80.5,97.8,109.6,37.3
2026-10-02 20:23:52.238206771,PAT1001,79.6,97.7,107.4,37.14
2026-10-02 20:24:21.089369974,PAT1001,80.0,97.8,116.9,37.26
2026-10-02 20:24:46.801971450,PAT1001,81.8,97.0,113.2,
2026-10-02 20:25:24.424058436,PAT1001,80.3,97.9,108.8,37.37
2026-10-02 20:25:51.782350454,PAT1001,83.8,96.5,116.0,37.24
2026-10-02 20:26:24.692017385,PAT1001,83.0,97.4,116.0,37.31
2026-10-02 20:27:01.479339493,PAT1001,84.1,96.4,112.2,37.3
2026-10-02 20:27:23.817932789,PAT1001,86.1,97.4,103.2,37.16
2026-10-02 20:28:02.907959451,PAT1001,81.0,97.7,115.7,37.28
2026-10-02 20:28:44.685904742,PAT1001,77.7,97.3,116.0,37.06
2026-10-02 20:29:04.662213925,PAT1001,85.8,97.3,106.2,37.12
2026-10-02 20:29:43.826958045,PAT1001,85.9,98.0,110.9,37.12
2026-10-02 20:30:22.512910710,PAT1001,77.2,97.8,,37.2
2026-10-02 20:31:03.478208207,PAT1001,81.6,96.1,113.3,37.21
2026-10-02 20:31:41.800756221,PAT1001,91.3,98.0,103.9,37.26
2026-10-02 20:32:15.702535993,PAT1001,78.8,97.7,114.8,37.31
2026-10-02 20:32:45.705873379,PAT1001,86.1,,115.1,37.32
2026-10-02 20:33:28.273544263,PAT1001,78.9,97.7,116.1,37.2
2026-10-02 20:33:45.987279178,PAT1001,83.2,97.5,98.7,
2026-10-02 20:34:17.337167719,PAT1001,89.2,97.7,116.4,37.44
2026-10-02 20:35:01.607383932,PAT1001,83.1,97.6,,37.3
2026-10-02 20:35:16.813734515,PAT1001,,,118.5,37.32
2026-10-02 20:35:59.411431916,PAT1001,81.2,97.8,115.3,37.3
2026-10-02 20:36:33.720745609,PAT1001,72.6,98.0,115.2,37.18
2026-10-02 20:36:50.898658819,PAT1001,79.5,97.9,112.0,37.24
2026-10-02 20:37:19.710229344,PAT1001,79.1,97.2,118.1,37.18
2026-10-02 20:37:49.635857262,PAT1001,82.8,97.6,109.8,37.42
2026-10-02 20:38:22.945968716,PAT1001,82.0,96.2,109.1,
2026-10-02 20:39:01.548132229,PAT1001,76.3,97.8,111.3,37.11
2026-10-02 20:39:18.654359387,PAT1001,84.3,97.9,112.7,37.38
2026-10-02 20:39:33.707508884,PAT1001,78.2,97.9,109.2,37.35
2026-10-02 20:39:49.667162228,PAT1001,83.4,98.0,,37.47
2026-10-02 20:40:32.566408153,PAT1001,82.7,97.2,121.1,37.2
2026-10-02 20:41:03.604739136,PAT1001,81.4,97.7,108.3,37.2
2026-10-02 20:41:30.965380037,PAT1001,83.5,97.6,,36.98
2026-10-02 20:42:02.980085211,PAT1001,87.7,98.0,113.2,37.41
2026-10-02 20:42:35.936986542,PAT1001,84.7,97.9,117.0,37.31
2026-10-02 20:43:15.048716529,PAT1001,86.4,97.7,112.9,37.33
2026-10-02 20:43:54.991786136,PAT1001,83.0,97.9,119.9,37.24
2026-10-02 20:44:28.651542228,PAT1001,78.9,97.9,111.1,37.21
2026-10-02 20:44:53.548473845,PAT1001,83.7,97.4,103.8,37.14
2026-10-02 20:45:29.162929067,PAT1001,83.4,96.9,110.7,37.22
2026-10-02 20:45:58.216227635,PAT1001,85.3,98.0,116.1,37.23
2026-10-02 20:46:41.714908897,PAT1001,82.7,97.9,99.8,37.28
2026-10-02 20:47:14.971869629,PAT1001,,97.8,118.0,37.21
2026-10-02 20:47:41.695198667,PAT1001,84.4,97.8,118.6,37.43
2026-10-02 20:48:21.275889463,PAT1001,81.7,97.3,113.7,37.11
2026-10-02 20:48:55.178815217,PAT1001,89.9,97.1,115.1,37.14
2026-10-02 20:49:26.970636370,PAT1001,83.5,97.7,110.4,37.32
2026-10-02 20:50:09.191097858,PAT1001,79.2,97.3,114.6,37.0
2026-10-02 20:50:45.655119338,PAT1001,76.6,97.4,120.8,37.23
2026-10-02 20:51:11.096115665,PAT1001,80.9,96.8,122.6,37.24
2026-10-02 20:51:55.638241940,PAT1001,79.6,97.9,116.2,37.32
2026-10-02 20:52:11.076586516,PAT1001,84.9,97.9,114.0,37.26
2026-10-02 20:52:47.280177479,PAT1001,94.5,97.4,114.5,37.22
2026-10-02 20:53:13.488021325,PAT1001,,97.3,117.5,37.39
2026-10-02 20:53:28.693673759,PAT1001,83.5,97.9,111.6,
2026-10-02 20:53:58.426798156,PAT1001,77.8,96.7,110.9,37.16
2026-10-02 20:54:29.680678939,PAT1001,79.0,97.4,112.3,37.1
2026-10-02 20:54:56.407713690,PAT1001,85.7,97.9,119.9,37.17
2026-10-02 20:55:38.952260943,PAT1001,81.2,97.9,120.0,37.08
2026-10-02 20:56:19.214727362,PAT1001,82.0,97.3,117.3,37.08
2026-10-02 20:56:36.407510742,PAT1001,83.9,96.6,,37.31
2026-10-02 20:56:58.419049191,PAT1001,82.7,97.6,104.0,37.26
2026-10-02 20:57:26.963297999,PAT1001,79.0,97.3,113.4,37.25
2026-10-02 20:57:56.057012531,PAT1001,81.7,97.9,112.1,37.09
2026-10-02 20:58:27.168792110,PAT1001,84.6,97.7,111.2,37.21
2026-10-02 20:59:07.433446027,PAT1001,83.3,97.6,,37.26
2026-10-02 20:59:35.024940451,PAT1001,80.0,97.8,117.1,37.16
2026-10-02 21:00:17.892011504,PAT1001,,,107.8,37.15
2026-10-02 21:00:37.061718733,PAT1001,75.2,97.9,,37.19
2026-10-02 21:01:03.117033566,PAT1001,84.3,96.9,114.9,37.23
2026-10-02 21:01:34.859022692,PAT1001,85.6,97.9,111.5,37.21
2026-10-02 21:02:15.680927809,PAT1001,80.5,,113.7,37.35
2026-10-02 21:02:37.210713773,PAT1001,87.0,97.6,114.8,37.06
2026-10-02 21:03:20.795240048,PAT1001,77.0,96.7,107.0,37.22
2026-10-02 21:04:03.244459634,PAT1001,74.4,97.4,107.4,37.18
2026-10-02 21:04:32.402164201,PAT1001,85.0,97.5,112.8,37.09
2026-10-02 21:05:07.008653074,PAT1001,77.9,96.6,103.3,37.16
2026-10-02 21:05:49.490250495,PAT1001,85.9,96.8,100.5,37.31
2026-10-02 21:06:16.028532689,PAT1001,81.9,97.2,108.9,37.11
2026-10-02 21:06:37.488760486,PAT1001,84.0,97.7,111.8,37.15
2026-10-02 21:07:06.862423556,PAT1001,82.2,93.8,107.3,37.07
2026-10-02 21:07:42.534722048,PAT1001,76.4,97.6,112.2,
2026-10-02 21:08:19.698232388,PAT1001,80.7,97.8,101.3,37.25
2026-10-02 21:08:45.995843356,PAT1001,76.0,,105.5,37.12
2026-10-02 21:09:12.228991742,PAT1001,85.5,98.0,110.0,37.12
2026-10-02 21:09:45.653070802,PAT1001,78.9,97.8,118.2,37.19
2026-10-02 21:10:10.302357069,PAT1001,80.9,97.5,112.2,37.22
2026-10-02 21:10:48.996143953,PAT1001,86.1,,110.0,37.2
2026-10-02 21:11:15.498062981,PAT1001,79.1,97.9,,37.22
2026-10-02 21:11:52.947990675,PAT1001,78.4,96.9,108.5,37.22
2026-10-02 21:12:28.543045729,PAT1001,84.1,97.7,112.3,37.32
2026-10-02 21:13:01.532503403,PAT1001,79.7,98.0,108.5,37.12
2026-10-02 21:13:21.963968486,PAT1001,,98.0,,37.06
2026-10-02 21:13:53.086020203,PAT1001,88.3,97.6,109.4,37.1
2026-10-02 21:14:18.316297636,PAT1001,85.3,97.8,121.9,37.15
2026-10-02 21:14:46.279238704,PAT1001,84.2,97.5,126.7,37.0
2026-10-02 21:15:26.397528279,PAT1001,79.3,97.1,109.2,36.9
2026-10-02 21:15:49.991259418,PAT1001,84.2,97.9,107.7,37.24
2026-10-02 21:16:08.506127446,PAT1001,83.0,97.8,116.2,37.28
2026-10-02 21:16:45.671586668,PAT1001,78.7,96.0,115.2,37.17
2026-10-02 21:17:15.556220543,PAT1001,78.6,97.9,117.3,37.16
2026-10-02 21:17:32.013650754,PAT1001,78.2,97.7,109.0,37.06
2026-10-02 21:18:01.867113619,PAT1001,82.5,97.5,114.3,37.09
2026-10-02 21:18:37.291974318,PAT1001,83.1,97.8,119.3,37.22
2026-10-02 21:19:03.375262554,PAT1001,85.6,96.9,112.5,36.95
2026-10-02 21:19:46.778692789,PAT1001,86.7,97.7,112.7,37.12
2026-10-02 21:20:12.633987975,PAT1001,80.4,97.9,108.7,37.24
2026-10-02 21:20:42.269012627,PAT1001,84.0,97.5,115.8,37.2
2026-10-02 21:21:23.037083872,PAT1001,84.5,98.0,109.3,37.17
2026-10-02 21:21:54.844734267,PAT1001,81.1,98.0,109.5,37.04
2026-10-02 21:22:21.469847146,PAT1001,77.1,97.8,112.6,37.18
2026-10-02 21:22:49.843575778,PAT1001,80.5,96.5,110.4,37.08
2026-10-02 21:23:07.651269092,PAT1001,80.8,,104.6,37.1
2026-10-02 21:23:44.554803965,PAT1001,,97.4,107.4,37.07
2026-10-02 21:24:03.990704071,PAT1001,81.6,97.9,108.6,36.95
2026-10-02 21:24:45.992958959,PAT1001,,,112.7,37.09
2026-10-02 21:25:27.069513175,PAT1001,78.7,97.6,112.2,37.22
2026-10-02 21:25:49.893570953,PAT1001,82.5,97.8,110.8,37.28
2026-10-02 21:26:07.219477114,PAT1001,82.5,97.3,,37.07
2026-10-02 21:26:40.254771175,PAT1001,78.8,97.8,112.3,37.07
2026-10-02 21:27:20.786879764,PAT1001,79.8,97.8,,36.97
2026-10-02 21:27:42.724392982,PAT1001,80.8,97.7,103.1,37.25
2026-10-02 21:28:18.944927026,PAT1001,81.1,97.3,107.9,37.19
2026-10-02 21:28:46.676393566,PAT1001,79.2,97.1,106.1,37.05
2026-10-02 21:29:15.906729397,PAT1001,81.3,97.2,100.6,36.96
2026-10-02 21:29:57.437677495,PAT1001,89.2,97.6,107.4,37.15
2026-10-02 21:30:27.785567098,PAT1001,76.3,97.8,110.9,37.1
2026-10-02 21:31:07.505631960,PAT1001,81.4,97.9,115.7,36.95
2026-10-02 21:31:28.437902423,PAT1001,78.8,,109.2,37.24
2026-10-02 21:32:08.529036727,PAT1001,,97.1,103.4,37.05
2026-10-02 21:32:31.586329097,PAT1001,80.9,97.2,115.9,37.31
2026-10-02 21:32:52.024876568,PAT1001,85.5,,111.8,37.05
2026-10-02 21:33:07.265531738,PAT1001,,,98.5,36.98
2026-10-02 21:33:38.920865566,PAT1001,81.4,96.8,111.9,36.99
2026-10-02 21:34:13.046949891,PAT1001,79.7,97.1,104.9,37.11
2026-10-02 21:34:31.704656255,PAT1001,83.8,97.5,107.1,37.05
2026-10-02 21:35:13.763199412,PAT1001,87.2,97.6,118.9,37.18
2026-10-02 21:35:55.489565392,PAT1001,82.3,97.8,118.3,37.11
2026-10-02 21:36:27.536031899,PAT1001,80.2,,100.5,
2026-10-02 21:37:04.361137796,PAT1001,79.8,98.0,109.5,37.02
2026-10-02 21:37:28.525477667,PAT1001,83.0,97.8,107.9,37.02
2026-10-02 21:37:51.333416532,PAT1001,77.9,97.8,113.8,37.13
2026-10-02 21:38:34.427745473,PAT1001,76.6,96.8,117.5,37.15
2026-10-02 21:39:12.891552763,PAT1001,79.5,97.9,108.7,37.02
2026-10-02 21:39:55.375855155,PAT1001,82.6,97.7,100.5,37.14
2026-10-02 21:40:23.532365582,PAT1001,85.5,96.5,104.9,37.2
2026-10-02 21:40:55.917562622,PAT1001,78.8,96.6,117.3,36.9
2026-10-02 21:41:17.816927283,PAT1001,83.0,97.8,98.8,37.24
2026-10-02 21:42:02.249838531,PAT1001,82.1,97.9,114.7,
2026-10-02 21:42:23.548921315,PAT1001,76.5,97.8,107.8,37.26
2026-10-02 21:42:44.760429927,PAT1001,,97.8,114.3,37.12
2026-10-02 21:43:14.211154172,PAT1001,78.8,97.6,115.4,37.25
2026-10-02 21:43:34.007548776,PAT1001,75.1,97.3,105.4,36.96
2026-10-02 21:44:05.663488455,PAT1001,87.4,97.7,110.6,37.16
2026-10-02 21:44:50.008500134,PAT1001,85.6,97.5,100.0,37.05
2026-10-02 21:45:27.216719475,PAT1001,83.7,97.1,106.7,
2026-10-02 21:45:44.791122203,PAT1001,81.4,97.8,110.1,37.13
2026-10-02 21:46:02.943113709,PAT1001,85.9,97.8,110.3,
2026-10-02 21:46:20.657229207,PAT1001,83.4,97.5,106.3,37.3
2026-10-02 21:46:39.625444472,PAT1001,,97.4,111.1,37.17
2026-10-02 21:47:14.021356951,PAT1001,84.8,97.6,118.3,37.09
2026-10-02 21:47:42.945406700,PAT1001,75.5,97.0,108.0,37.07
2026-10-02 21:48:27.082881585,PAT1001,77.8,97.9,113.5,37.09
2026-10-02 21:49:04.143694799,PAT1001,83.9,97.5,,36.91
2026-10-02 21:49:32.775900628,PAT1001,79.0,98.0,104.3,37.19
2026-10-02 21:49:52.853987576,PAT1001,80.8,97.1,,37.1
2026-10-02 21:50:08.318790086,PAT1001,81.5,97.9,110.7,37.11
2026-10-02 21:50:30.497816104,PAT1001,81.3,97.2,105.8,37.07
2026-10-02 21:50:55.873202345,PAT1001,85.1,,103.7,37.16
2026-10-02 21:51:23.780914935,PAT1001,79.0,97.6,106.8,37.28
2026-10-02 21:51:46.943793010,PAT1001,84.8,,108.8,37.15
2026-10-02 21:52:21.044545131,PAT1001,78.4,97.6,110.9,36.97
2026-10-02 21:52:48.057627892,PAT1001,83.8,97.9,104.0,37.08
2026-10-02 21:53:21.616144633,PAT1001,86.7,,107.4,37.01
2026-10-02 21:53:54.112239062,PAT1001,80.8,97.9,109.2,37.09
2026-10-02 21:54:14.484366794,PAT1001,82.4,96.8,115.7,37.03
2026-10-02 21:54:42.885715106,PAT1001,73.7,97.5,109.3,37.09
2026-10-02 21:55:00.085404988,PAT1001,80.9,95.8,,37.12
2026-10-02 21:55:45.019952406,PAT1001,81.5,96.7,102.6,37.26
2026-10-02 21:56:16.138001431,PAT1001,81.4,96.3,107.9,37.02
2026-10-02 21:56:59.924671020,PAT1001,80.6,,106.3,37.0
2026-10-02 21:57:27.619043669,PAT1001,87.5,97.7,110.6,37.11
2026-10-02 21:58:00.961095229,PAT1001,76.1,97.9,117.7,37.01
2026-10-02 21:58:17.360389257,PAT1001,,97.0,111.1,37.09
2026-10-02 21:59:01.921142266,PAT1001,79.1,97.9,105.5,37.06
2026-10-02 21:59:38.919247380,PAT1001,79.7,97.7,114.4,36.97
2026-10-02 22:00:02.661897277,PAT1001,,96.2,116.3,37.04
2026-10-02 22:00:21.530241472,PAT1001,77.6,95.8,112.6,37.06
2026-10-02 22:00:57.923165019,PAT1001,85.2,96.0,109.0,37.26
2026-10-02 22:01:15.736167890,PAT1001,78.0,96.5,102.5,37.09
2026-10-02 22:01:39.469328407,PAT1001,81.2,95.4,102.0,
2026-10-02 22:02:03.539169648,PAT1001,,,113.0,
2026-10-02 22:02:28.942453499,PAT1001,77.3,95.9,114.7,37.1
2026-10-02 22:02:51.741167693,PAT1001,80.8,95.9,108.4,37.14
2026-10-02 22:03:07.851539697,PAT1001,80.2,95.4,104.2,37.06
2026-10-02 22:03:46.358267509,PAT1001,80.9,95.8,116.0,37.07
2026-10-02 22:04:08.148773430,PAT1001,87.6,95.1,102.1,36.99
2026-10-02 22:04:50.538664654,PAT1001,80.1,96.2,107.8,37.22
2026-10-02 22:05:20.721108784,PAT1001,74.5,96.4,108.4,36.93
2026-10-02 22:05:41.532042232,PAT1001,83.3,96.0,108.1,37.06
2026-10-02 22:05:57.378138263,PAT1001,81.8,96.3,101.7,37.24
2026-10-02 22:06:17.628886283,PAT1001,80.7,,100.7,36.98
2026-10-02 22:06:39.260671611,PAT1001,84.3,95.9,107.7,
2026-10-02 22:07:15.355540965,PAT1001,77.9,96.0,110.8,36.81
2026-10-02 22:07:56.937099129,PAT1001,82.0,96.5,106.1,37.0
2026-10-02 22:08:23.210926395,PAT1001,76.6,95.7,106.4,37.18
2026-10-02 22:08:48.368218870,PAT1001,84.2,,115.5,37.07
2026-10-02 22:09:07.587765168,PAT1001,78.8,95.5,106.2,37.13
2026-10-02 22:09:31.666017361,PAT1001,79.8,96.3,97.2,36.94
2026-10-02 22:10:08.972581313,PAT1001,85.5,95.8,107.5,37.15
2026-10-02 22:10:31.036841049,PAT1001,84.2,96.5,105.0,37.01
2026-10-02 22:11:13.604680672,PAT1001,76.7,96.1,105.4,37.17
2026-10-02 22:11:55.924118688,PAT1001,79.8,95.8,93.6,37.05
2026-10-02 22:12:15.973470405,PAT1001,76.7,95.2,103.1,36.9
2026-10-02 22:12:35.270588320,PAT1001,77.1,96.5,105.4,36.86
2026-10-02 22:13:04.604186728,PAT1001,80.2,96.2,,37.13
2026-10-02 22:13:38.122852996,PAT1001,78.9,96.2,105.0,37.0
2026-10-02 22:14:09.849213251,PAT1001,83.1,95.3,104.5,
2026-10-02 22:14:38.957513609,PAT1001,82.3,94.9,106.0,36.81
2026-10-02 22:15:02.402828707,PAT1001,74.3,96.5,98.9,36.91
2026-10-02 22:15:40.865888153,PAT1001,76.4,96.5,115.5,37.09
2026-10-02 22:16:24.023794071,PAT1001,75.9,96.3,108.2,37.01
2026-10-02 22:17:08.487417024,PAT1001,76.1,96.0,104.0,37.08
2026-10-02 22:17:34.480261475,PAT1001,83.8,96.4,103.0,37.1
2026-10-02 22:18:19.388617344,PAT1001,,96.5,100.9,37.16
2026-10-02 22:19:01.559419765,PAT1001,81.2,96.3,113.4,37.17
2026-10-02 22:19:43.899403230,PAT1001,90.0,96.4,99.1,
2026-10-02 22:20:10.469076108,PAT1001,89.8,96.4,106.4,37.04
2026-10-02 22:20:45.916792507,PAT1001,81.0,95.3,113.2,37.02
2026-10-02 22:21:04.679026899,PAT1001,85.2,96.3,,37.04
2026-10-02 22:21:31.249812540,PAT1001,81.9,95.6,110.3,36.95
2026-10-02 22:22:13.725985359,PAT1001,,96.1,116.1,37.04
2026-10-02 22:22:36.700456914,PAT1001,79.3,94.7,104.2,36.91
2026-10-02 22:22:53.217098249,PAT1001,81.9,96.3,112.6,37.08
2026-10-02 22:23:10.603293732,PAT1001,74.0,96.2,100.4,37.1
2026-10-02 22:23:51.749678444,PAT1001,74.8,95.0,108.7,36.96
2026-10-02 22:24:21.833529134,PAT1001,81.4,95.7,108.1,37.08
2026-10-02 22:24:50.360037119,PAT1001,77.6,96.3,108.4,
2026-10-02 22:25:11.038960938,PAT1001,78.8,95.9,105.1,37.02
2026-10-02 22:25:28.747914636,PAT1001,78.7,96.4,113.5,37.04
2026-10-02 22:26:08.297223381,PAT1001,76.1,96.5,108.1,37.05
2026-10-02 22:26:35.723030975,PAT1001,74.8,96.3,105.5,37.06
2026-10-02 22:27:12.896048697,PAT1001,76.7,96.1,106.9,
2026-10-02 22:27:55.942562060,PAT1001,84.1,,,
2026-10-02 22:28:20.858394589,PAT1001,78.8,96.0,100.4,37.09
2026-10-02 22:28:49.181301075,PAT1001,82.1,96.3,100.6,
2026-10-02 22:29:14.687426178,PAT1001,85.4,95.9,106.3,36.94
2026-10-02 22:29:46.791283186,PAT1001,86.2,95.0,108.8,37.02
2026-10-02 22:30:19.986821743,PAT1001,82.9,93.9,117.8,37.22
2026-10-02 22:30:45.277199586,PAT1001,80.6,96.4,105.4,37.16
2026-10-02 22:31:02.457864574,PAT1001,,96.3,106.5,37.09
2026-10-02 22:31:37.521814542,PAT1001,85.4,95.6,109.5,37.01
2026-10-02 22:32:12.377962772,PAT1001,78.8,96.2,111.7,36.91
2026-10-02 22:32:42.837720000,PAT1001,82.5,96.3,,37.23
2026-10-02 22:33:19.184277947,PAT1001,82.7,96.3,109.2,36.94
2026-10-02 22:33:41.556301350,PAT1001,77.2,96.4,98.4,37.07
2026-10-02 22:34:04.938748956,PAT1001,82.9,96.2,101.4,36.78
2026-10-02 22:34:21.783755402,PAT1001,81.2,96.1,106.4,37.06
2026-10-02 22:35:05.652925256,PAT1001,82.1,95.5,105.4,36.75
2026-10-02 22:35:30.819266818,PAT1001,88.4,96.4,106.4,37.16
2026-10-02 22:36:12.028744743,PAT1001,81.7,96.1,103.9,36.89
2026-10-02 22:36:56.739806954,PAT1001,76.5,96.2,109.1,37.07
2026-10-02 22:37:26.413360684,PAT1001,75.3,95.6,106.7,36.96
2026-10-02 22:38:05.518515789,PAT1001,82.0,96.4,107.4,36.97
2026-10-02 22:38:23.606661607,PAT1001,83.3,96.5,111.9,37.04
2026-10-02 22:39:03.762751962,PAT1001,78.0,95.2,108.6,36.95
2026-10-02 22:39:44.816175924,PAT1001,82.0,,109.3,37.02
2026-10-02 22:40:23.680245190,PAT1001,80.8,95.3,106.8,37.07
2026-10-02 22:40:49.007097527,PAT1001,79.5,96.0,104.6,36.89
2026-10-02 22:41:15.221957622,PAT1001,81.7,96.2,96.4,36.92
2026-10-02 22:41:45.357893504,PAT1001,84.8,96.2,108.5,37.04
2026-10-02 22:42:14.469264363,PAT1001,,96.0,112.8,37.03
2026-10-02 22:42:42.956786515,PAT1001,76.8,96.4,106.2,37.0
2026-10-02 22:43:24.549928190,PAT1001,,95.9,109.6,36.85
2026-10-02 22:44:00.415804780,PAT1001,75.0,96.4,104.6,37.07
2026-10-02 22:44:28.319096579,PAT1001,85.9,95.3,98.4,37.09
2026-10-02 22:45:06.440344773,PAT1001,80.7,95.8,101.8,37.02
2026-10-02 22:45:44.080234194,PAT1001,,95.8,111.0,36.9
2026-10-02 22:46:10.327517654,PAT1001,82.9,,,37.04
2026-10-02 22:46:37.393748093,PAT1001,76.1,95.0,104.3,37.04
2026-10-02 22:46:53.120275116,PAT1001,83.3,95.0,108.5,37.08
2026-10-02 22:47:37.652508020,PAT1001,77.4,96.1,101.4,37.03
2026-10-02 22:48:21.005899966,PAT1001,73.0,93.7,,36.77
2026-10-02 22:48:47.774799646,PAT1001,79.1,95.1,111.2,37.1
2026-10-02 22:49:10.091459005,PAT1001,84.2,96.4,97.7,
2026-10-02 22:49:39.004790979,PAT1001,74.6,95.2,104.4,36.89
2026-10-02 22:50:12.861852965,PAT1001,83.5,96.0,113.0,37.03
2026-10-02 22:50:36.196358199,PAT1001,78.5,96.5,104.6,37.09
2026-10-02 22:51:10.492232160,PAT1001,77.5,96.5,105.2,37.09
2026-10-02 22:51:33.831928704,PAT1001,87.4,96.4,99.0,36.89
2026-10-02 22:51:50.698280232,PAT1001,78.2,95.4,,36.97
2026-10-02 22:52:22.687762204,PAT1001,79.7,96.5,106.4,37.08
2026-10-02 22:52:48.474942672,PAT1001,80.7,96.2,106.2,36.95
2026-10-02 22:53:23.138500265,PAT1001,82.8,96.3,103.2,37.04
2026-10-02 22:54:08.032367447,PAT1001,75.2,95.2,101.0,36.92
2026-10-02 22:54:33.307590953,PAT1001,77.0,95.8,113.1,36.81
2026-10-02 22:55:12.626333587,PAT1001,78.6,96.3,108.1,37.08
2026-10-02 22:55:33.730120954,PAT1001,80.4,95.2,98.5,36.88
2026-10-02 22:56:02.614858250,PAT1001,73.0,96.3,111.3,37.07
2026-10-02 22:56:27.334841865,PAT1001,86.8,96.0,101.1,37.12
2026-10-02 22:57:02.507513261,PAT1001,82.4,96.3,100.8,36.82
2026-10-02 22:57:26.309695593,PAT1001,73.3,96.1,104.1,37.06
2026-10-02 22:58:06.987538354,PAT1001,80.4,96.5,103.9,37.08
2026-10-02 22:58:32.415979742,PAT1001,83.9,95.5,102.1,36.83
2026-10-02 22:58:53.256453436,PAT1001,75.2,,112.1,36.88
2026-10-02 22:59:25.087737267,PAT1001,,95.6,95.2,37.05
2026-10-02 23:00:06.023142550,PAT1001,,95.7,102.1,36.92
2026-10-02 23:00:27.807254143,PAT1001,86.1,96.2,,36.83
2026-10-02 23:01:05.666273936,PAT1001,82.4,95.9,105.3,36.97
2026-10-02 23:01:48.930228388,PAT1001,80.7,95.0,113.0,
2026-10-02 23:02:06.196911194,PAT1001,79.2,96.2,102.8,36.87
2026-10-02 23:02:42.473619367,PAT1001,81.2,96.4,,
2026-10-02 23:02:59.053815791,PAT1001,83.2,94.9,102.1,37.02
2026-10-02 23:03:19.856284862,PAT1001,80.7,,103.9,36.88
2026-10-02 23:03:58.682684241,PAT1001,77.9,94.7,100.6,37.15
2026-10-02 23:04:16.260253308,PAT1001,80.8,96.4,109.7,36.97
2026-10-02 23:04:58.309105978,PAT1001,87.5,95.9,113.1,36.78
2026-10-02 23:05:41.523158932,PAT1001,78.4,96.3,106.5,37.06
2026-10-02 23:06:19.614464962,PAT1001,,95.5,100.6,36.95
2026-10-02 23:06:35.266826167,PAT1001,79.8,96.3,100.7,37.0
2026-10-02 23:07:08.525394464,PAT1001,80.1,96.2,110.4,36.93
2026-10-02 23:07:26.849205259,PAT1001,,,103.7,36.83
2026-10-02 23:07:58.842381842,PAT1001,77.9,96.0,103.7,37.05
2026-10-02 23:08:36.243472359,PAT1001,79.4,95.9,106.8,36.95
2026-10-02 23:09:02.260575083,PAT1001,75.9,96.4,105.3,36.84
2026-10-02 23:09:42.734549204,PAT1001,69.4,96.4,102.3,36.98
2026-10-02 23:09:58.599606084,PAT1001,82.0,96.2,106.5,37.0
2026-10-02 23:10:28.830075664,PAT1001,75.9,96.0,106.4,
2026-10-02 23:11:04.892028804,PAT1001,81.1,,114.9,
2026-10-02 23:11:41.212253818,PAT1001,78.4,96.5,103.8,36.98
2026-10-02 23:12:14.788457168,PAT1001,71.9,94.5,,36.86
2026-10-02 23:12:37.000910164,PAT1001,77.8,96.4,100.2,36.82
2026-10-02 23:12:58.316697991,PAT1001,82.6,95.8,102.5,36.74
2026-10-02 23:13:33.002918753,PAT1001,84.1,96.2,104.0,36.9
2026-10-02 23:14:07.089588818,PAT1001,78.3,96.5,101.4,37.08
2026-10-02 23:14:39.747795956,PAT1001,75.6,96.0,112.2,36.86
2026-10-02 23:15:06.636068059,PAT1001,75.5,,106.0,36.85
2026-10-02 23:15:36.758694427,PAT1001,,95.7,105.3,36.75
2026-10-02 23:16:07.821293220,PAT1001,87.3,,95.6,36.8
2026-10-02 23:16:26.577687760,PAT1001,73.3,96.4,109.3,37.03
2026-10-02 23:17:00.254909230,PAT1001,,95.7,104.6,36.9
2026-10-02 23:17:16.224437727,PAT1001,83.2,96.2,106.8,36.92
2026-10-02 23:17:45.994947431,PAT1001,86.2,94.8,99.2,37.05
2026-10-02 23:18:19.309646908,PAT1001,,95.7,100.9,36.84
2026-10-02 23:18:41.532412713,PAT1001,77.9,96.2,112.3,37.17
2026-10-02 23:19:02.691421347,PAT1001,,95.9,,36.82
2026-10-02 23:19:18.184459993,PAT1001,,95.3,110.5,36.96
2026-10-02 23:20:01.289375203,PAT1001,73.9,96.3,97.2,36.97
2026-10-02 23:20:38.039723553,PAT1001,84.6,96.2,110.5,36.88
2026-10-02 23:21:09.548995188,PAT1001,83.1,96.3,109.0,
2026-10-02 23:21:50.061131666,PAT1001,84.0,96.1,109.3,37.02
2026-10-02 23:22:14.382056930,PAT1001,77.9,95.2,100.0,36.91
2026-10-02 23:22:40.402272166,PAT1001,80.7,95.8,99.7,36.93
2026-10-02 23:23:03.183347825,PAT1001,76.4,96.4,107.8,36.93
2026-10-02 23:23:35.457165683,PAT1001,71.1,96.4,103.5,36.84
2026-10-02 23:23:51.175637499,PAT1001,74.0,96.3,100.6,36.86
2026-10-02 23:24:35.596101792,PAT1001,73.7,96.0,105.2,36.9
2026-10-02 23:25:14.385319297,PAT1001,71.4,96.3,98.8,37.0
2026-10-02 23:25:48.313941130,PAT1001,73.8,96.3,98.3,36.82
2026-10-02 23:26:22.821987213,PAT1001,76.1,96.2,103.4,37.09
2026-10-02 23:27:00.747631142,PAT1001,78.8,96.0,95.6,36.83
2026-10-02 23:27:35.957252388,PAT1001,77.1,96.1,,36.91
2026-10-02 23:28:16.924711943,PAT1001,76.4,95.8,107.5,36.79
2026-10-02 23:28:39.203808256,PAT1001,,96.4,,37.04
2026-10-02 23:29:02.654563665,PAT1001,,95.5,106.6,36.93
2026-10-02 23:29:31.020608979,PAT1001,76.0,96.3,100.6,36.86
2026-10-02 23:30:04.822734276,PAT1001,80.0,96.0,,36.85
2026-10-02 23:30:28.997312466,PAT1001,81.1,96.0,,36.94
2026-10-02 23:31:12.395672305,PAT1001,,96.0,96.4,36.86
2026-10-02 23:31:42.022664503,PAT1001,77.3,,102.7,
2026-10-02 23:32:23.715933236,PAT1001,72.5,95.9,109.3,36.93
2026-10-02 23:32:46.199182554,PAT1001,78.3,96.3,106.7,36.96
2026-10-02 23:33:31.095661200,PAT1001,75.5,96.0,105.7,36.8
2026-10-02 23:34:15.126891460,PAT1001,77.8,,100.8,
2026-10-02 23:34:39.049957981,PAT1001,78.2,96.2,110.6,37.0
2026-10-02 23:34:56.983522024,PAT1001,75.4,95.9,106.4,37.02
2026-10-02 23:35:17.051961391,PAT1001,81.7,96.4,107.6,36.92
2026-10-02 23:35:40.924796294,PAT1001,80.7,95.9,98.6,
2026-10-02 23:36:17.938302171,PAT1001,70.7,94.7,88.0,36.85
2026-10-02 23:36:37.174580089,PAT1001,75.5,95.6,108.8,37.08
2026-10-02 23:37:15.628688204,PAT1001,75.1,95.7,106.2,37.06
2026-10-02 23:37:46.898868613,PAT1001,77.3,94.9,101.5,36.87
2026-10-02 23:38:17.075511887,PAT1001,74.5,95.9,100.8,36.91
2026-10-02 23:38:54.115370100,PAT1001,75.4,96.0,105.1,36.7
2026-10-02 23:39:13.135473273,PAT1001,75.2,96.3,95.9,36.92
2026-10-02 23:39:35.482374722,PAT1001,,96.5,104.1,
2026-10-02 23:39:58.161596935,PAT1001,,95.3,104.3,36.96
2026-10-02 23:40:36.739565320,PAT1001,84.5,95.9,107.6,36.98
2026-10-02 23:41:20.069414961,PAT1001,76.0,96.5,96.7,36.76
2026-10-02 23:41:44.747138569,PAT1001,,96.1,91.5,36.78
2026-10-02 23:42:22.717508959,PAT1001,82.5,96.4,100.3,36.92
2026-10-02 23:42:51.158302728,PAT1001,81.8,96.3,105.3,36.92
2026-10-02 23:43:22.170978548,PAT1001,80.4,96.1,105.4,37.07
2026-10-02 23:43:38.099250450,PAT1001,76.4,96.5,101.8,37.1
2026-10-02 23:44:12.871931007,PAT1001,,96.0,103.7,
2026-10-02 23:44:28.993653611,PAT1001,79.6,94.9,106.1,37.07
2026-10-02 23:45:05.569182484,PAT1001,78.0,95.1,107.4,
2026-10-02 23:45:26.380354359,PAT1001,70.3,95.9,102.1,
2026-10-02 23:46:06.386487664,PAT1001,78.5,96.2,103.2,36.98
2026-10-02 23:46:47.248073518,PAT1001,77.2,96.4,96.3,36.99
2026-10-02 23:47:12.901144124,PAT1001,74.9,94.5,103.4,36.88
2026-10-02 23:47:52.512141066,PAT1001,81.6,96.3,106.6,37.0
2026-10-02 23:48:27.094990927,PAT1001,84.8,92.1,105.8,36.74
2026-10-02 23:49:07.144703153,PAT1001,79.4,95.1,101.4,
2026-10-02 23:49:49.012250146,PAT1001,80.8,,111.5,36.86
2026-10-02 23:50:26.775680506,PAT1001,74.1,96.3,105.3,36.87
2026-10-02 23:51:00.468066763,PAT1001,74.1,95.1,102.5,36.88
2026-10-02 23:51:31.892328021,PAT1001,76.2,95.9,98.3,36.92
2026-10-02 23:51:58.086035578,PAT1001,76.5,95.1,111.9,36.91
2026-10-02 23:52:19.791018829,PAT1001,76.1,94.5,,36.63
2026-10-02 23:52:43.252964012,PAT1001,74.2,96.4,104.0,36.81
2026-10-02 23:53:07.166358516,PAT1001,74.0,96.4,108.5,37.03
2026-10-02 23:53:29.930549275,PAT1001,76.3,95.3,110.2,36.99
2026-10-02 23:53:46.463698508,PAT1001,74.8,,102.7,
2026-10-02 23:54:16.273408988,PAT1001,76.6,95.7,103.2,36.94
2026-10-02 23:54:39.718915700,PAT1001,77.1,96.1,105.4,36.89
2026-10-02 23:55:05.768077692,PAT1001,79.4,96.4,110.1,36.81
2026-10-02 23:55:39.611472557,PAT1001,78.9,96.1,95.8,36.91
2026-10-02 23:56:00.886533999,PAT1001,76.0,,,36.81
2026-10-02 23:56:38.791714244,PAT1001,72.4,96.3,108.4,36.78
2026-10-02 23:57:19.153156711,PAT1001,75.1,96.4,87.6,36.8
2026-10-02 23:57:50.655165427,PAT1001,77.6,96.2,104.0,36.98
2026-10-02 23:58:30.090618210,PAT1001,77.1,96.2,110.5,36.89
2026-10-02 23:59:02.074156220,PAT1001,74.5,96.3,108.7,37.01
2026-10-02 23:59:32.574956001,PAT1001,73.9,94.3,104.7,36.82
2026-10-02 23:59:57.190490824,PAT1001,85.4,96.3,108.5,36.78
2026-10-03 00:00:37.291031847,PAT1001,79.1,96.3,102.9,36.73
2026-10-03 00:01:04.583451848,PAT1001,79.6,96.2,103.3,36.65
2026-10-03 00:01:25.074286710,PAT1001,84.5,95.2,109.1,36.98
2026-10-03 00:01:52.263581885,PAT1001,77.1,96.1,,36.7
2026-10-03 00:02:36.422693613,PAT1001,,96.1,107.6,36.99
2026-10-03 00:03:04.936934289,PAT1001,74.1,96.0,106.9,36.81
2026-10-03 00:03:32.290678469,PAT1001,,96.0,112.0,36.75
2026-10-03 00:04:05.884983979,PAT1001,78.9,96.2,112.5,36.82
2026-10-03 00:04:35.036719034,PAT1001,85.1,,105.3,36.88
2026-10-03 00:05:16.640912853,PAT1001,80.9,94.4,93.4,37.03
2026-10-03 00:05:42.752673087,PAT1001,79.5,95.5,102.3,36.74
2026-10-03 00:06:08.076124201,PAT1001,81.7,95.7,95.4,
2026-10-03 00:06:32.575450878,PAT1001,71.0,96.5,102.8,36.71
2026-10-03 00:07:14.621968490,PAT1001,,96.1,101.1,37.08
2026-10-03 00:07:33.767144688,PAT1001,73.2,96.5,97.2,36.72
2026-10-03 00:08:09.520168024,PAT1001,81.8,96.5,107.3,36.97
2026-10-03 00:08:53.519307590,PAT1001,70.0,95.9,99.8,36.94
2026-10-03 00:09:13.078317710,PAT1001,78.8,96.2,97.7,36.88
2026-10-03 00:09:38.283486163,PAT1001,78.8,95.1,92.1,36.93
2026-10-03 00:10:00.471899245,PAT1001,74.9,95.7,103.1,36.94
2026-10-03 00:10:33.383875785,PAT1001,75.8,96.1,,36.8
2026-10-03 00:10:57.002382295,PAT1001,81.4,96.4,93.9,36.64
2026-10-03 00:11:13.708432494,PAT1001,76.3,96.4,111.7,36.7
2026-10-03 00:11:35.604912018,PAT1001,78.1,93.7,100.8,36.98
2026-10-03 00:11:59.005781467,PAT1001,78.8,,,36.83
2026-10-03 00:12:19.844737702,PAT1001,81.7,96.4,102.4,36.98
2026-10-03 00:12:41.611900900,PAT1001,72.5,95.9,98.8,36.97
2026-10-03 00:13:06.967232490,PAT1001,72.2,96.4,100.9,36.76
2026-10-03 00:13:28.720500358,PAT1001,80.8,95.6,102.6,36.73
2026-10-03 00:13:54.482670632,PAT1001,78.6,96.2,114.6,36.97
2026-10-03 00:14:13.884054623,PAT1001,77.0,96.1,105.4,
2026-10-03 00:14:47.238038009,PAT1001,,96.1,,
2026-10-03 00:15:22.615329131,PAT1001,76.2,96.5,98.1,36.83
2026-10-03 00:15:45.467739602,PAT1001,78.6,95.6,91.2,
2026-10-03 00:16:00.679932280,PAT1001,80.9,96.3,102.8,36.87
2026-10-03 00:16:24.530210038,PAT1001,78.1,96.5,100.9,36.79
2026-10-03 00:16:43.673098129,PAT1001,79.8,95.6,101.2,
2026-10-03 00:17:11.712865920,PAT1001,75.6,95.1,105.5,36.73
2026-10-03 00:17:29.473959374,PAT1001,76.2,96.5,100.1,36.91
2026-10-03 00:18:00.533842006,PAT1001,81.4,95.8,105.7,36.93
2026-10-03 00:18:34.210978502,PAT1001,75.2,,,36.96
2026-10-03 00:19:13.894832973,PAT1001,76.4,96.4,,36.74
2026-10-03 00:19:30.974918175,PAT1001,72.6,96.1,96.4,36.76
2026-10-03 00:19:47.357216518,PAT1001,73.0,96.4,100.7,36.95
2026-10-03 00:20:06.779878796,PAT1001,78.3,96.4,105.9,36.84
2026-10-03 00:20:22.846812506,PAT1001,77.6,96.5,104.2,36.92
2026-10-03 00:21:03.907019984,PAT1001,81.5,95.8,106.1,36.89
2026-10-03 00:21:20.511671584,PAT1001,70.8,96.3,93.4,36.95
2026-10-03 00:21:47.159475606,PAT1001,82.0,96.4,100.5,37.02
2026-10-03 00:22:16.308122219,PAT1001,75.3,95.9,99.3,
2026-10-03 00:23:00.936726803,PAT1001,73.7,96.1,104.7,
2026-10-03 00:23:28.558603082,PAT1001,79.8,96.4,96.6,36.84
2026-10-03 00:24:07.806011584,PAT1001,78.9,96.4,101.8,36.73
2026-10-03 00:24:40.392733683,PAT1001,78.5,96.1,108.8,36.94
2026-10-03 00:25:16.532671632,PAT1001,71.1,96.2,97.3,37.02
2026-10-03 00:25:42.639494575,PAT1001,,96.5,102.1,36.83
2026-10-03 00:26:04.445372175,PAT1001,83.6,94.7,108.5,
2026-10-03 00:26:35.819059016,PAT1001,76.3,96.4,99.8,36.93
2026-10-03 00:27:03.244504195,PAT1001,76.9,96.3,104.3,37.09
2026-10-03 00:27:43.547381814,PAT1001,,95.0,,
2026-10-03 00:28:13.749057962,PAT1001,74.6,96.1,100.8,36.92
2026-10-03 00:28:49.081633110,PAT1001,,95.8,,36.93
2026-10-03 00:29:07.627892221,PAT1001,73.6,96.3,101.7,
2026-10-03 00:29:26.589111490,PAT1001,75.4,,101.4,36.92
2026-10-03 00:29:51.238197186,PAT1001,78.8,96.3,103.7,36.89
2026-10-03 00:30:35.476697885,PAT1001,78.6,96.1,102.9,36.7
2026-10-03 00:31:19.647688046,PAT1001,76.2,96.2,101.1,36.88
2026-10-03 00:32:01.976195367,PAT1001,,,102.2,36.87
2026-10-03 00:32:23.920314066,PAT1001,73.7,96.0,97.7,
2026-10-03 00:33:01.037515721,PAT1001,70.5,96.3,100.6,36.88
2026-10-03 00:33:27.194758665,PAT1001,77.2,96.3,109.8,37.06
2026-10-03 00:33:54.724168157,PAT1001,75.9,96.4,88.2,
2026-10-03 00:34:13.544880633,PAT1001,75.3,95.7,114.8,36.75
2026-10-03 00:34:28.850930100,PAT1001,78.2,96.3,90.1,36.82
2026-10-03 00:35:12.515487155,PAT1001,79.1,96.5,104.2,36.81
2026-10-03 00:35:37.292253167,PAT1001,83.2,96.2,101.4,
2026-10-03 00:36:21.958968080,PAT1001,78.8,95.1,100.9,36.88
2026-10-03 00:37:01.626698971,PAT1001,76.8,96.3,100.3,36.86
2026-10-03 00:37:42.416209252,PAT1001,,95.8,104.6,36.93
2026-10-03 00:38:05.110071943,PAT1001,70.7,96.2,103.7,37.04
2026-10-03 00:38:28.672591493,PAT1001,79.1,96.4,,36.89
2026-10-03 00:39:10.085911500,PAT1001,77.2,95.8,105.7,
2026-10-03 00:39:34.820440854,PAT1001,79.6,96.5,104.8,36.72
2026-10-03 00:40:05.427383343,PAT1001,73.5,95.5,102.1,37.15
2026-10-03 00:40:49.866845605,PAT1001,78.7,95.8,104.3,36.87
2026-10-03 00:41:07.485698136,PAT1001,81.2,94.8,99.9,36.78
2026-10-03 00:41:52.120482683,PAT1001,75.1,96.1,97.7,36.84
2026-10-03 00:42:10.412320635,PAT1001,76.1,96.1,97.4,36.72
2026-10-03 00:42:51.043905271,PAT1001,76.6,96.2,105.3,
2026-10-03 00:43:34.994832713,PAT1001,71.6,95.9,103.4,
2026-10-03 00:44:15.908401722,PAT1001,77.4,96.5,108.4,36.7
2026-10-03 00:44:35.266027138,PAT1001,78.7,,96.7,36.9
2026-10-03 00:45:00.008405766,PAT1001,71.9,96.5,93.7,36.94
2026-10-03 00:45:36.633361763,PAT1001,82.1,96.2,102.5,37.0
2026-10-03 00:46:09.967274937,PAT1001,73.2,96.2,97.8,
2026-10-03 00:46:29.578484927,PAT1001,75.9,96.5,100.7,36.96
2026-10-03 00:47:12.917177547,PAT1001,77.3,,96.2,36.98
2026-10-03 00:47:56.246371508,PAT1001,75.6,96.1,103.3,36.89
2026-10-03 00:48:13.869442366,PAT1001,73.6,95.4,110.3,36.97
2026-10-03 00:48:37.469179672,PAT1001,80.7,96.2,,36.73
2026-10-03 00:49:17.402306827,PAT1001,79.2,96.0,104.6,36.73
2026-10-03 00:49:40.436574051,PAT1001,71.5,96.4,,36.9
2026-10-03 00:50:15.686435670,PAT1001,75.6,96.0,109.0,
2026-10-03 00:50:33.744106929,PAT1001,73.9,96.3,104.5,36.8
2026-10-03 00:50:55.816956053,PAT1001,74.2,,92.0,
2026-10-03 00:51:27.222977160,PAT1001,80.5,,99.3,36.75
2026-10-03 00:51:44.838873183,PAT1001,78.2,96.4,104.7,36.83
2026-10-03 00:52:14.135772428,PAT1001,82.4,95.1,105.7,36.76
2026-10-03 00:52:49.072767971,PAT1001,75.2,96.4,106.1,
2026-10-03 00:53:31.284632563,PAT1001,,96.4,104.0,
2026-10-03 00:53:50.184869066,PAT1001,77.2,,100.3,36.91
2026-10-03 00:54:09.376812169,PAT1001,83.1,96.0,93.9,36.9
2026-10-03 00:54:51.718125093,PAT1001,73.0,96.2,,36.88
2026-10-03 00:55:26.614772378,PAT1001,75.3,,99.7,36.83
2026-10-03 00:55:58.718416848,PAT1001,75.9,95.7,97.1,36.83
2026-10-03 00:56:42.613512899,PAT1001,79.4,96.4,94.5,36.87
2026-10-03 00:57:21.992204037,PAT1001,78.4,96.4,106.7,36.88
2026-10-03 00:57:44.640215895,PAT1001,86.2,96.0,109.0,36.84
2026-10-03 00:58:20.306816705,PAT1001,,96.1,93.0,36.77
2026-10-03 00:58:47.667879651,PAT1001,74.1,96.1,102.4,36.82
2026-10-03 00:59:14.928743719,PAT1001,79.5,95.6,97.6,36.73
2026-10-03 00:59:56.121739718,PAT1001,72.8,96.3,104.8,36.68
2026-10-03 01:00:27.551044066,PAT1001,84.0,95.9,107.8,
2026-10-03 01:00:44.993331207,PAT1001,74.0,95.7,94.9,36.86
2026-10-03 01:01:05.191617750,PAT1001,75.4,,98.5,36.76
2026-10-03 01:01:44.251952068,PAT1001,73.6,96.0,105.4,36.84
2026-10-03 01:02:06.374114775,PAT1001,78.1,95.5,107.8,36.87
2026-10-03 01:02:49.333133785,PAT1001,78.8,95.3,102.6,36.71
2026-10-03 01:03:08.166640622,PAT1001,82.7,96.4,,36.85
2026-10-03 01:03:33.918576361,PAT1001,83.4,94.9,104.1,36.83
2026-10-03 01:04:08.815849285,PAT1001,78.2,96.0,95.8,37.02
2026-10-03 01:04:40.847599749,PAT1001,77.0,95.9,,36.93
2026-10-03 01:05:17.117998641,PAT1001,80.7,,,
2026-10-03 01:05:42.070854180,PAT1001,80.9,96.2,,36.79
2026-10-03 01:06:18.977201185,PAT1001,74.7,95.0,101.4,36.97
2026-10-03 01:06:57.785074258,PAT1001,79.0,96.3,101.3,
2026-10-03 01:07:30.811933403,PAT1001,86.0,,99.4,36.83
2026-10-03 01:07:55.881611396,PAT1001,77.9,,102.3,36.75
2026-10-03 01:08:24.788777123,PAT1001,76.9,96.3,98.4,36.9
2026-10-03 01:08:51.726362240,PAT1001,78.5,96.5,101.3,36.73
2026-10-03 01:09:27.053291583,PAT1001,78.5,95.0,101.3,36.91
2026-10-03 01:10:05.951808185,PAT1001,75.8,96.5,101.8,36.83
2026-10-03 01:10:46.120564254,PAT1001,73.5,96.3,101.0,36.72
2026-10-03 01:11:07.429848294,PAT1001,75.8,96.1,108.8,36.91
2026-10-03 01:11:50.519259162,PAT1001,77.2,96.2,,36.63
2026-10-03 01:12:07.616016348,PAT1001,78.7,96.4,104.8,36.86
2026-10-03 01:12:27.830998281,PAT1001,73.6,96.1,96.5,36.91
2026-10-03 01:12:54.404459946,PAT1001,74.9,96.4,99.9,36.91
2026-10-03 01:13:10.098713549,PAT1001,76.7,94.3,103.8,36.76
2026-10-03 01:13:39.228184637,PAT1001,84.3,94.8,101.4,36.81
2026-10-03 01:14:21.661359333,PAT1001,79.4,95.6,,36.71
2026-10-03 01:14:52.194732912,PAT1001,72.2,96.5,89.0,36.88
2026-10-03 01:15:24.374608817,PAT1001,81.7,95.8,106.1,36.91
2026-10-03 01:15:43.936363464,PAT1001,75.2,95.7,102.4,36.85
2026-10-03 01:16:23.466749084,PAT1001,80.5,96.4,,36.98
2026-10-03 01:16:42.730985676,PAT1001,77.0,96.5,,
2026-10-03 01:17:27.434657149,PAT1001,69.0,96.4,96.1,36.88
2026-10-03 01:17:44.166943569,PAT1001,73.7,96.1,98.9,36.69
2026-10-03 01:18:17.648657872,PAT1001,75.2,96.4,103.3,36.92
2026-10-03 01:18:36.828109951,PAT1001,72.8,95.8,98.3,36.85
2026-10-03 01:19:20.176218046,PAT1001,80.1,96.5,95.8,37.02
2026-10-03 01:19:50.761688081,PAT1001,84.1,95.6,,37.09
2026-10-03 01:20:17.209716329,PAT1001,70.4,96.2,100.8,36.97
2026-10-03 01:20:42.899290636,PAT1001,75.8,96.3,96.4,36.95
2026-10-03 01:21:05.106333823,PAT1001,77.4,96.3,97.8,36.73
2026-10-03 01:21:31.937603309,PAT1001,82.4,95.9,104.2,36.89
2026-10-03 01:21:50.350918966,PAT1001,81.2,96.2,103.7,36.84
2026-10-03 01:22:20.651600747,PAT1001,,96.2,95.0,36.87
2026-10-03 01:22:39.662526953,PAT1001,,96.4,93.5,36.86
2026-10-03 01:23:04.801163050,PAT1001,81.5,96.5,102.3,
2026-10-03 01:23:20.867823355,PAT1001,76.4,96.1,105.5,36.83
2026-10-03 01:24:00.316116937,PAT1001,77.8,96.4,103.3,36.8
2026-10-03 01:24:30.585328878,PAT1001,82.2,95.9,99.7,36.8
2026-10-03 01:25:06.544814086,PAT1001,79.1,94.1,89.3,37.01
2026-10-03 01:25:50.037624195,PAT1001,,95.6,111.5,36.77
2026-10-03 01:26:30.111461097,PAT1001,77.3,95.7,100.3,36.87
2026-10-03 01:27:09.782244507,PAT1001,75.8,94.7,101.7,36.8
2026-10-03 01:27:35.296524429,PAT1001,81.2,96.3,97.0,36.74
2026-10-03 01:27:56.505686631,PAT1001,79.1,95.9,103.9,36.81
2026-10-03 01:28:25.091990759,PAT1001,76.4,96.0,98.8,36.89
2026-10-03 01:28:49.610384208,PAT1001,73.4,92.2,95.9,36.71
2026-10-03 01:29:28.092088684,PAT1001,71.7,95.8,95.6,36.86
2026-10-03 01:30:10.411632111,PAT1001,72.2,95.9,107.7,36.77
2026-10-03 01:30:49.098037635,PAT1001,76.2,96.4,102.3,36.79
2026-10-03 01:31:18.389927005,PAT1001,75.1,95.5,99.2,36.84
2026-10-03 01:31:37.514469328,PAT1001,,96.4,103.3,36.86
2026-10-03 01:32:11.690878046,PAT1001,72.4,95.4,99.1,36.75
2026-10-03 01:32:41.650391055,PAT1001,77.5,95.6,97.9,36.78
2026-10-03 01:33:21.118150929,PAT1001,82.6,96.2,97.6,36.89
2026-10-03 01:33:38.647648318,PAT1001,77.6,95.6,96.6,36.8
2026-10-03 01:34:20.363590574,PAT1001,84.3,96.2,97.4,36.7
2026-10-03 01:34:57.539415008,PAT1001,72.9,,97.2,36.81
2026-10-03 01:35:13.214448958,PAT1001,76.8,96.2,102.6,37.0
2026-10-03 01:35:38.894400943,PAT1001,79.4,96.1,99.7,
2026-10-03 01:36:16.643764969,PAT1001,80.0,95.3,103.1,
2026-10-03 01:36:41.475656536,PAT1001,76.8,95.8,99.1,36.7
2026-10-03 01:37:09.177325215,PAT1001,79.1,,,36.84
2026-10-03 01:37:32.457282454,PAT1001,82.9,95.7,97.3,36.87
2026-10-03 01:37:49.797511169,PAT1001,76.9,95.9,100.8,36.74
2026-10-03 01:38:26.538982982,PAT1001,75.4,91.2,96.5,36.83
2026-10-03 01:38:59.985809343,PAT1001,75.9,96.4,98.3,36.8
2026-10-03 01:39:31.344618586,PAT1001,74.4,,98.8,36.66
2026-10-03 01:39:49.878842765,PAT1001,77.3,95.3,100.9,36.86
2026-10-03 01:40:27.666981549,PAT1001,81.2,96.0,104.9,36.84
2026-10-03 01:40:56.142759964,PAT1001,81.0,96.0,102.6,36.88
2026-10-03 01:41:33.560218911,PAT1001,79.9,96.1,,36.67
2026-10-03 01:41:59.896620147,PAT1001,79.4,96.1,94.2,36.69
2026-10-03 01:42:17.958776973,PAT1001,74.5,95.6,100.2,36.76
2026-10-03 01:42:45.970429522,PAT1001,78.9,,99.0,36.89
2026-10-03 01:43:12.482608935,PAT1001,80.7,96.5,102.6,36.76
2026-10-03 01:43:54.564863048,PAT1001,72.1,96.2,100.0,36.8
2026-10-03 01:44:30.601317000,PAT1001,76.1,96.4,,36.85
2026-10-03 01:44:58.747999530,PAT1001,82.5,95.5,101.5,36.87
2026-10-03 01:45:29.898852576,PAT1001,76.3,96.4,108.0,36.87
2026-10-03 01:45:51.469142412,PAT1001,77.8,96.4,105.9,36.98
2026-10-03 01:46:21.706654488,PAT1001,79.6,,103.2,36.77
2026-10-03 01:46:47.676750109,PAT1001,73.6,96.3,101.3,36.94
2026-10-03 01:47:16.038682360,PAT1001,74.6,94.9,92.1,36.77
2026-10-03 01:47:46.416402297,PAT1001,77.6,,,36.71
2026-10-03 01:48:10.974476116,PAT1001,79.1,96.1,104.0,36.83
2026-10-03 01:48:52.434861988,PAT1001,77.3,96.1,98.4,36.75
2026-10-03 01:49:14.978883128,PAT1001,69.2,96.3,108.2,36.97
2026-10-03 01:49:44.093620438,PAT1001,80.8,96.4,101.1,36.73
2026-10-03 01:50:04.483228993,PAT1001,76.3,96.1,96.2,36.92
2026-10-03 01:50:46.798826343,PAT1001,80.0,96.0,107.7,36.75
2026-10-03 01:51:12.441449316,PAT1001,73.2,,96.5,36.72
2026-10-03 01:51:49.587147239,PAT1001,77.7,96.0,98.2,
2026-10-03 01:52:28.606859565,PAT1001,87.4,95.8,100.3,36.96
2026-10-03 01:52:58.302542458,PAT1001,74.8,96.5,96.0,36.71
2026-10-03 01:53:29.606960466,PAT1001,80.9,96.1,102.8,36.76
2026-10-03 01:53:51.278607748,PAT1001,77.5,95.6,100.5,36.77
2026-10-03 01:54:29.814906796,PAT1001,76.0,96.0,98.8,36.92
2026-10-03 01:55:01.081569058,PAT1001,72.7,96.1,99.7,36.83
2026-10-03 01:55:27.189816365,PAT1001,75.9,96.1,98.1,36.86
2026-10-03 01:56:10.929394127,PAT1001,76.2,96.1,105.0,36.87
2026-10-03 01:56:48.765759786,PAT1001,77.8,96.3,99.1,36.81
2026-10-03 01:57:25.031527951,PAT1001,73.6,96.3,100.6,36.87
2026-10-03 01:57:57.283408902,PAT1001,82.4,96.4,108.7,36.79
2026-10-03 01:58:28.913083549,PAT1001,76.1,96.4,103.6,36.83
2026-10-03 01:59:11.230959726,PAT1001,78.1,96.2,94.9,36.87
2026-10-03 01:59:29.706029903,PAT1001,72.1,96.4,99.2,
2026-10-03 02:00:00.639381123,PAT1001,80.3,96.3,,36.93
2026-10-03 02:00:31.994702549,PAT1001,80.3,96.3,109.3,36.86
2026-10-03 02:01:15.806503988,PAT1001,79.5,94.5,95.3,36.75
2026-10-03 02:01:53.507296940,PAT1001,73.5,96.4,104.8,36.85
2026-10-03 02:02:30.401950366,PAT1001,77.4,96.4,,36.97
2026-10-03 02:02:48.751950874,PAT1001,72.9,95.8,101.1,36.93
2026-10-03 02:03:29.492541067,PAT1001,75.5,96.4,102.9,37.09
2026-10-03 02:04:13.662011093,PAT1001,84.6,96.4,108.4,36.88
2026-10-03 02:04:58.393837918,PAT1001,,96.4,,
2026-10-03 02:05:36.613443090,PAT1001,77.3,96.1,100.2,36.76
2026-10-03 02:06:04.818967696,PAT1001,87.6,95.9,97.0,36.81
2026-10-03 02:06:30.102265780,PAT1001,80.3,96.3,102.8,36.94
2026-10-03 02:06:53.579050943,PAT1001,75.6,95.5,106.3,36.67
2026-10-03 02:07:13.204107755,PAT1001,78.8,,99.4,36.73
2026-10-03 02:07:52.598622400,PAT1001,80.5,96.1,104.1,36.62
2026-10-03 02:08:18.956539445,PAT1001,80.0,94.9,102.2,36.72
2026-10-03 02:08:58.267036704,PAT1001,73.5,,103.5,
2026-10-03 02:09:36.235494227,PAT1001,77.3,95.8,104.1,36.61
2026-10-03 02:10:08.846796457,PAT1001,70.6,95.5,108.7,36.77
2026-10-03 02:10:25.877101948,PAT1001,76.3,95.5,102.6,
2026-10-03 02:10:56.131737231,PAT1001,75.5,95.5,114.1,36.92
2026-10-03 02:11:22.002116900,PAT1001,,96.0,97.3,36.79
2026-10-03 02:11:43.127539007,PAT1001,78.6,96.2,95.7,37.02
2026-10-03 02:12:14.532782154,PAT1001,69.5,96.3,109.0,36.76
2026-10-03 02:12:33.867718614,PAT1001,80.2,95.8,105.7,36.79
2026-10-03 02:12:59.707614341,PAT1001,74.2,96.0,108.0,36.72
2026-10-03 02:13:15.704024883,PAT1001,78.8,,110.3,36.79
2026-10-03 02:13:55.889865391,PAT1001,77.0,96.3,98.2,36.88
2026-10-03 02:14:39.699245108,PAT1001,79.1,95.7,,36.88
2026-10-03 02:15:03.925254649,PAT1001,77.5,96.3,98.7,
2026-10-03 02:15:37.082201803,PAT1001,73.4,96.2,106.9,36.91
2026-10-03 02:16:21.530605766,PAT1001,75.0,96.4,97.0,36.87
2026-10-03 02:17:00.096736118,PAT1001,78.1,95.7,99.7,36.93
2026-10-03 02:17:42.034897579,PAT1001,73.6,96.1,105.2,36.88
2026-10-03 02:18:22.500413542,PAT1001,77.2,94.9,100.1,
2026-10-03 02:19:02.132294839,PAT1001,83.5,96.0,99.3,36.81
2026-10-03 02:19:24.577447053,PAT1001,79.2,95.3,106.0,37.02
2026-10-03 02:20:02.143397754,PAT1001,80.4,95.7,103.2,36.86
2026-10-03 02:20:33.909753659,PAT1001,77.0,95.7,101.3,36.72
2026-10-03 02:20:48.946220139,PAT1001,69.7,96.0,110.5,36.91
2026-10-03 02:21:12.359732774,PAT1001,77.3,96.4,94.3,36.82
2026-10-03 02:21:37.184234811,PAT1001,75.1,96.3,,36.97
2026-10-03 02:22:09.135951733,PAT1001,77.5,96.3,,36.87
2026-10-03 02:22:36.061204858,PAT1001,75.3,95.9,,36.87
2026-10-03 02:23:04.806287137,PAT1001,78.8,96.1,95.9,36.78
2026-10-03 02:23:38.414847305,PAT1001,79.9,96.5,101.8,36.7
2026-10-03 02:24:02.329475992,PAT1001,79.2,94.7,,36.96
2026-10-03 02:24:38.318332431,PAT1001,80.4,95.9,99.0,36.81
2026-10-03 02:25:09.416074079,PAT1001,77.7,96.1,95.6,36.76
2026-10-03 02:25:46.675558696,PAT1001,77.3,96.3,103.1,36.97
2026-10-03 02:26:10.526713606,PAT1001,80.7,96.3,106.7,36.87
2026-10-03 02:26:44.645560406,PAT1001,80.1,95.3,103.0,36.79
2026-10-03 02:27:13.516264049,PAT1001,79.4,95.1,,36.93
2026-10-03 02:27:31.410234699,PAT1001,75.8,96.2,100.9,36.85
2026-10-03 02:28:00.842587580,PAT1001,71.6,,101.5,36.84
2026-10-03 02:28:22.359485423,PAT1001,74.0,96.2,113.6,36.87
2026-10-03 02:28:44.885409735,PAT1001,76.7,94.1,102.9,37.01
2026-10-03 02:29:03.069534741,PAT1001,82.1,96.0,,36.8
2026-10-03 02:29:24.996781838,PAT1001,78.0,96.0,103.8,36.85
2026-10-03 02:30:00.077310853,PAT1001,77.9,95.8,108.1,37.05
2026-10-03 02:30:17.982962558,PAT1001,77.9,96.5,103.5,36.74
2026-10-03 02:30:59.221892774,PAT1001,81.1,,98.9,
2026-10-03 02:31:38.090073784,PAT1001,73.8,96.2,100.4,36.98
2026-10-03 02:32:20.219581457,PAT1001,,96.5,101.2,37.0
2026-10-03 02:32:35.577507268,PAT1001,74.8,95.6,106.2,36.74
2026-10-03 02:33:00.319416401,PAT1001,78.3,96.4,104.0,36.67
2026-10-03 02:33:37.279936309,PAT1001,,94.9,104.4,36.85
2026-10-03 02:34:17.609173149,PAT1001,,,113.5,
2026-10-03 02:34:49.106657739,PAT1001,77.3,96.0,102.0,36.8
2026-10-03 02:35:13.046591922,PAT1001,,95.8,100.0,36.84
2026-10-03 02:35:33.353615572,PAT1001,77.0,94.9,102.3,
2026-10-03 02:36:02.111444320,PAT1001,76.3,95.5,108.7,36.82
2026-10-03 02:36:21.705919752,PAT1001,75.9,95.6,102.9,36.81
2026-10-03 02:37:00.373648144,PAT1001,82.1,95.7,98.0,36.95
2026-10-03 02:37:41.212156238,PAT1001,,95.9,99.2,36.93
2026-10-03 02:38:12.159721172,PAT1001,84.9,96.0,104.6,36.78
2026-10-03 02:38:35.142922331,PAT1001,80.1,95.7,95.0,37.02
2026-10-03 02:38:56.129779200,PAT1001,79.7,,101.8,36.72
2026-10-03 02:39:39.878626056,PAT1001,75.5,95.7,105.8,36.98
2026-10-03 02:39:55.632806730,PAT1001,79.2,95.0,93.8,36.91
2026-10-03 02:40:23.318962460,PAT1001,75.7,,109.6,36.96
2026-10-03 02:40:47.977520933,PAT1001,80.5,96.2,105.2,36.98
2026-10-03 02:41:19.993018044,PAT1001,71.9,95.9,97.0,36.89
2026-10-03 02:42:00.325636782,PAT1001,,,103.7,36.87
2026-10-03 02:42:23.479287805,PAT1001,73.0,95.4,110.9,36.83
2026-10-03 02:43:02.050013711,PAT1001,78.1,96.0,105.3,36.74
2026-10-03 02:43:44.907991406,PAT1001,,96.4,99.6,36.66
2026-10-03 02:44:02.261316043,PAT1001,72.8,95.7,101.4,36.93
2026-10-03 02:44:18.536612652,PAT1001,76.4,95.5,,36.96
2026-10-03 02:45:00.686303957,PAT1001,,95.9,110.4,
2026-10-03 02:45:21.744766331,PAT1001,,96.2,98.3,36.86
2026-10-03 02:46:01.073613983,PAT1001,81.1,96.4,,36.93
2026-10-03 02:46:44.002982378,PAT1001,79.4,95.6,109.1,36.74
2026-10-03 02:47:26.932675375,PAT1001,,96.3,96.2,36.89
2026-10-03 02:48:01.278176220,PAT1001,74.9,95.7,104.2,36.83
2026-10-03 02:48:28.142253151,PAT1001,73.9,,97.7,36.69
2026-10-03 02:48:57.904805850,PAT1001,78.9,96.2,102.8,
2026-10-03 02:49:35.149792981,PAT1001,75.1,,108.3,36.99
2026-10-03 02:50:18.957632602,PAT1001,80.7,94.2,99.3,36.88
2026-10-03 02:50:53.550332387,PAT1001,82.0,96.5,100.1,36.82
2026-10-03 02:51:09.749456710,PAT1001,79.8,96.1,108.4,36.82
2026-10-03 02:51:45.329687429,PAT1001,75.0,94.6,99.6,36.9
2026-10-03 02:52:10.119542615,PAT1001,70.2,96.3,101.1,
2026-10-03 02:52:50.265014334,PAT1001,80.0,96.4,102.0,36.81
2026-10-03 02:53:14.815945228,PAT1001,,,92.4,36.97
2026-10-03 02:53:33.872121079,PAT1001,,95.9,97.3,36.94
2026-10-03 02:54:18.823814795,PAT1001,76.4,96.3,93.3,36.71
2026-10-03 02:54:35.718969780,PAT1001,82.3,96.3,103.0,36.96
2026-10-03 02:55:10.721036212,PAT1001,72.4,95.9,105.3,36.9
2026-10-03 02:55:32.917002085,PAT1001,79.3,96.4,94.9,36.84
2026-10-03 02:55:57.107899773,PAT1001,79.3,96.2,106.4,36.88
2026-10-03 02:56:14.782727445,PAT1001,80.2,95.8,99.8,36.9
2026-10-03 02:56:41.803890411,PAT1001,76.6,96.4,95.1,36.79
2026-10-03 02:56:57.670174954,PAT1001,79.5,96.4,108.0,36.81
2026-10-03 02:57:18.675177120,PAT1001,77.4,96.1,104.9,36.8
2026-10-03 02:57:35.376963304,PAT1001,79.4,96.1,105.4,
2026-10-03 02:58:17.260785073,PAT1001,81.5,95.2,101.2,36.87
2026-10-03 02:58:49.152847094,PAT1001,78.1,96.4,99.0,36.73
2026-10-03 02:59:15.139960178,PAT1001,76.3,96.4,108.5,36.77
2026-10-03 02:59:55.746271873,PAT1001,,95.6,111.9,36.97
2026-10-03 03:00:37.396800866,PAT1001,79.5,95.8,102.3,
2026-10-03 03:01:07.014752865,PAT1001,82.1,96.4,102.8,36.8
2026-10-03 03:01:35.144191568,PAT1001,79.4,96.2,103.5,36.85
2026-10-03 03:01:52.471534962,PAT1001,74.8,95.5,,36.74
2026-10-03 03:02:27.147400169,PAT1001,75.6,96.0,91.8,36.85
2026-10-03 03:03:11.912893019,PAT1001,78.1,96.5,100.5,36.9
2026-10-03 03:03:50.220309862,PAT1001,81.4,95.5,99.8,
2026-10-03 03:04:31.856093668,PAT1001,78.2,96.2,103.2,36.87
2026-10-03 03:05:16.627691889,PAT1001,77.4,,97.5,36.77
2026-10-03 03:05:51.281704013,PAT1001,81.3,95.9,103.8,36.88
2026-10-03 03:06:12.742376979,PAT1001,75.9,94.3,107.9,
2026-10-03 03:06:47.233571314,PAT1001,76.6,,,
2026-10-03 03:07:07.518767868,PAT1001,71.5,96.0,103.5,36.62
2026-10-03 03:07:39.882958062,PAT1001,80.5,96.4,101.5,36.89
2026-10-03 03:08:00.779784641,PAT1001,74.1,94.9,102.0,36.85
2026-10-03 03:08:25.109710674,PAT1001,72.5,96.2,101.8,36.89
2026-10-03 03:08:41.698853649,PAT1001,75.8,95.0,105.1,36.92
2026-10-03 03:09:07.201805641,PAT1001,75.1,95.9,101.9,
2026-10-03 03:09:39.333469979,PAT1001,83.3,95.9,,37.0
2026-10-03 03:10:01.305655412,PAT1001,78.8,93.9,99.6,36.81
2026-10-03 03:10:16.575890060,PAT1001,78.2,95.3,104.6,36.81
2026-10-03 03:10:32.073581954,PAT1001,77.3,96.4,98.1,36.95
2026-10-03 03:10:58.318631637,PAT1001,81.5,96.1,96.8,36.81
2026-10-03 03:11:17.178197049,PAT1001,85.7,96.5,,36.97
2026-10-03 03:11:52.306868273,PAT1001,80.6,94.8,99.9,37.09
2026-10-03 03:12:31.696572334,PAT1001,,96.5,104.7,36.96
2026-10-03 03:12:57.372861023,PAT1001,79.1,96.4,88.5,36.76
2026-10-03 03:13:34.483965024,PAT1001,88.2,95.1,111.1,36.99
2026-10-03 03:13:55.095807899,PAT1001,80.9,96.0,105.4,36.81
2026-10-03 03:14:11.132998855,PAT1001,76.1,96.4,98.5,36.92
2026-10-03 03:14:28.603042303,PAT1001,,95.1,102.2,37.02
2026-10-03 03:15:00.084918604,PAT1001,76.3,96.2,102.8,
2026-10-03 03:15:39.828748155,PAT1001,,96.2,97.8,
2026-10-03 03:16:21.642287893,PAT1001,77.0,95.0,109.8,36.86
2026-10-03 03:16:51.174526669,PAT1001,79.3,,,36.76
2026-10-03 03:17:15.737087753,PAT1001,78.6,96.4,109.0,36.75
2026-10-03 03:17:52.907985519,PAT1001,83.6,96.4,99.7,37.01
2026-10-03 03:18:27.472697224,PAT1001,74.9,,107.9,36.75
2026-10-03 03:19:10.771543528,PAT1001,82.7,96.2,107.7,
2026-10-03 03:19:43.397600347,PAT1001,80.7,96.5,,36.92
2026-10-03 03:20:08.427336178,PAT1001,73.6,96.5,105.4,36.95
2026-10-03 03:20:31.501857122,PAT1001,82.9,96.5,101.9,36.72
2026-10-03 03:21:16.148470311,PAT1001,81.2,96.5,,36.81
2026-10-03 03:21:58.010878529,PAT1001,76.6,95.8,102.6,36.75
2026-10-03 03:22:31.062133184,PAT1001,75.1,95.8,108.3,36.81
2026-10-03 03:22:50.259206204,PAT1001,78.7,95.9,,36.99
2026-10-03 03:23:17.232100184,PAT1001,78.9,96.4,101.3,36.94
2026-10-03 03:23:33.099484342,PAT1001,78.4,96.0,101.3,36.83
2026-10-03 03:24:03.951009293,PAT1001,80.1,96.5,108.5,36.85
2026-10-03 03:24:42.624320322,PAT1001,70.3,95.6,107.7,36.77
2026-10-03 03:25:12.248189667,PAT1001,77.5,96.3,106.9,
2026-10-03 03:25:51.832992387,PAT1001,82.7,96.4,105.8,37.04
2026-10-03 03:26:10.676033064,PAT1001,83.5,96.2,110.2,36.95
2026-10-03 03:26:40.903951808,PAT1001,74.5,96.4,103.8,37.0
2026-10-03 03:26:57.493134129,PAT1001,76.1,95.5,92.8,36.88
2026-10-03 03:27:41.496426227,PAT1001,75.5,96.1,103.0,
2026-10-03 03:28:08.389728988,PAT1001,78.6,95.0,108.4,36.82
2026-10-03 03:28:30.509912124,PAT1001,79.7,95.2,106.1,36.93
2026-10-03 03:28:59.926212288,PAT1001,78.4,96.2,90.1,36.89
2026-10-03 03:29:33.096117248,PAT1001,85.8,95.8,97.6,36.8
2026-10-03 03:29:52.489815655,PAT1001,78.3,96.0,101.9,
2026-10-03 03:30:26.556029096,PAT1001,80.6,96.5,100.6,36.92
2026-10-03 03:30:59.140679607,PAT1001,74.1,96.1,94.6,36.91
2026-10-03 03:31:36.016961468,PAT1001,,96.0,,
2026-10-03 03:32:06.797701748,PAT1001,79.5,96.3,103.2,37.03
2026-10-03 03:32:51.239926789,PAT1001,77.9,96.2,,36.87
2026-10-03 03:33:11.802196030,PAT1001,82.0,96.0,,36.94
2026-10-03 03:33:33.635583895,PAT1001,81.8,94.6,95.2,36.97
2026-10-03 03:34:11.601152137,PAT1001,76.4,96.3,92.2,36.85
2026-10-03 03:34:29.750592975,PAT1001,82.8,96.0,98.5,36.92
2026-10-03 03:35:13.663092742,PAT1001,78.3,96.2,106.0,37.03
2026-10-03 03:35:50.343290179,PAT1001,81.8,,98.3,36.86
2026-10-03 03:36:28.541156562,PAT1001,80.5,96.4,93.6,36.89
2026-10-03 03:37:02.428189385,PAT1001,77.1,96.3,103.6,
2026-10-03 03:37:24.146157193,PAT1001,84.2,96.3,105.0,36.91
2026-10-03 03:38:08.447451917,PAT1001,81.6,96.0,100.8,36.83
2026-10-03 03:38:30.405723827,PAT1001,80.0,96.3,98.7,37.07
2026-10-03 03:39:15.348233807,PAT1001,77.3,,101.3,36.96
2026-10-03 03:39:45.099311833,PAT1001,85.0,95.1,99.8,36.93
2026-10-03 03:40:25.822419244,PAT1001,80.0,96.2,,37.0
2026-10-03 03:41:07.237398610,PAT1001,75.9,96.3,98.1,36.87
2026-10-03 03:41:32.580108404,PAT1001,84.8,96.3,100.3,37.07
2026-10-03 03:42:13.649541174,PAT1001,78.8,96.2,98.5,36.97
2026-10-03 03:42:31.515887354,PAT1001,83.8,96.0,109.0,36.96
2026-10-03 03:43:01.962923708,PAT1001,81.4,95.2,105.5,36.99
2026-10-03 03:43:29.867057025,PAT1001,75.1,95.5,,
2026-10-03 03:43:57.882347169,PAT1001,78.8,96.3,97.2,37.07
2026-10-03 03:44:27.271326142,PAT1001,83.7,96.2,110.1,37.13
2026-10-03 03:45:11.020124919,PAT1001,81.1,96.4,105.1,36.89
2026-10-03 03:45:27.758036524,PAT1001,72.1,,,37.01
2026-10-03 03:46:05.502155131,PAT1001,76.7,95.5,99.0,36.86
2026-10-03 03:46:34.165018065,PAT1001,75.1,96.2,99.0,36.81
2026-10-03 03:47:05.360086534,PAT1001,80.3,95.6,107.1,36.96
2026-10-03 03:47:20.889679783,PAT1001,78.0,96.2,93.1,36.93
2026-10-03 03:47:50.910800359,PAT1001,81.8,95.6,97.2,36.91
2026-10-03 03:48:30.503572018,PAT1001,78.2,96.0,107.6,37.02
2026-10-03 03:48:48.922594606,PAT1001,80.8,95.9,95.8,36.94
2026-10-03 03:49:15.430130083,PAT1001,73.3,96.5,117.7,36.91
2026-10-03 03:49:51.383327639,PAT1001,78.8,96.4,107.1,36.96
2026-10-03 03:50:28.476170480,PAT1001,77.8,96.5,96.1,36.83
2026-10-03 03:50:48.955548283,PAT1001,78.1,96.1,97.2,36.92
2026-10-03 03:51:09.770927966,PAT1001,81.2,95.7,105.8,
2026-10-03 03:51:38.284240704,PAT1001,76.0,96.1,107.4,37.01
2026-10-03 03:51:53.365987021,PAT1001,79.1,96.1,98.8,
2026-10-03 03:52:15.471710777,PAT1001,77.3,96.0,105.9,37.07
2026-10-03 03:52:32.150873830,PAT1001,83.8,96.0,99.2,36.87
2026-10-03 03:53:09.577919502,PAT1001,77.1,96.4,108.3,36.97
2026-10-03 03:53:44.485050456,PAT1001,84.5,96.2,100.3,36.78
2026-10-03 03:54:10.431513295,PAT1001,80.0,95.7,101.6,36.9
2026-10-03 03:54:51.586857528,PAT1001,82.2,96.3,101.5,37.16
2026-10-03 03:55:11.266949940,PAT1001,,,111.6,36.99
2026-10-03 03:55:28.899828792,PAT1001,77.8,96.1,100.8,36.93
2026-10-03 03:55:54.941180359,PAT1001,74.1,96.1,105.2,36.92
2026-10-03 03:56:17.222445483,PAT1001,79.4,,97.2,36.9
2026-10-03 03:56:59.022977962,PAT1001,80.0,96.4,103.9,36.81
2026-10-03 03:57:24.288489113,PAT1001,77.2,96.1,98.9,36.88
2026-10-03 03:57:41.419372522,PAT1001,75.4,95.3,95.1,36.78
2026-10-03 03:58:08.399005900,PAT1001,81.9,,98.8,37.01
2026-10-03 03:58:24.067378763,PAT1001,79.0,95.6,102.3,37.08
2026-10-03 03:58:54.196524306,PAT1001,77.9,96.3,98.7,36.97
2026-10-03 03:59:21.282308773,PAT1001,80.6,96.1,95.3,36.78
2026-10-03 03:59:53.548466091,PAT1001,79.2,94.8,108.0,
2026-10-03 04:00:10.564134447,PAT1001,81.8,96.4,105.5,36.78
2026-10-03 04:00:38.215101920,PAT1001,82.8,96.5,110.7,36.96
2026-10-03 04:01:04.021174957,PAT1001,75.8,95.6,99.8,36.99
2026-10-03 04:01:45.132761512,PAT1001,78.8,96.2,102.5,37.07
2026-10-03 04:02:29.239417620,PAT1001,,96.5,105.3,
2026-10-03 04:03:12.526827059,PAT1001,84.3,95.8,105.6,36.8
2026-10-03 04:03:42.223818019,PAT1001,78.6,96.4,108.0,37.0
2026-10-03 04:04:02.497727799,PAT1001,82.2,96.4,99.6,37.07
2026-10-03 04:04:38.281490232,PAT1001,,96.2,100.0,36.9
2026-10-03 04:05:15.362201575,PAT1001,81.3,96.1,99.4,36.91
2026-10-03 04:05:36.191066427,PAT1001,75.4,95.7,,37.05
2026-10-03 04:06:18.539123077,PAT1001,80.4,95.6,98.9,37.05
2026-10-03 04:06:38.669182791,PAT1001,83.8,96.2,101.4,37.04
2026-10-03 04:07:18.189360924,PAT1001,79.5,,,36.99
2026-10-03 04:07:44.861598632,PAT1001,80.7,95.3,96.3,37.1
2026-10-03 04:08:25.683188741,PAT1001,78.5,96.4,101.6,37.06
2026-10-03 04:08:52.732292859,PAT1001,73.8,95.6,108.0,
2026-10-03 04:09:13.224935454,PAT1001,80.0,95.7,104.9,36.96
2026-10-03 04:09:58.016419876,PAT1001,74.4,96.1,100.8,36.95
2026-10-03 04:10:17.204172653,PAT1001,89.5,96.3,104.3,36.89
2026-10-03 04:10:52.448668904,PAT1001,76.5,95.6,103.7,
2026-10-03 04:11:13.853352716,PAT1001,76.8,95.7,106.3,36.93
2026-10-03 04:11:47.504362711,PAT1001,77.4,96.2,108.3,
2026-10-03 04:12:11.994900593,PAT1001,80.8,,101.2,36.93
2026-10-03 04:12:37.655456737,PAT1001,78.0,,105.7,36.87
2026-10-03 04:13:18.160248535,PAT1001,80.6,96.4,96.5,36.85
2026-10-03 04:14:02.376515019,PAT1001,,95.8,103.1,37.08
2026-10-03 04:14:39.282096270,PAT1001,86.2,96.4,93.9,37.02
2026-10-03 04:14:54.889628223,PAT1001,79.0,96.4,111.9,36.88
2026-10-03 04:15:24.711170036,PAT1001,75.2,95.5,,37.06
2026-10-03 04:16:00.602374541,PAT1001,84.0,95.3,105.3,36.85
2026-10-03 04:16:42.760401873,PAT1001,,95.7,,36.86
2026-10-03 04:17:01.105064688,PAT1001,75.0,96.1,109.8,36.94
2026-10-03 04:17:20.227290818,PAT1001,75.0,95.9,104.0,36.99
2026-10-03 04:17:53.960044442,PAT1001,79.7,96.2,106.8,37.05
2026-10-03 04:18:35.908475772,PAT1001,72.8,93.0,103.1,37.0
2026-10-03 04:18:59.826936759,PAT1001,74.8,96.4,103.1,37.0
2026-10-03 04:19:28.861167644,PAT1001,79.1,95.6,107.6,36.89
2026-10-03 04:19:59.871609981,PAT1001,,95.2,102.0,36.98
2026-10-03 04:20:15.161887057,PAT1001,,96.3,108.8,36.98
2026-10-03 04:20:56.616145697,PAT1001,,95.2,104.6,36.87
2026-10-03 04:21:34.447033255,PAT1001,,,,37.02
2026-10-03 04:22:05.097524323,PAT1001,76.7,92.0,106.8,36.89
2026-10-03 04:22:28.978580411,PAT1001,76.3,96.3,97.0,36.81
2026-10-03 04:22:47.994268583,PAT1001,78.9,95.7,101.2,36.8
2026-10-03 04:23:13.873174929,PAT1001,,95.4,100.8,36.9
2026-10-03 04:23:41.760570854,PAT1001,76.6,,106.4,36.9
2026-10-03 04:24:05.797030890,PAT1001,80.9,95.5,104.0,37.07
2026-10-03 04:24:50.582725336,PAT1001,81.6,95.9,104.4,36.77
2026-10-03 04:25:11.054190168,PAT1001,73.5,95.7,98.0,36.94
2026-10-03 04:25:51.202798272,PAT1001,82.7,,109.1,37.26
2026-10-03 04:26:26.029280210,PAT1001,82.1,96.3,109.0,36.92
2026-10-03 04:27:00.509769578,PAT1001,75.3,95.9,114.8,37.04
2026-10-03 04:27:35.910218993,PAT1001,79.6,94.8,105.6,36.93
2026-10-03 04:28:04.204946857,PAT1001,,96.5,117.1,37.22
2026-10-03 04:28:32.898437339,PAT1001,83.5,95.2,106.9,36.87
2026-10-03 04:29:09.847023780,PAT1001,78.5,96.2,101.6,37.01
2026-10-03 04:29:32.072136935,PAT1001,78.8,96.2,95.2,37.04
2026-10-03 04:30:07.332273948,PAT1001,80.3,96.1,101.8,36.98
2026-10-03 04:30:35.300417772,PAT1001,79.0,,104.5,36.83
2026-10-03 04:31:04.030159559,PAT1001,80.3,95.7,100.5,36.98
2026-10-03 04:31:38.354486208,PAT1001,79.4,96.2,102.2,36.89
2026-10-03 04:32:06.993394046,PAT1001,80.6,96.0,102.8,36.87
2026-10-03 04:32:37.852053935,PAT1001,73.5,96.1,104.2,36.9
2026-10-03 04:33:20.839828449,PAT1001,80.3,96.4,100.9,37.02
2026-10-03 04:33:49.735766698,PAT1001,78.1,95.9,92.0,37.09
2026-10-03 04:34:33.668165379,PAT1001,78.9,96.3,115.7,36.97
2026-10-03 04:34:53.435092665,PAT1001,83.5,96.5,104.3,36.94
2026-10-03 04:35:32.550044177,PAT1001,86.7,,107.8,36.97
2026-10-03 04:35:59.457748535,PAT1001,78.1,95.1,100.4,37.11
2026-10-03 04:36:27.458372512,PAT1001,84.5,,110.4,
2026-10-03 04:37:04.834605688,PAT1001,,,108.2,37.15
2026-10-03 04:37:20.017342972,PAT1001,,96.4,104.2,37.23
2026-10-03 04:37:53.933374503,PAT1001,72.8,95.5,108.6,36.98
2026-10-03 04:38:21.852222097,PAT1001,79.9,96.4,100.6,37.17
2026-10-03 04:38:43.908677849,PAT1001,81.5,96.3,110.7,36.97
2026-10-03 04:39:11.181515237,PAT1001,83.2,96.0,104.4,
2026-10-03 04:39:45.716770019,PAT1001,80.2,95.8,107.3,37.09
2026-10-03 04:40:27.865691379,PAT1001,78.3,93.9,103.9,36.9
2026-10-03 04:41:12.829236021,PAT1001,82.6,95.8,103.6,37.02
2026-10-03 04:41:32.223996912,PAT1001,86.6,,107.8,36.96
2026-10-03 04:41:51.048665620,PAT1001,79.9,,100.9,36.96
2026-10-03 04:42:32.170915711,PAT1001,77.3,96.4,106.8,37.12
2026-10-03 04:43:04.487414176,PAT1001,,96.4,98.8,
2026-10-03 04:43:32.978640679,PAT1001,78.3,95.2,96.5,37.26
2026-10-03 04:44:07.631088940,PAT1001,77.0,95.2,98.5,37.05
2026-10-03 04:44:32.469431063,PAT1001,,96.0,108.6,37.08
2026-10-03 04:44:58.398640398,PAT1001,77.9,94.6,101.9,37.08
2026-10-03 04:45:16.666765399,PAT1001,75.7,96.5,105.5,36.88
2026-10-03 04:45:56.267320804,PAT1001,82.5,,105.7,37.04
2026-10-03 04:46:33.208380026,PAT1001,81.6,95.9,110.0,36.87
2026-10-03 04:46:58.838822271,PAT1001,77.8,96.0,106.0,37.04
2026-10-03 04:47:25.686440456,PAT1001,79.5,96.1,95.6,36.95
2026-10-03 04:48:09.252225412,PAT1001,72.8,96.1,104.8,37.02
2026-10-03 04:48:41.418703763,PAT1001,83.8,96.1,106.4,
2026-10-03 04:49:17.569831873,PAT1001,79.2,96.2,112.3,36.99
2026-10-03 04:49:37.404002491,PAT1001,77.8,95.9,108.9,37.0
2026-10-03 04:50:08.777698673,PAT1001,79.5,95.6,107.5,37.03
2026-10-03 04:50:34.564649274,PAT1001,74.2,96.2,98.6,37.03
2026-10-03 04:51:06.099818950,PAT1001,83.1,96.2,104.8,36.96
2026-10-03 04:51:24.763633651,PAT1001,83.8,96.4,109.9,
2026-10-03 04:51:58.188463145,PAT1001,75.2,96.3,107.9,36.97
2026-10-03 04:52:38.132447793,PAT1001,,96.3,94.1,36.93
2026-10-03 04:53:07.421305245,PAT1001,78.6,96.2,94.3,36.96
2026-10-03 04:53:31.906548722,PAT1001,80.1,95.0,100.3,36.92
2026-10-03 04:54:06.563173741,PAT1001,82.2,96.1,110.0,37.07
2026-10-03 04:54:32.586326409,PAT1001,84.9,95.8,101.0,37.02
2026-10-03 04:55:04.380841325,PAT1001,89.6,96.5,106.3,
2026-10-03 04:55:32.609256566,PAT1001,77.3,96.1,94.7,37.16
2026-10-03 04:55:55.092976988,PAT1001,76.6,95.8,,36.89
2026-10-03 04:56:22.605965733,PAT1001,81.3,96.4,105.0,37.21
2026-10-03 04:57:00.265370308,PAT1001,76.1,96.3,108.4,37.08
2026-10-03 04:57:28.283145367,PAT1001,86.5,96.5,109.3,37.12
2026-10-03 04:57:50.065699899,PAT1001,78.6,96.1,96.6,37.1
2026-10-03 04:58:12.826763924,PAT1001,79.2,95.7,103.8,37.01
2026-10-03 04:58:51.583261955,PAT1001,82.5,96.3,99.5,37.09
2026-10-03 04:59:24.784504470,PAT1001,83.4,96.1,106.4,37.0
2026-10-03 04:59:40.372314519,PAT1001,77.4,96.4,104.7,37.21
2026-10-03 05:00:21.811928231,PAT1001,82.3,96.0,105.5,36.88
2026-10-03 05:00:47.376564843,PAT1001,80.3,95.1,100.9,37.09
2026-10-03 05:01:10.044021355,PAT1001,,96.4,101.9,37.09
2026-10-03 05:01:30.303529444,PAT1001,81.4,95.9,99.6,37.09
2026-10-03 05:01:47.290608036,PAT1001,80.2,96.3,101.1,
2026-10-03 05:02:10.436742433,PAT1001,75.8,,107.1,37.24
2026-10-03 05:02:47.008203139,PAT1001,77.1,96.3,109.8,36.91
2026-10-03 05:03:17.552753601,PAT1001,86.2,96.4,105.5,
2026-10-03 05:03:38.050243022,PAT1001,87.1,96.2,104.0,37.05
2026-10-03 05:04:14.884474011,PAT1001,81.2,96.0,102.2,36.9
2026-10-03 05:04:54.742597814,PAT1001,86.6,95.8,,36.97
2026-10-03 05:05:24.470977905,PAT1001,82.1,96.2,98.0,
2026-10-03 05:05:51.542847684,PAT1001,,95.0,114.9,
2026-10-03 05:06:11.598795511,PAT1001,81.9,94.6,105.3,36.89
2026-10-03 05:06:34.452654881,PAT1001,,96.3,110.4,37.22
2026-10-03 05:07:13.408794978,PAT1001,81.6,96.2,107.2,37.03
2026-10-03 05:07:52.121642722,PAT1001,76.2,96.5,111.6,37.07
2026-10-03 05:08:07.525367594,PAT1001,81.5,96.0,107.3,37.0
2026-10-03 05:08:39.230978318,PAT1001,78.5,95.4,107.0,37.06
2026-10-03 05:09:02.536788215,PAT1001,85.1,95.6,106.8,37.05
2026-10-03 05:09:36.349405222,PAT1001,80.1,96.4,112.9,37.04
2026-10-03 05:10:07.917960593,PAT1001,76.4,96.3,106.3,37.09
2026-10-03 05:10:35.578359960,PAT1001,90.4,95.5,96.9,37.06
2026-10-03 05:11:20.114926011,PAT1001,77.0,96.3,101.4,37.02
2026-10-03 05:11:40.265913340,PAT1001,85.3,96.4,107.0,37.21
2026-10-03 05:12:10.973386589,PAT1001,82.7,96.3,107.4,37.17
2026-10-03 05:12:52.571166088,PAT1001,84.0,96.5,99.1,37.14
2026-10-03 05:13:15.557447211,PAT1001,81.2,95.4,108.2,37.09
2026-10-03 05:13:32.101311768,PAT1001,,96.2,101.0,37.03
2026-10-03 05:14:06.873698496,PAT1001,79.3,96.3,100.2,36.98
2026-10-03 05:14:30.641757915,PAT1001,81.6,96.1,107.2,37.03
2026-10-03 05:14:48.681365769,PAT1001,79.9,95.9,117.6,37.25
2026-10-03 05:15:11.663357874,PAT1001,81.5,96.1,107.1,36.95
2026-10-03 05:15:42.089168462,PAT1001,77.9,96.1,96.9,37.08
2026-10-03 05:16:06.949591096,PAT1001,81.5,,110.2,37.08
2026-10-03 05:16:32.070326217,PAT1001,87.6,96.2,105.9,37.09
2026-10-03 05:17:11.905666142,PAT1001,72.7,,104.9,37.18
2026-10-03 05:17:53.034596571,PAT1001,83.6,96.0,109.7,36.98
2026-10-03 05:18:10.127205321,PAT1001,77.2,96.3,102.1,36.88
2026-10-03 05:18:43.546083161,PAT1001,82.5,96.0,,
2026-10-03 05:19:20.317253162,PAT1001,82.4,95.9,,37.09
2026-10-03 05:19:54.217846453,PAT1001,79.0,96.5,99.8,37.11
2026-10-03 05:20:12.367524187,PAT1001,81.7,96.4,103.4,
2026-10-03 05:20:31.524303304,PAT1001,81.1,95.8,109.0,37.11
2026-10-03 05:21:04.807503473,PAT1001,81.3,94.8,100.8,
2026-10-03 05:21:30.456601095,PAT1001,77.3,96.1,103.4,37.19
2026-10-03 05:21:59.978931069,PAT1001,82.2,95.6,104.0,37.07
2026-10-03 05:22:30.086065808,PAT1001,76.0,95.8,104.3,36.97
2026-10-03 05:22:52.332551866,PAT1001,82.4,96.2,102.9,36.92
2026-10-03 05:23:08.649588354,PAT1001,75.8,96.4,98.7,
2026-10-03 05:23:34.719671403,PAT1001,81.7,95.8,103.6,
2026-10-03 05:24:01.163625444,PAT1001,84.3,95.4,98.3,37.01
2026-10-03 05:24:30.726156531,PAT1001,79.9,96.1,108.1,37.02
2026-10-03 05:24:58.346723325,PAT1001,78.5,96.2,105.9,37.24
2026-10-03 05:25:23.686526178,PAT1001,81.1,96.5,,36.98
2026-10-03 05:26:02.554046578,PAT1001,,95.8,100.5,37.02
2026-10-03 05:26:21.278853438,PAT1001,83.1,95.8,97.7,37.0
2026-10-03 05:26:37.774534831,PAT1001,78.2,96.4,,37.08
2026-10-03 05:27:11.493690911,PAT1001,83.2,95.7,99.6,36.94
2026-10-03 05:27:54.162503905,PAT1001,,95.8,104.5,37.04
2026-10-03 05:28:21.495470500,PAT1001,74.8,94.7,111.4,37.27
2026-10-03 05:28:41.590545299,PAT1001,78.4,94.9,109.2,37.04
2026-10-03 05:29:26.432996270,PAT1001,82.0,95.3,99.6,37.09
2026-10-03 05:30:07.586541252,PAT1001,80.6,96.0,107.3,36.97
2026-10-03 05:30:41.311909074,PAT1001,79.5,96.3,,37.15
2026-10-03 05:31:09.353409847,PAT1001,80.6,96.1,105.9,37.34
2026-10-03 05:31:51.921640990,PAT1001,77.8,96.5,100.9,37.02
2026-10-03 05:32:10.328406724,PAT1001,74.1,95.7,113.3,37.05
2026-10-03 05:32:54.625285123,PAT1001,86.7,96.3,103.1,37.17
2026-10-03 05:33:24.846632508,PAT1001,79.4,96.1,,37.0
2026-10-03 05:33:47.161071912,PAT1001,78.2,96.0,100.7,37.12
2026-10-03 05:34:21.239075570,PAT1001,,96.2,104.9,37.1
2026-10-03 05:34:48.407875162,PAT1001,91.6,96.4,104.5,37.08
2026-10-03 05:35:09.889993854,PAT1001,78.7,96.0,111.4,
2026-10-03 05:35:31.167298517,PAT1001,83.7,96.3,105.8,37.19
2026-10-03 05:36:12.794986292,PAT1001,81.0,96.0,115.7,37.3
2026-10-03 05:36:29.438097953,PAT1001,79.6,96.2,,37.19
2026-10-03 05:37:04.289707285,PAT1001,78.6,,109.8,36.9
2026-10-03 05:37:20.735475510,PAT1001,82.1,96.0,105.5,37.29
2026-10-03 05:38:02.964290969,PAT1001,81.4,96.4,,37.05
2026-10-03 05:38:23.746699885,PAT1001,86.6,96.3,104.5,36.88
2026-10-03 05:38:40.265190546,PAT1001,80.7,96.3,100.9,37.35
2026-10-03 05:39:06.065772309,PAT1001,84.2,96.4,103.2,37.31
2026-10-03 05:39:37.089601960,PAT1001,85.0,96.3,106.4,37.33
2026-10-03 05:40:10.450443692,PAT1001,77.8,96.1,106.3,37.11
2026-10-03 05:40:43.805586488,PAT1001,,96.1,105.3,37.32
2026-10-03 05:41:28.060064562,PAT1001,82.3,95.7,105.2,37.24
2026-10-03 05:42:03.256732396,PAT1001,85.7,,102.8,37.25
2026-10-03 05:42:39.248207844,PAT1001,78.8,95.4,117.3,36.99
2026-10-03 05:43:05.532682703,PAT1001,78.0,95.4,103.5,37.08
2026-10-03 05:43:40.813686340,PAT1001,81.4,96.3,104.0,37.05
2026-10-03 05:44:15.399777611,PAT1001,,96.4,97.1,
2026-10-03 05:44:45.696528824,PAT1001,85.6,96.4,108.3,37.24
2026-10-03 05:45:26.081409546,PAT1001,78.5,96.4,109.1,37.15
2026-10-03 05:46:02.767748373,PAT1001,,,103.9,37.28
2026-10-03 05:46:26.070580474,PAT1001,82.1,96.1,111.0,37.29
2026-10-03 05:46:49.764394968,PAT1001,81.5,94.6,102.0,37.27
2026-10-03 05:47:30.337712528,PAT1001,77.4,96.4,105.0,37.34
2026-10-03 05:47:56.968974427,PAT1001,82.4,,120.8,36.98
2026-10-03 05:48:26.295098470,PAT1001,87.7,95.5,114.7,36.92
2026-10-03 05:49:08.841043804,PAT1001,83.3,96.2,107.8,37.19
2026-10-03 05:49:50.436426459,PAT1001,73.4,96.3,105.8,37.2
2026-10-03 05:50:19.852237145,PAT1001,82.8,95.1,105.3,37.18
2026-10-03 05:51:04.062335597,PAT1001,78.5,96.2,103.8,37.33
2026-10-03 05:51:40.515227238,PAT1001,83.3,95.7,115.2,36.93
2026-10-03 05:52:01.880269468,PAT1001,85.1,95.9,102.1,
2026-10-03 05:52:24.023847831,PAT1001,,95.6,105.3,37.14
2026-10-03 05:52:53.550855468,PAT1001,76.4,96.4,105.5,37.24
2026-10-03 05:53:24.630674749,PAT1001,,96.3,105.1,36.87
2026-10-03 05:53:45.944052680,PAT1001,79.0,,,37.42
2026-10-03 05:54:18.566637127,PAT1001,85.0,96.2,117.0,37.12
2026-10-03 05:54:56.426022700,PAT1001,80.0,95.4,,37.1
2026-10-03 05:55:38.514382952,PAT1001,83.0,,104.1,
2026-10-03 05:55:58.845775475,PAT1001,,95.9,109.6,37.1
2026-10-03 05:56:14.968930336,PAT1001,79.2,96.1,106.0,37.26
2026-10-03 05:56:56.826016273,PAT1001,82.9,95.9,103.8,37.17
2026-10-03 05:57:41.202491486,PAT1001,79.0,96.5,,37.17
2026-10-03 05:58:02.620105410,PAT1001,84.2,95.8,103.2,37.24
2026-10-03 05:58:34.210815292,PAT1001,85.2,,104.1,37.27
2026-10-03 05:59:03.286273829,PAT1001,84.1,95.2,,37.18
2026-10-03 05:59:33.287382661,PAT1001,,95.1,111.2,37.23
2026-10-03 06:00:01.037641512,PAT1001,,97.7,110.3,36.98
2026-10-03 06:00:26.454290997,PAT1001,83.8,97.8,104.1,37.34
2026-10-03 06:00:58.440224651,PAT1001,,97.5,112.4,37.19
2026-10-03 06:01:15.277228509,PAT1001,84.0,97.9,101.7,37.05
2026-10-03 06:01:30.696121567,PAT1001,86.4,96.7,108.9,37.05
2026-10-03 06:01:52.091274056,PAT1001,80.1,,98.0,37.32
2026-10-03 06:02:20.646032555,PAT1001,84.1,97.9,109.3,
2026-10-03 06:02:59.322884429,PAT1001,85.0,97.5,,37.17
2026-10-03 06:03:25.939302537,PAT1001,84.7,97.8,102.2,37.15
2026-10-03 06:04:05.429013602,PAT1001,86.7,97.7,,37.17
2026-10-03 06:04:20.971552418,PAT1001,83.8,97.6,106.9,37.37
2026-10-03 06:04:52.157420997,PAT1001,88.5,96.8,,37.08
2026-10-03 06:05:29.397179258,PAT1001,76.8,,110.5,37.18
2026-10-03 06:06:12.950190999,PAT1001,,97.9,111.0,
2026-10-03 06:06:42.140032256,PAT1001,85.1,97.2,116.8,37.25
2026-10-03 06:07:21.004505813,PAT1001,,97.4,116.7,37.2
2026-10-03 06:07:54.795743711,PAT1001,78.6,97.8,97.8,37.3
2026-10-03 06:08:29.816156117,PAT1001,84.7,97.9,100.2,37.32
2026-10-03 06:09:13.032948198,PAT1001,81.2,97.6,104.8,37.15
2026-10-03 06:09:31.397887496,PAT1001,84.6,97.8,107.0,37.11
2026-10-03 06:09:52.997238226,PAT1001,86.7,96.9,104.3,37.29
2026-10-03 06:10:16.641504172,PAT1001,85.9,97.0,112.4,37.35
2026-10-03 06:10:55.482455237,PAT1001,80.7,97.9,103.4,37.4
2026-10-03 06:11:33.714828066,PAT1001,80.3,97.9,113.4,37.1
2026-10-03 06:11:51.802634141,PAT1001,93.0,97.8,104.1,37.15
2026-10-03 06:12:14.185718689,PAT1001,81.1,97.9,104.0,37.37
2026-10-03 06:12:46.636798302,PAT1001,85.6,97.7,116.2,37.23
2026-10-03 06:13:02.821130136,PAT1001,84.5,97.7,98.3,37.23
2026-10-03 06:13:43.698022638,PAT1001,83.6,97.8,98.0,37.21
2026-10-03 06:14:25.186417383,PAT1001,87.8,97.9,106.9,37.04
2026-10-03 06:15:02.447196928,PAT1001,82.8,97.8,103.3,
2026-10-03 06:15:17.625722565,PAT1001,80.0,97.5,113.1,
2026-10-03 06:16:01.759339955,PAT1001,84.1,97.6,108.1,37.31
2026-10-03 06:16:41.319283761,PAT1001,81.4,97.7,99.6,37.28
2026-10-03 06:17:08.798589826,PAT1001,79.3,98.0,103.3,37.18
2026-10-03 06:17:34.670697883,PAT1001,88.4,97.9,113.1,37.27
2026-10-03 06:17:49.932861748,PAT1001,85.3,97.5,,37.34
2026-10-03 06:18:24.629839131,PAT1001,85.4,96.9,105.2,37.19
2026-10-03 06:19:09.415760195,PAT1001,89.6,97.9,104.9,37.31
2026-10-03 06:19:54.206649914,PAT1001,84.8,97.9,108.1,37.13
2026-10-03 06:20:16.928156337,PAT1001,88.3,97.5,115.6,37.32
2026-10-03 06:20:46.109764395,PAT1001,85.6,97.3,105.6,37.17
2026-10-03 06:21:20.117776670,PAT1001,,95.8,111.8,37.2
2026-10-03 06:21:35.537434946,PAT1001,86.9,96.2,107.4,37.19
2026-10-03 06:21:58.468971734,PAT1001,,97.6,104.6,37.23
2026-10-03 06:22:42.661672706,PAT1001,85.6,97.5,113.6,37.17
2026-10-03 06:23:14.885804815,PAT1001,,97.6,110.2,37.28
2026-10-03 06:23:50.630826155,PAT1001,81.2,96.4,108.2,37.34
2026-10-03 06:24:24.447320405,PAT1001,87.4,97.4,99.7,37.35
2026-10-03 06:24:48.816333633,PAT1001,88.6,97.6,102.1,37.22
2026-10-03 06:25:28.244781577,PAT1001,75.9,97.8,107.7,37.12
2026-10-03 06:26:06.735447739,PAT1001,86.0,97.0,,37.07
2026-10-03 06:26:42.406099786,PAT1001,82.4,97.1,,37.22
2026-10-03 06:27:16.072957774,PAT1001,82.3,97.1,107.7,37.27
2026-10-03 06:27:45.563639329,PAT1001,79.6,98.0,112.0,37.15
2026-10-03 06:28:18.123087705,PAT1001,83.6,97.4,105.1,37.13
2026-10-03 06:28:40.801286062,PAT1001,79.9,97.9,104.4,37.26
2026-10-03 06:29:21.464434861,PAT1001,79.9,97.5,102.6,37.07
2026-10-03 06:29:55.093097888,PAT1001,88.7,96.3,102.3,
2026-10-03 06:30:19.188581108,PAT1001,76.2,97.3,101.3,37.05
2026-10-03 06:30:37.354551772,PAT1001,85.3,,111.7,37.18
2026-10-03 06:31:20.550024572,PAT1001,90.3,,116.3,37.32
2026-10-03 06:31:49.831358570,PAT1001,85.0,98.0,111.6,37.19
2026-10-03 06:32:17.054408269,PAT1001,84.1,97.8,104.3,37.46
2026-10-03 06:32:33.863735263,PAT1001,84.7,96.5,105.5,37.32
2026-10-03 06:32:52.577261143,PAT1001,89.4,97.1,114.1,
2026-10-03 06:33:13.062506659,PAT1001,86.0,97.0,102.2,37.26
2026-10-03 06:33:35.828823655,PAT1001,80.4,97.9,100.0,37.27
2026-10-03 06:34:02.047224268,PAT1001,84.5,97.8,104.2,37.22
2026-10-03 06:34:33.719401999,PAT1001,86.1,,115.9,37.29
2026-10-03 06:35:00.213534366,PAT1001,,97.8,114.6,37.17
2026-10-03 06:35:35.673013542,PAT1001,81.9,97.8,,37.22
2026-10-03 06:36:05.607825703,PAT1001,,,100.2,37.09
2026-10-03 06:36:25.162849068,PAT1001,84.6,97.2,102.0,
2026-10-03 06:37:10.029606287,PAT1001,,,112.0,37.28
2026-10-03 06:37:37.405355609,PAT1001,90.0,97.9,106.5,37.14
2026-10-03 06:38:04.728097365,PAT1001,83.3,97.9,98.1,37.3
2026-10-03 06:38:22.709892789,PAT1001,84.7,97.6,113.1,37.22
2026-10-03 06:38:54.333265619,PAT1001,85.9,,104.1,37.25
2026-10-03 06:39:27.065622518,PAT1001,82.0,,112.1,37.32
2026-10-03 06:39:45.652080725,PAT1001,89.7,97.7,108.1,37.27
2026-10-03 06:40:02.306456658,PAT1001,84.6,97.9,105.4,37.18
2026-10-03 06:40:22.945374585,PAT1001,82.7,98.0,104.5,37.32
2026-10-03 06:40:55.410224991,PAT1001,87.9,97.3,106.6,
2026-10-03 06:41:13.549926686,PAT1001,,97.7,,37.01
2026-10-03 06:41:33.754707886,PAT1001,90.3,97.9,114.8,37.31
2026-10-03 06:42:10.011693497,PAT1001,89.9,97.8,111.8,37.29
2026-10-03 06:42:40.420643968,PAT1001,83.6,97.5,107.5,37.15
2026-10-03 06:43:20.893001220,PAT1001,90.2,97.8,113.9,37.08
2026-10-03 06:43:37.906992574,PAT1001,80.7,97.4,118.1,37.14
2026-10-03 06:44:08.948805031,PAT1001,82.7,97.8,106.0,37.2
2026-10-03 06:44:50.419189120,PAT1001,85.7,97.0,104.8,37.41
2026-10-03 06:45:34.740925637,PAT1001,84.9,97.6,118.8,37.34
2026-10-03 06:46:11.748817817,PAT1001,86.4,97.1,114.8,37.34
2026-10-03 06:46:33.037848568,PAT1001,85.7,98.0,113.4,37.33
2026-10-03 06:46:56.422128111,PAT1001,80.6,95.8,107.2,37.29
2026-10-03 06:47:35.628814561,PAT1001,80.3,97.2,112.8,37.41
2026-10-03 06:48:16.314067731,PAT1001,88.4,97.4,113.0,37.32
2026-10-03 06:48:34.381535111,PAT1001,78.7,95.9,109.0,37.45
2026-10-03 06:48:52.447804564,PAT1001,89.0,97.9,110.3,37.41
2026-10-03 06:49:07.631577990,PAT1001,83.4,,105.2,37.28
2026-10-03 06:49:26.032443228,PAT1001,75.6,95.8,104.1,37.34
2026-10-03 06:49:50.280673657,PAT1001,82.4,97.2,103.2,37.34
2026-10-03 06:50:29.846881142,PAT1001,87.9,97.8,112.7,37.28
2026-10-03 06:50:52.965447622,PAT1001,77.9,97.9,111.5,37.42
2026-10-03 06:51:25.218673165,PAT1001,,97.7,107.9,37.39
2026-10-03 06:51:57.860689349,PAT1001,87.0,97.6,103.8,37.42
2026-10-03 06:52:22.768067898,PAT1001,85.4,97.9,108.7,37.15
2026-10-03 06:52:47.309697432,PAT1001,86.0,97.4,101.7,37.2
2026-10-03 06:53:19.938349117,PAT1001,82.0,96.7,117.9,37.44
2026-10-03 06:53:45.426348431,PAT1001,84.2,97.3,105.5,37.19
2026-10-03 06:54:18.736982124,PAT1001,85.2,97.9,107.9,37.26
2026-10-03 06:54:59.994868387,PAT1001,80.9,97.5,,37.45
2026-10-03 06:55:37.973599981,PAT1001,83.0,97.1,108.5,37.33
2026-10-03 06:56:17.458959160,PAT1001,79.3,98.0,112.0,37.37
2026-10-03 06:56:35.091420919,PAT1001,79.9,97.9,111.1,37.29
2026-10-03 06:56:59.103827675,PAT1001,85.8,97.7,107.9,37.49
2026-10-03 06:57:43.653111430,PAT1001,88.9,97.4,116.3,37.47
2026-10-03 06:58:01.617630683,PAT1001,79.5,,120.0,37.44
2026-10-03 06:58:32.286912568,PAT1001,85.3,97.1,106.3,37.2
2026-10-03 06:58:48.355098544,PAT1001,82.4,,105.7,37.5
2026-10-03 06:59:04.238311996,PAT1001,84.6,97.0,117.5,37.32
2026-10-03 06:59:33.275126156,PAT1001,84.2,95.6,112.4,37.22
2026-10-03 07:00:15.350493087,PAT1001,87.2,96.9,105.8,37.47
2026-10-03 07:00:38.235343334,PAT1001,83.0,98.0,103.6,37.38
2026-10-03 07:01:03.958212251,PAT1001,89.6,97.4,110.5,37.44
2026-10-03 07:01:22.713545894,PAT1001,83.4,97.1,115.2,37.41
2026-10-03 07:01:39.662008198,PAT1001,86.6,97.3,106.2,37.44
2026-10-03 07:02:08.165908148,PAT1001,86.4,97.0,102.1,
2026-10-03 07:02:45.211595546,PAT1001,85.2,97.9,109.6,37.34
2026-10-03 07:03:30.032055100,PAT1001,83.5,96.8,111.4,37.33
2026-10-03 07:04:09.161550593,PAT1001,84.8,,110.1,37.2
2026-10-03 07:04:54.076221322,PAT1001,85.1,97.9,108.2,37.52
2026-10-03 07:05:31.757349625,PAT1001,88.1,97.2,108.1,
2026-10-03 07:06:06.033750733,PAT1001,87.4,97.4,111.1,37.43
2026-10-03 07:06:43.545692054,PAT1001,83.9,97.6,103.9,37.23
2026-10-03 07:07:20.053849566,PAT1001,82.3,97.8,112.6,37.27
2026-10-03 07:07:58.399353562,PAT1001,85.9,97.9,112.2,37.47
2026-10-03 07:08:39.834533938,PAT1001,,96.6,123.1,37.33
2026-10-03 07:09:05.045119017,PAT1001,85.7,97.7,109.0,37.39
2026-10-03 07:09:42.641459278,PAT1001,84.1,,108.0,37.33
2026-10-03 07:09:59.391174791,PAT1001,79.2,96.2,113.9,37.39
2026-10-03 07:10:18.846806953,PAT1001,81.9,96.6,111.9,37.4
2026-10-03 07:10:44.552183891,PAT1001,88.4,96.4,,37.44
2026-10-03 07:11:24.704103397,PAT1001,84.9,97.6,105.1,37.4
2026-10-03 07:11:53.673894355,PAT1001,86.8,97.8,116.1,37.27
2026-10-03 07:12:28.856784329,PAT1001,90.0,97.8,112.8,
2026-10-03 07:13:02.640637923,PAT1001,,97.8,102.3,37.47
2026-10-03 07:13:36.502052911,PAT1001,,97.5,116.2,
2026-10-03 07:14:01.273551686,PAT1001,84.3,96.3,109.5,37.45
2026-10-03 07:14:39.782838262,PAT1001,84.5,96.0,115.3,
2026-10-03 07:15:06.980409796,PAT1001,86.4,97.5,104.0,37.36
2026-10-03 07:15:23.722644241,PAT1001,86.4,96.7,116.4,37.32
2026-10-03 07:15:54.223782901,PAT1001,86.0,98.0,,37.41
2026-10-03 07:16:15.098859999,PAT1001,87.4,96.5,116.7,
2026-10-03 07:16:42.715363337,PAT1001,79.4,97.8,109.9,
2026-10-03 07:17:14.031085086,PAT1001,85.2,97.0,111.5,37.42
2026-10-03 07:17:39.193140640,PAT1001,81.2,94.4,121.2,37.44
2026-10-03 07:18:14.048941680,PAT1001,86.8,97.6,108.8,37.49
2026-10-03 07:18:56.923743177,PAT1001,84.2,97.5,109.2,37.4
2026-10-03 07:19:17.253697581,PAT1001,87.1,97.2,119.3,37.53
2026-10-03 07:19:48.894400056,PAT1001,86.4,97.4,114.2,37.62
2026-10-03 07:20:10.368661712,PAT1001,82.6,97.5,103.0,37.26
2026-10-03 07:20:41.618269070,PAT1001,86.8,97.8,115.6,37.38
2026-10-03 07:21:05.364710908,PAT1001,,97.2,114.7,
2026-10-03 07:21:31.644194150,PAT1001,82.6,98.0,112.7,37.3
2026-10-03 07:22:09.827429562,PAT1001,90.5,97.7,115.4,37.25
2026-10-03 07:22:31.202969211,PAT1001,82.4,97.7,110.7,37.45
2026-10-03 07:22:48.981288925,PAT1001,86.8,96.9,101.6,
2026-10-03 07:23:23.488233601,PAT1001,79.0,97.9,106.0,37.3
2026-10-03 07:23:42.087988331,PAT1001,87.8,97.2,114.8,37.68
2026-10-03 07:24:01.563300747,PAT1001,89.3,95.2,109.5,37.36
2026-10-03 07:24:29.231499805,PAT1001,95.2,97.9,112.4,37.32
2026-10-03 07:25:04.494802785,PAT1001,91.1,97.4,97.6,
2026-10-03 07:25:43.255667071,PAT1001,80.0,97.7,113.9,37.5
2026-10-03 07:26:03.403790604,PAT1001,88.2,97.5,116.2,37.61
2026-10-03 07:26:46.835495711,PAT1001,87.9,97.8,108.7,37.52
2026-10-03 07:27:27.626375175,PAT1001,87.0,97.4,108.3,37.53
2026-10-03 07:28:10.047600941,PAT1001,80.5,97.8,113.1,37.47
2026-10-03 07:28:45.723893368,PAT1001,85.0,97.4,,37.4
2026-10-03 07:29:15.109629960,PAT1001,83.3,97.8,114.8,37.45
2026-10-03 07:29:48.539842911,PAT1001,87.0,,114.4,37.33
2026-10-03 07:30:26.696465769,PAT1001,86.0,96.3,121.1,37.46
2026-10-03 07:31:07.669593469,PAT1001,87.3,97.4,,37.38
2026-10-03 07:31:44.418201756,PAT1001,,,116.8,37.6
2026-10-03 07:32:13.167131372,PAT1001,90.7,97.8,114.8,37.51
2026-10-03 07:32:52.563471743,PAT1001,86.8,96.9,119.4,
2026-10-03 07:33:15.056356621,PAT1001,80.7,98.0,109.9,37.42
2026-10-03 07:33:37.771825685,PAT1001,91.7,97.8,108.3,37.51
2026-10-03 07:34:02.730505355,PAT1001,88.8,97.7,111.6,37.31
2026-10-03 07:34:46.291070077,PAT1001,90.4,96.7,110.6,37.29
2026-10-03 07:35:30.239737069,PAT1001,86.7,97.2,105.7,
2026-10-03 07:36:05.976333940,PAT1001,,97.3,107.3,37.47
2026-10-03 07:36:42.541201767,PAT1001,82.8,97.8,109.5,37.65
2026-10-03 07:37:16.885183966,PAT1001,89.2,97.9,110.7,37.41
2026-10-03 07:37:35.385799288,PAT1001,86.4,97.8,114.0,37.3
2026-10-03 07:38:02.483145626,PAT1001,78.3,97.7,113.8,37.38
2026-10-03 07:38:19.936798504,PAT1001,89.2,97.5,115.1,37.51
2026-10-03 07:38:43.351442257,PAT1001,81.0,97.9,103.7,37.48
2026-10-03 07:39:24.734384329,PAT1001,84.9,97.4,102.3,37.52
2026-10-03 07:39:43.071877032,PAT1001,82.5,97.5,115.0,37.52
2026-10-03 07:40:15.983033351,PAT1001,86.6,96.1,115.4,37.52
2026-10-03 07:40:36.495605351,PAT1001,90.5,97.3,113.3,37.44
2026-10-03 07:41:00.030503687,PAT1001,91.6,97.8,113.0,37.62
2026-10-03 07:41:42.042892888,PAT1001,87.2,97.9,,37.63
2026-10-03 07:42:13.703246242,PAT1001,83.3,97.4,111.7,37.52
2026-10-03 07:42:46.955409218,PAT1001,86.5,95.0,102.0,37.58
2026-10-03 07:43:06.951988533,PAT1001,92.3,97.7,106.3,
2026-10-03 07:43:44.126614271,PAT1001,84.9,97.3,112.7,37.5
2026-10-03 07:43:59.984533503,PAT1001,85.7,97.6,121.2,37.49
2026-10-03 07:44:44.151073187,PAT1001,83.4,97.7,109.0,37.41
2026-10-03 07:45:15.501432803,PAT1001,92.4,97.2,111.6,37.64
2026-10-03 07:45:45.776324531,PAT1001,89.6,97.2,,
2026-10-03 07:46:17.418212728,PAT1001,88.0,98.0,115.1,37.42
2026-10-03 07:46:47.825877506,PAT1001,79.6,97.7,110.6,
2026-10-03 07:47:14.376277170,PAT1001,93.0,97.8,111.0,37.56
2026-10-03 07:47:38.918209605,PAT1001,82.0,,116.1,37.36
2026-10-03 07:48:13.336054133,PAT1001,82.9,97.8,114.8,37.47
2026-10-03 07:48:41.784001329,PAT1001,82.8,,111.0,37.42
2026-10-03 07:48:56.883728897,PAT1001,88.3,97.2,102.9,37.51
2026-10-03 07:49:26.254858494,PAT1001,84.2,97.6,107.0,37.67
2026-10-03 07:49:59.884058730,PAT1001,91.6,97.8,108.3,37.78
2026-10-03 07:50:21.501954892,PAT1001,88.5,97.4,116.9,37.5
2026-10-03 07:51:05.068394548,PAT1001,88.1,97.0,113.1,37.43
2026-10-03 07:51:23.096697982,PAT1001,90.2,97.8,,
2026-10-03 07:51:58.701344210,PAT1001,85.1,97.3,115.1,37.73
2026-10-03 07:52:33.318052989,PAT1001,88.0,97.6,,37.36
2026-10-03 07:53:05.742657129,PAT1001,87.3,97.0,114.7,37.48
2026-10-03 07:53:48.793843937,PAT1001,87.8,97.8,117.8,37.45
2026-10-03 07:54:26.495468599,PAT1001,95.9,96.9,111.6,37.61
2026-10-03 07:55:09.068365645,PAT1001,78.4,97.7,114.6,37.5
2026-10-03 07:55:52.325862244,PAT1001,89.6,97.7,111.8,37.34
2026-10-03 07:56:27.211874629,PAT1001,91.0,97.1,112.9,37.61
2026-10-03 07:57:11.172505783,PAT1001,88.2,97.7,,37.54
2026-10-03 07:57:33.024780995,PAT1001,87.1,97.9,112.5,37.63
2026-10-03 07:57:50.041975547,PAT1001,87.3,98.0,115.8,37.53
2026-10-03 07:58:30.616309349,PAT1001,89.0,96.9,,37.61
2026-10-03 07:58:53.552429639,PAT1001,89.6,96.1,,37.51
2026-10-03 07:59:23.813408043,PAT1001,84.6,97.8,105.8,37.49
2026-10-03 07:59:47.464197746,PAT1001,87.0,97.9,120.3,37.53
